"relative_path","bytes","sha256"
".github\workflows\foundation-ci.yml","812","4509ffd22a4f9feea3cc028f3740c12026d0c9655b53447742237d114c7699e9"
".intake\migration\00_READ_ME_FIRST-original.md","1684","8f1ec779753db4f8b991db7d375d3fb74a0b183cc0b140f6085ab0683060af5a"
".intake\migration\venv-before-relocation.zip","80901593","1d31feec98440a725b2d4424cb9f0b2d1e2898dae164f7dcd0f1f6b67d80cb2a"
".intake\migration\venv-before-relocation\Lib\site-packages\numpy-2.5.3.dist-info\entry_points.txt","220","ec26fade0c8bdac211a6c1dd003a65eb16885b925395423e93fcaa115af4052c"
".intake\migration\venv-before-relocation\Lib\site-packages\numpy-2.5.3.dist-info\licenses\LICENSE.txt","45831","a804dff0ead9fadc5293456410bcbfc32bf024be9c4513459663fb7b442d2341"
".intake\migration\venv-before-relocation\Lib\site-packages\numpy-2.5.3.dist-info\licenses\numpy\_core\include\numpy\libdivide\LICENSE.txt","1039","d544761558b510866c21f7e8a2d5716fca76e0b98117e3b6b86314db7244d150"
".intake\migration\venv-before-relocation\Lib\site-packages\numpy-2.5.3.dist-info\licenses\numpy\_core\src\multiarray\dragon4_LICENSE.txt","1441","b0fd592d4ead563148e3977e7b589169d46a5ef2ff133c755a81af880a3fc919"
".intake\migration\venv-before-relocation\Lib\site-packages\numpy-2.5.3.dist-info\licenses\numpy\_core\src\npysort\x86-simd-sort\LICENSE.md","1542","a732977853530066790c42817087f4829b518dd98d340c916acbfd227e39d3cb"
".intake\migration\venv-before-relocation\Lib\site-packages\numpy-2.5.3.dist-info\licenses\numpy\fft\pocketfft\LICENSE.md","1523","8db000e158c162e7249787852d8c69764706502ccee725c06641b31c1e95c8af"
".intake\migration\venv-before-relocation\Lib\site-packages\numpy-2.5.3.dist-info\licenses\numpy\linalg\lapack_lite\LICENSE.txt","2314","19060ef465e1797d682ee0fc3081bd25ab1395e995e43d25c9d13c95d9a3cd6b"
".intake\migration\venv-before-relocation\Lib\site-packages\numpy-2.5.3.dist-info\licenses\numpy\random\LICENSE.md","3582","b4bc2f4fa1c95778f1ed3dd8f14706bece399475b978f9f34b5d3cd72521b48a"
".intake\migration\venv-before-relocation\Lib\site-packages\numpy-2.5.3.dist-info\licenses\numpy\random\src\distributions\LICENSE.md","2805","cf5619f25b112d5ce7c896efffc8e610bcb345dfadcc19f2c1460aa48fff2c9e"
".intake\migration\venv-before-relocation\Lib\site-packages\numpy-2.5.3.dist-info\licenses\numpy\random\src\mt19937\LICENSE.md","2986","92c10699884321f1c2947fe2a70ab23b0fbf1507f756d89dd08f38c61fc3d4fa"
".intake\migration\venv-before-relocation\Lib\site-packages\numpy-2.5.3.dist-info\licenses\numpy\random\src\pcg64\LICENSE.md","1176","41190663b77bee5302386495a07b7eabfbfa571aa0ae2f11da6764162062fc4f"
".intake\migration\venv-before-relocation\Lib\site-packages\numpy-2.5.3.dist-info\licenses\numpy\random\src\philox\LICENSE.md","1540","322ac46d870c8aeead6c53adcccc839296fb3c8e456eae155081297daf7f8013"
".intake\migration\venv-before-relocation\Lib\site-packages\numpy-2.5.3.dist-info\licenses\numpy\random\src\sfc64\LICENSE.md","1253","28cad82ce1379dc529df30da78ec012d7d0d1d576b03ddcb93388aee53659f59"
".intake\migration\venv-before-relocation\Lib\site-packages\numpy-2.5.3.dist-info\licenses\numpy\random\src\splitmix64\LICENSE.md","340","454ec7350e478e037061850b67395753b425b1cb0a34bbc26290b020bf89d763"
".intake\migration\venv-before-relocation\Lib\site-packages\numpy\__config__.py","5638","54309fe4a6792ef381020e258d4bf370b08f833af7463c99bd5d24de68786730"
".intake\migration\venv-before-relocation\Lib\site-packages\numpy\__init__.py","26470","a6958cb364663b7acce81ccfd58eeb65a2b34d5376157f924777b97211a73be4"
".intake\migration\venv-before-relocation\Lib\site-packages\numpy\_array_api_info.py","10864","feb8737051eb453b8364621d24b640fa635fd504e405654e998659651754c0f5"
".intake\migration\venv-before-relocation\Lib\site-packages\numpy\_configtool.py","1046","aaa6b2fe83f46ea92bc94e798c5044e91ce028992ab89d1b06f698b7d0fe19bb"
".intake\migration\venv-before-relocation\Lib\site-packages\numpy\_core\__init__.py","6865","73c57a7f3a54e33399ddb9b142eb27ed3aae2bf4be2f4c159396788e16b620e5"
".intake\migration\venv-before-relocation\Lib\site-packages\numpy\_core\_add_newdocs_scalars.py","13314","562316500225b142a8b1dd661292e8f74edc65e692ed583f19eaf30832005144"
".intake\migration\venv-before-relocation\Lib\site-packages\numpy\_core\_add_newdocs.py","222296","02b9fc008a77b0148bca7790944edb6499575f66eb0327385dbd9fca1f76072d"
".intake\migration\venv-before-relocation\Lib\site-packages\numpy\_core\_asarray.py","4024","314d672bbea64388036425996dd57ece692666984054090dc2085b9384e0aa54"
".intake\migration\venv-before-relocation\Lib\site-packages\numpy\_core\_dtype_ctypes.py","3846","7bc1207daa97889f3e5188bc14ce6c9bd5bc7a1aaf706feb4e90d139a2b04ca8"
".intake\migration\venv-before-relocation\Lib\site-packages\numpy\_core\_dtype.py","10880","07e3d5e42bbcbb84117243c82355ef70246f3dd1923849c5dbd0277965b21e22"
".intake\migration\venv-before-relocation\Lib\site-packages\numpy\_core\_exceptions.py","5321","ba6c5687d4cb8435f2f4b996efbc2420731e80593f2857c10799ddc6c25de45e"
".intake\migration\venv-before-relocation\Lib\site-packages\numpy\_core\_internal.py","30365","2f27033e087b4afbc3312a294f4b2ee11c935113d66f962c58c5a59629bfb795"
".intake\migration\venv-before-relocation\Lib\site-packages\numpy\_core\_methods.py","9645","5dd70c059e7359916950988bfa29b6482b6cbf2627fcd0e2ad25880a4cedd9fc"
".intake\migration\venv-before-relocation\Lib\site-packages\numpy\_core\_string_helpers.py","2945","697d4de54b0d794172e78a39b6e4c2e97e8df4026e785376ffa408c88503d978"
".intake\migration\venv-before-relocation\Lib\site-packages\numpy\_core\_type_aliases.py","3927","d69c1598322e00cee8a07a13e65ec35ec1aeb157f781b49c18bed983e9eb055b"
".intake\migration\venv-before-relocation\Lib\site-packages\numpy\_core\_ufunc_config.py","16126","c5e272dcaeca3d5e4fa496e45bd9dc598fd49e72c794cf4ceab5f80bd78db369"
".intake\migration\venv-before-relocation\Lib\site-packages\numpy\_core\arrayprint.py","67483","d6a74d6044359653eae24f3f30731d2419705723eeba52cd24ab304e468ca373"
".intake\migration\venv-before-relocation\Lib\site-packages\numpy\_core\cversions.py","360","1484afd5de11f75ec18b9c498ca2b2f0ba3a025164574d16bd2a01ee5dda700e"
".intake\migration\venv-before-relocation\Lib\site-packages\numpy\_core\defchararray.py","39670","7c6722fb56a00ca1e2141e203e753174ecec4216936a0937266d6a05444addf2"
".intake\migration\venv-before-relocation\Lib\site-packages\numpy\_core\einsumfunc.py","59481","16e0c6ac0634ed3d9811428a476a82cbe88ffb454ac37413773f0624cec57563"
".intake\migration\venv-before-relocation\Lib\site-packages\numpy\_core\fromnumeric.py","148231","52c70bd82e3f6783f8bbcf8e99daf987bf7416cab99b1ef1655bb44b66646b03"
".intake\migration\venv-before-relocation\Lib\site-packages\numpy\_core\function_base.py","20236","826eb1f0e08ce2e93de7274232ccf8bff4fea02ccad763e3d3353f0110d7cd89"
".intake\migration\venv-before-relocation\Lib\site-packages\numpy\_core\getlimits.py","15063","c01955f10cd38e898ab9ce33884f65d3cb85a8d1ffe3d6102b34d3ae558aa3a1"
".intake\migration\venv-before-relocation\Lib\site-packages\numpy\_core\include\numpy\__multiarray_api.c","13586","322039aad2702307f8b154473dd0c54ccfc2e6baecc065b239aa204ed5ae932e"
".intake\migration\venv-before-relocation\Lib\site-packages\numpy\_core\include\numpy\__multiarray_api.h","66358","e11b2975bcfc5962d65d1e6efad1ea103ed44eddb3bc485f1d06eefa711919a1"
".intake\migration\venv-before-relocation\Lib\site-packages\numpy\_core\include\numpy\__ufunc_api.c","1902","b86d52553cf7f85533bb3531c41caca938121560389c6f50812195198a143ba7"
".intake\migration\venv-before-relocation\Lib\site-packages\numpy\_core\include\numpy\__ufunc_api.h","14042","c756b3a018aa809dc6a63210d5d3e6af31027f6a0cad5a3b9db8577dab3b5bb6"
".intake\migration\venv-before-relocation\Lib\site-packages\numpy\_core\include\numpy\_neighborhood_iterator_imp.h","2547","bb7e54cd7093157d271919b5cc404c7f27c816737876007d643f3c8b728e6c45"
".intake\migration\venv-before-relocation\Lib\site-packages\numpy\_core\include\numpy\_numpyconfig.h","902","ef2f5993c897a00ab15c2d3c96f8c1dbf47f2b3399158980d6d2ff845456f090"
".intake\migration\venv-before-relocation\Lib\site-packages\numpy\_core\include\numpy\_public_dtype_api_table.h","4660","e32946f2ce76919131fff40e0edffb0e8f108ad9a10d2bd3799ecb6abd1f3a0a"
".intake\migration\venv-before-relocation\Lib\site-packages\numpy\_core\include\numpy\arrayobject.h","211","8215b39683d491269591cb009c19e96ebc6d5de5cbfa69335462501071718e79"
".intake\migration\venv-before-relocation\Lib\site-packages\numpy\_core\include\numpy\arrayscalars.h","5917","819902492c0ea919b5d59fdc530bd7c07092ca78a72639b895191ef1480385fa"
".intake\migration\venv-before-relocation\Lib\site-packages\numpy\_core\include\numpy\dtype_api.h","22546","9155d0159a6624f3d30f0c25e29f7cbd59618108fe9352e885b1069ff3d6b449"
".intake\migration\venv-before-relocation\Lib\site-packages\numpy\_core\include\numpy\halffloat.h","2029","a98817e6241f3735c80ac9ddd0c091ab910b8617c58e54469b5c571a29909b8e"
".intake\migration\venv-before-relocation\Lib\site-packages\numpy\_core\include\numpy\ndarrayobject.h","11874","fdac61e85bd08bb9d01faccdb1379feedd88c8712119ccacfbf453e40f6535d2"
".intake\migration\venv-before-relocation\Lib\site-packages\numpy\_core\include\numpy\ndarraytypes.h","72661","0fb99dac327eca1278c7b5112239a730c0535518a0c9adf7e7b86af1d4fe83c9"
".intake\migration\venv-before-relocation\Lib\site-packages\numpy\_core\include\numpy\npy_2_compat.h","15549","b3f19666fcf1485d26bfe07e3021a86cdbec2c42996be61a2b4aedee5417ace7"
".intake\migration\venv-before-relocation\Lib\site-packages\numpy\_core\include\numpy\npy_2_complexcompat.h","885","b96d2217ea8cc10367e0fbc87d60ab61c7ba6f83ab6143b8056bbe55860065a8"
".intake\migration\venv-before-relocation\Lib\site-packages\numpy\_core\include\numpy\npy_3kcompat.h","10309","0886269bf0be4ce84782f79a3fac58fe147c704ec34ad8dde1f3d245a5a26afe"
".intake\migration\venv-before-relocation\Lib\site-packages\numpy\_core\include\numpy\npy_common.h","33943","89ad3271a1f0d0e472fce946ef807718dd7a8f9bb3888d899d2b9014f7e143a5"
".intake\migration\venv-before-relocation\Lib\site-packages\numpy\_core\include\numpy\npy_cpu.h","4478","1b55b674c0fb21b3230ab3a602d12fee734e1fa6b006c6347e8b4d029dde6da1"
".intake\migration\venv-before-relocation\Lib\site-packages\numpy\_core\include\numpy\npy_endian.h","2957","7f5053d002c7f8671addc728fc28139b9dc730bc66066a3865fcd5c712cd94a3"
".intake\migration\venv-before-relocation\Lib\site-packages\numpy\_core\include\numpy\npy_math.h","19460","92c7622815c37e9107075b3d9b9ca29f286375c73487ecc971f5c4ba854701df"
".intake\migration\venv-before-relocation\Lib\site-packages\numpy\_core\include\numpy\npy_no_deprecated_api.h","698","8c872310fd806e8bc34df804faab6f74fe75fdd5468d59c41815fceab94648a1"
".intake\migration\venv-before-relocation\Lib\site-packages\numpy\_core\include\numpy\npy_os.h","1298","8f4e38bddd42d6809c5b9dabde1b6254d854689484a828caace0f0307ab74d4d"
".intake\migration\venv-before-relocation\Lib\site-packages\numpy\_core\include\numpy\numpyconfig.h","7644","5eaf39ba0daae552599ecde6d15e7b6c348ed55e82683ca8202abdb4d4591a13"
".intake\migration\venv-before-relocation\Lib\site-packages\numpy\_core\include\numpy\random\bitgen.h","508","fc7d2e5ea9a7b9be0fc6725674c59a36a7e9c850eed8a074b247f6c1ce6f8d47"
".intake\migration\venv-before-relocation\Lib\site-packages\numpy\_core\include\numpy\random\distributions.h","10070","18b5116b7b05112644d3fd112bedc6aa67daf7a8ad047c3c2e5b0dcb2f443ede"
".intake\migration\venv-before-relocation\Lib\site-packages\numpy\_core\include\numpy\random\libdivide.h","82217","17d3cbc7a4dc3a4fac77474e6ded2758bcb3e0785b1efd8aeefa11fe4a25a465"
".intake\migration\venv-before-relocation\Lib\site-packages\numpy\_core\include\numpy\random\LICENSE.txt","1039","d544761558b510866c21f7e8a2d5716fca76e0b98117e3b6b86314db7244d150"
".intake\migration\venv-before-relocation\Lib\site-packages\numpy\_core\include\numpy\ufuncobject.h","12949","8bd721a3f2d09c272e62fd1504001336ca8ae210b539a05f8c57ae1f037ccb0f"
".intake\migration\venv-before-relocation\Lib\site-packages\numpy\_core\include\numpy\utils.h","4280","9b498256f1f5236d47ebec5cb8dccd1523eeb6c9432aafc8c0440d8a324072e4"
".intake\migration\venv-before-relocation\Lib\site-packages\numpy\_core\memmap.py","13000","242086cc9b13487cfe6c102b88075fb1849a9f1360f9f97f05876f9f73f6fa2c"
".intake\migration\venv-before-relocation\Lib\site-packages\numpy\_core\multiarray.py","58628","233a6c2def357506b505407e6f85e1715822545fda42b02e3f12697d897bf9e5"
".intake\migration\venv-before-relocation\Lib\site-packages\numpy\_core\numeric.py","83290","1701f78f500b8ba6beb435f8861db4d9ba900c3625c5b7d8237cb39c49fce3dc"
".intake\migration\venv-before-relocation\Lib\site-packages\numpy\_core\numerictypes.py","15392","135b154b3cc2d83caa725dabd8686b18488089bc43fe0ea9cfb49cc81b23c6b9"
".intake\migration\venv-before-relocation\Lib\site-packages\numpy\_core\overrides.py","7666","bbd2f3457b59ae357e01003ab66fb51a9ef1c3dd417883cb97cf7ff5197ce819"
".intake\migration\venv-before-relocation\Lib\site-packages\numpy\_core\printoptions.py","1088","6577a406be9f235f1d571b0ce9bc401a2f340a232568c3787696cf1c342204e2"
".intake\migration\venv-before-relocation\Lib\site-packages\numpy\_core\records.py","38365","f1a961055e140b98a7c18d4c540bd2c1e597b54a9836bf117cb1fb373ef8de03"
".intake\migration\venv-before-relocation\Lib\site-packages\numpy\_core\shape_base.py","33708","a32e3688fa2368b8d08ec432d5cdf95e5ef6c3456d2d909bb62a5995bf171a8a"
".intake\migration\venv-before-relocation\Lib\site-packages\numpy\_core\strings.py","52381","cc6fa71d99d13ad0fcab3caeea7115f58844bbb438f19c4dd9a328101d6468d1"
".intake\migration\venv-before-relocation\Lib\site-packages\numpy\_core\tests\_locales.py","2248","6f2abb3c5234a3f785f0376cbe08f6110ee812383161911ad845b4489991ff17"
".intake\migration\venv-before-relocation\Lib\site-packages\numpy\_core\tests\_natype.py","4531","9dc30cd356e161ee0ac4ceb63d3c08687e97a737ba0fd99254565242aa9a6734"
".intake\migration\venv-before-relocation\Lib\site-packages\numpy\_core\tests\data\generate_umath_validation_data.cpp","6012","f5305dc693e8d1d8efd422b143afc36c6291c486556b08ad026ec032658aae82"
".intake\migration\venv-before-relocation\Lib\site-packages\numpy\_core\tests\data\umath-validation-set-arccos.csv","62794","55475074a045ae95c72e53ed5f659820afeec24697824cbce4267868dbaf983e"
".intake\migration\venv-before-relocation\Lib\site-packages\numpy\_core\tests\data\umath-validation-set-arccosh.csv","62794","b5bb8e424be76314b225ffda946937670dd5cafd073b974c0b585495eda15b04"
".intake\migration\venv-before-relocation\Lib\site-packages\numpy\_core\tests\data\umath-validation-set-arcsin.csv","62768","24f11658cc603ca74da6b0ead291f9421276a22542cee0db2bedd68532a7cbca"
".intake\migration\venv-before-relocation\Lib\site-packages\numpy\_core\tests\data\umath-validation-set-arcsinh.csv","61718","7f0baadb9c5e4b9ee4044c41b9235f7b08076fe9a0a11f7050656a70e5db7e82"
".intake\migration\venv-before-relocation\Lib\site-packages\numpy\_core\tests\data\umath-validation-set-arctan.csv","61734","9eedf76322fe00b5d2485e5cba909369ffe34cf2cafd0c947dc88d406a5f7e46"
".intake\migration\venv-before-relocation\Lib\site-packages\numpy\_core\tests\data\umath-validation-set-arctanh.csv","62768","c0748a158d98bdbbf77e79a67cba8f6298e190433cf181e4155a59422a32043c"
".intake\migration\venv-before-relocation\Lib\site-packages\numpy\_core\tests\data\umath-validation-set-cbrt.csv","62275","1458bf5f11271ab7c977b3b1b635454fa5850b6b54a8a85557c7e641f6f4cfca"
".intake\migration\venv-before-relocation\Lib\site-packages\numpy\_core\tests\data\umath-validation-set-cos.csv","60497","71c0eb8b9fe343ce03fe40264b067fced3543c8873860c9c0ed36c3c1ee6f1d7"
".intake\migration\venv-before-relocation\Lib\site-packages\numpy\_core\tests\data\umath-validation-set-cosh.csv","62298","0e737a446bca4070162287dc8668461fb92425e8f656d370186311646cc19134"
".intake\migration\venv-before-relocation\Lib\site-packages\numpy\_core\tests\data\umath-validation-set-exp.csv","17903","98f86317828b7b46ddc31dfc48988d8a90f6e27b4b23fe5a59cf21f95d143203"
".intake\migration\venv-before-relocation\Lib\site-packages\numpy\_core\tests\data\umath-validation-set-exp2.csv","60053","b03f78a4ad840190320f67c312871fc35a17370d6a4e55b54c1c1195ca5b72c2"
".intake\migration\venv-before-relocation\Lib\site-packages\numpy\_core\tests\data\umath-validation-set-expm1.csv","61728","b727d93790fcb659bb00f8310883f2bb2efbe00647cad30e079f47f4a7b0c44b"
".intake\migration\venv-before-relocation\Lib\site-packages\numpy\_core\tests\data\umath-validation-set-log.csv","11963","0833e4cbae0f8da5115a1aa41f190b12598c888db5bf9ba0186cb385d7d46e72"
".intake\migration\venv-before-relocation\Lib\site-packages\numpy\_core\tests\data\umath-validation-set-log10.csv","70551","756e853c4065471da9712fbb7ae8bf1ada93a57ccecb5e3b8a5e79a9d3fef009"
".intake\migration\venv-before-relocation\Lib\site-packages\numpy\_core\tests\data\umath-validation-set-log1p.csv","61732","d9a12c1d572f4729bee39df90a4bc94ec987cb092dd3564c7e68e5f9de1fbd52"
".intake\migration\venv-before-relocation\Lib\site-packages\numpy\_core\tests\data\umath-validation-set-log2.csv","70546","69567b54c439bab18ec7930c30e52630a06114b144f94ef2e835424de5d07e8d"
".intake\migration\venv-before-relocation\Lib\site-packages\numpy\_core\tests\data\umath-validation-set-README.txt","982","19fae4994ff04e3a4b90e7ed583b866b2103755dd13e93761915505fad558162"
".intake\migration\venv-before-relocation\Lib\site-packages\numpy\_core\tests\data\umath-validation-set-sin.csv","59981","1af3eb414118317d62076ce36df2b6e895093b1b6a6df8915205ee00ed5070fd"
".intake\migration\venv-before-relocation\Lib\site-packages\numpy\_core\tests\data\umath-validation-set-sinh.csv","61722","95cece61c6165a99316ccb910169a8810e5c2a2ec4c2c43689b88c76925661bc"
".intake\migration\venv-before-relocation\Lib\site-packages\numpy\_core\tests\data\umath-validation-set-tan.csv","61728","7e7ec3afdb3aadca86533b26c89c6f7bf675f09e0051a4a6faea3637737f85f9"
".intake\migration\venv-before-relocation\Lib\site-packages\numpy\_core\tests\data\umath-validation-set-tanh.csv","61728","c526397e07de05737a7da9785c379df9551c805232f6a28ea2c6bbbd0e6fd7e5"
".intake\migration\venv-before-relocation\Lib\site-packages\numpy\_core\tests\examples\cython\setup.py","898","28f40de7298c1b3e3738fbcf57fee8fe28c49263dd8a5cdfbba657a816504e5b"
".intake\migration\venv-before-relocation\Lib\site-packages\numpy\_core\tests\examples\limited_api\limited_api.c","14896","4ee1466e98d0a549649a0e7c09313e5cf42814a8423c17fc92235e990b602fba"
".intake\migration\venv-before-relocation\Lib\site-packages\numpy\_core\tests\examples\limited_api\setup.py","461","e3b896b0dfb9c18076f4b6fbbea4a3ceb012dd4b64745b9f92df775f3cc6fa51"
".intake\migration\venv-before-relocation\Lib\site-packages\numpy\_core\tests\test__exceptions.py","3012","a2fddc75a6017cfdbcc3f15c2c5e7b44e945e70e9fc0215135c98e572440f885"
".intake\migration\venv-before-relocation\Lib\site-packages\numpy\_core\tests\test_abc.py","2275","a9d0bbfe5910bda17fdc0e3127d1ff221dc50e532903d7714078ec8384e7fae7"
".intake\migration\venv-before-relocation\Lib\site-packages\numpy\_core\tests\test_api.py","25498","71c614da38387d1d588c2d3e1ede6f2d8912f66c2bea4315439c1c7ef4907b13"
".intake\migration\venv-before-relocation\Lib\site-packages\numpy\_core\tests\test_argparse.py","2914","bcf72dbb14e83e464c95b8239f313ddb85e4c57614741c6547a2ec3f6ffe6903"
".intake\migration\venv-before-relocation\Lib\site-packages\numpy\_core\tests\test_array_api_info.py","3177","a921b08b0bce50f87932d8c31b7e8ec42ebb3cee428c9fdeb0fb6625b37c36c9"
".intake\migration\venv-before-relocation\Lib\site-packages\numpy\_core\tests\test_array_coercion.py","36883","5d8ce46970fc21f63f70f3e74c451657b6be832c22aef0024ba7d72f554c07bc"
".intake\migration\venv-before-relocation\Lib\site-packages\numpy\_core\tests\test_array_interface.py","8065","b3e9ab183381a5639f21284d1eb9df3ee51e6434c15f9783f11d64638f89ad47"
".intake\migration\venv-before-relocation\Lib\site-packages\numpy\_core\tests\test_arraymethod.py","3400","b7277defa6460e2de54b3faa90cb4108a99d4737f2f78cb1ec1a791dafbfaaad"
".intake\migration\venv-before-relocation\Lib\site-packages\numpy\_core\tests\test_arrayobject.py","7035","c40c221077ea55b9c1caaae30633af0a040522903df6223d5b461e3d14db70f5"
".intake\migration\venv-before-relocation\Lib\site-packages\numpy\_core\tests\test_arrayprint.py","53474","d5750236cac6307a92fd014d56b158295cf6f332a0a11c8d85694f9c07a43de5"
".intake\migration\venv-before-relocation\Lib\site-packages\numpy\_core\tests\test_casting_floatingpoint_errors.py","5236","f9656f206e04eca64024956278a7bb4e13491876e4585625a4539d1c7b486b61"
".intake\migration\venv-before-relocation\Lib\site-packages\numpy\_core\tests\test_casting_unittests.py","42467","9ab6c83371491a60781defeb0cd5df07f8655c387c106e49877c9f68ca07d1c7"
".intake\migration\venv-before-relocation\Lib\site-packages\numpy\_core\tests\test_conversion_utils.py","6715","2a1e7a76e71201ac779fc13d71743ae86bc4d595d9fe99164e9432d234c4c009"
".intake\migration\venv-before-relocation\Lib\site-packages\numpy\_core\tests\test_cpu_dispatcher.py","1618","c6b853cc71f4717ea82f1679ab28edbbb14a73f7d22a909a35f65358e994e1ae"
".intake\migration\venv-before-relocation\Lib\site-packages\numpy\_core\tests\test_cpu_features.py","18986","c415f6e50e18cb6b07575cc0b14d34f10ffd6a7e47920344c1462a70a4dd9674"
".intake\migration\venv-before-relocation\Lib\site-packages\numpy\_core\tests\test_custom_dtypes.py","20747","ce1a88491aa458b447f7149ff3862362175dfa5804e5cfc012df61701b1bf57c"
".intake\migration\venv-before-relocation\Lib\site-packages\numpy\_core\tests\test_cython.py","12447","3761335e350efdbac38cb1ffd4664006a6fa3dbd86b59d3d4438b080fa771b81"
".intake\migration\venv-before-relocation\Lib\site-packages\numpy\_core\tests\test_datetime.py","146367","2d3f51e60bbfef43f058f8d784ef70868bb043b12d03cb780867dd2c2603c713"
".intake\migration\venv-before-relocation\Lib\site-packages\numpy\_core\tests\test_defchararray.py","32040","324fa5fdecb2bb458ba9fac3e3f463fbcd98e8962f701ce0e529531817a606ec"
".intake\migration\venv-before-relocation\Lib\site-packages\numpy\_core\tests\test_deprecations.py","19756","ad4631a1b122f6b0bbd564da496241dc99a15cb5cce335ed5823993648c4e589"
".intake\migration\venv-before-relocation\Lib\site-packages\numpy\_core\tests\test_dlpack.py","9014","1e85887b97891b0a6f6388a4a68271f82b2c1513ab546f7a366d25015ad0cdc9"
".intake\migration\venv-before-relocation\Lib\site-packages\numpy\_core\tests\test_dtype.py","84277","dbf154fc6f278d26babe14448aa2e944ca58433a73f843ff79f2e18ca418bd4b"
".intake\migration\venv-before-relocation\Lib\site-packages\numpy\_core\tests\test_einsum.py","59600","fcd5341122a3eabcfe702b1934aefe003860710f840bbb0f6283d53814e166f3"
".intake\migration\venv-before-relocation\Lib\site-packages\numpy\_core\tests\test_errstate.py","4759","51b3f097dec9c54bb4e74b4c3c9376353caa16451a36944ac2a7b1df80f12751"
".intake\migration\venv-before-relocation\Lib\site-packages\numpy\_core\tests\test_extint128.py","5842","a4a49c27c96c6067ef5f8acc4c07fd6f0a13ccb6242b58672d999f1758ca028e"
".intake\migration\venv-before-relocation\Lib\site-packages\numpy\_core\tests\test_finfo.py","2574","3f2dc17ccfde6b1adb620d1b85eb03313e8bb626867c23a395771367f0a7bd2b"
".intake\migration\venv-before-relocation\Lib\site-packages\numpy\_core\tests\test_function_base.py","18102","424970f333786055868cb9881148eab9b4fa98b23e064908294942ee865b65b0"
".intake\migration\venv-before-relocation\Lib\site-packages\numpy\_core\tests\test_getlimits.py","6318","1c2b45980dc584848de45e0997f105f7f7f47f6b91d40256934bfa97091d92c0"
".intake\migration\venv-before-relocation\Lib\site-packages\numpy\_core\tests\test_half.py","25715","a43056013ae7c8d5c42fa2a42f663c4b2d7d7a790f2eb5f62a4ed2115eed7e1b"
".intake\migration\venv-before-relocation\Lib\site-packages\numpy\_core\tests\test_hashtable.py","5524","3a8037cc5904a7d6941e7fa3eb517c361e9e808338d448ec5dd61a535cb82c56"
".intake\migration\venv-before-relocation\Lib\site-packages\numpy\_core\tests\test_indexerrors.py","4835","950645ccf328746c090e1f243f153f1750890211495c0559a24df557a264272a"
".intake\migration\venv-before-relocation\Lib\site-packages\numpy\_core\tests\test_indexing.py","67452","209b58ae2207ee9a9d5999772fd7159f9e3dda279f8c0e1b8980f60f09d5fd70"
".intake\migration\venv-before-relocation\Lib\site-packages\numpy\_core\tests\test_item_selection.py","7280","3c25abe3067021299d944dab09aa460dbb341c9f43aff9af1f9dd25d00d48ca2"
".intake\migration\venv-before-relocation\Lib\site-packages\numpy\_core\tests\test_limited_api.py","9884","95fc90b7bd0ee1a7a69a6f28b130fc70a1e3600d274452502a09d6404a6ee156"
".intake\migration\venv-before-relocation\Lib\site-packages\numpy\_core\tests\test_longdouble.py","12824","259dece0d46cb5e327e6d5b79c6f2b3d4e17286949e7451dbb69a4461d289808"
".intake\migration\venv-before-relocation\Lib\site-packages\numpy\_core\tests\test_mem_overlap.py","30250","f84a1c55fee890e4b7777921433d76ce6d5f471b277e45d005d276cb9959cfcc"
".intake\migration\venv-before-relocation\Lib\site-packages\numpy\_core\tests\test_mem_policy.py","16974","dba6fd011a6127420a10e789a7027d7687dedaf5e68103a7629a3bca6e9d041f"
".intake\migration\venv-before-relocation\Lib\site-packages\numpy\_core\tests\test_memmap.py","10428","1973385003a7ac55cdb46a3400b341c109afbd5b897dd9412229a3fd283df027"
".intake\migration\venv-before-relocation\Lib\site-packages\numpy\_core\tests\test_multiarray.py","452438","8562454efed3f35d303f64c37ba3c02bb2c2dad4ea9a2d98c5e8e49dfd74fe66"
".intake\migration\venv-before-relocation\Lib\site-packages\numpy\_core\tests\test_multiprocessing.py","2045","e9fb93c5d22fb6a45466e806cf7ab84e7aa46bbe38f5afefd7bba25b426101cf"
".intake\migration\venv-before-relocation\Lib\site-packages\numpy\_core\tests\test_multithreading.py","24082","f0fa8a7a4e162eb1b598db921d39df3cd571c81bda40f8913bea6fedca3520ba"
".intake\migration\venv-before-relocation\Lib\site-packages\numpy\_core\tests\test_nditer.py","143047","e34d3eecafed12a9d09a5410c107a3b0aadfcc0b1de3d4560c62bd8215fb63f4"
".intake\migration\venv-before-relocation\Lib\site-packages\numpy\_core\tests\test_nep50_promotions.py","10321","2c30a780412783e733eeadef7585feea4fcade492de44a530f497aa63662ef27"
".intake\migration\venv-before-relocation\Lib\site-packages\numpy\_core\tests\test_numeric.py","164208","d9e1366a890f39901cffac8c659b05896c33f33b9f6b1247fdfdb049cae958c8"
".intake\migration\venv-before-relocation\Lib\site-packages\numpy\_core\tests\test_numerictypes.py","24705","84b1be3de6f07511a8e1320ae4a2ed2fe89edd815c5a6e27a2202f942e2d09d4"
".intake\migration\venv-before-relocation\Lib\site-packages\numpy\_core\tests\test_overrides.py","28577","5037619b0b9e12e1e304941fe8dbc9ee8f0ae40d8946af766b95c6d8b41a8846"
".intake\migration\venv-before-relocation\Lib\site-packages\numpy\_core\tests\test_print.py","7090","8e7d7887e385519d04a94a8daae74af696666973342e85d3d8e8e21c111d247f"
".intake\migration\venv-before-relocation\Lib\site-packages\numpy\_core\tests\test_protocols.py","1219","6f5725be9dd1afb110eb1f0cb719bd8c0887c4fca6114fd52418f09cc8a78145"
".intake\migration\venv-before-relocation\Lib\site-packages\numpy\_core\tests\test_records.py","24041","bf9f2bc980a0e5c7f73d2afc6ec3550856eef6b52c11971e3d723f4f3a31af8d"
".intake\migration\venv-before-relocation\Lib\site-packages\numpy\_core\tests\test_regression.py","98150","2ce35d22f5090f47a101a64690200d4aa9ac35c6ac332091e5fcb46a5528d041"
".intake\migration\venv-before-relocation\Lib\site-packages\numpy\_core\tests\test_scalar_ctors.py","6896","45905353153fcf8ae0eead9f31c45c7bf558aa3520701bcbed2177b718edaf37"
".intake\migration\venv-before-relocation\Lib\site-packages\numpy\_core\tests\test_scalar_methods.py","14234","5aed9f0beaf9829ae8c32c5c19f6fbb152a4a80858ded25e3a1d948eb69981ef"
".intake\migration\venv-before-relocation\Lib\site-packages\numpy\_core\tests\test_scalarbuffer.py","5870","e7159682aad157528e9313d847b79e6916421a6a1cb3ad91c0493bafb8cce183"
".intake\migration\venv-before-relocation\Lib\site-packages\numpy\_core\tests\test_scalarinherit.py","2692","5958d1ae93642af41b3b69fe8e827b105ea51b5cc5713e29800340b6f4fb0b93"
".intake\migration\venv-before-relocation\Lib\site-packages\numpy\_core\tests\test_scalarmath.py","47374","0f9c6a872db7d3e0f81f44e50a5f0adc666fd90964ee0f71ba404e59374ff667"
".intake\migration\venv-before-relocation\Lib\site-packages\numpy\_core\tests\test_scalarprint.py","20165","7aec1d3bd76d57eed86356ffdfd9d6f21206fbb6877345ab04b0ce790bec9958"
".intake\migration\venv-before-relocation\Lib\site-packages\numpy\_core\tests\test_shape_base.py","32805","854adb28dfda1834c8fa8022da30e1ae12867c1d12e638cf9d351a8c11cfb50a"
".intake\migration\venv-before-relocation\Lib\site-packages\numpy\_core\tests\test_simd_module.py","4055","9a5f16bbabeb030c7b41bb3f9dfb76791d28dd3ba726e364113b55276ef5993e"
".intake\migration\venv-before-relocation\Lib\site-packages\numpy\_core\tests\test_simd.py","50241","3323bf5d85913170a654e8f0cf24e19c052fa30592873ee3a9f2435ff08841a8"
".intake\migration\venv-before-relocation\Lib\site-packages\numpy\_core\tests\test_stringdtype.py","101656","719af108b06a2123e747ed8bec8ac151c124a31082d0b4af2278ff0e8bf5687a"
".intake\migration\venv-before-relocation\Lib\site-packages\numpy\_core\tests\test_strings.py","61298","05414212a30b303be5715b5b5167bd7cef1934cac20cd1bc4de8d9e363890bbd"
".intake\migration\venv-before-relocation\Lib\site-packages\numpy\_core\tests\test_ufunc.py","145257","0174002e7dfcc44438747992dc39bac025fb9faa7c627d5c3dec40b062b049c6"
".intake\migration\venv-before-relocation\Lib\site-packages\numpy\_core\tests\test_umath_accuracy.py","4471","8a9dd7aa15ac6a2edd66efcb36aced2b1c6203555ad9799dad693f1374ba9c0c"
".intake\migration\venv-before-relocation\Lib\site-packages\numpy\_core\tests\test_umath_complex.py","24193","6cbb48d96597a231361770ec58ba96b76a4db96ad8593165a84484266c0e2130"
".intake\migration\venv-before-relocation\Lib\site-packages\numpy\_core\tests\test_umath.py","206665","c0c14ee391c2aa2da1dc02bef0b3e6cfa5920f162cfdb1c438cc5d5d67d20cab"
".intake\migration\venv-before-relocation\Lib\site-packages\numpy\_core\tests\test_unicode.py","13356","ebf84d0f78d172fd4c9263a98cac59486fae04a4b75af8d4cf7ae8ce08a6abc5"
".intake\migration\venv-before-relocation\Lib\site-packages\numpy\_core\umath.py","2176","3679c7c58c32c89fecb9f4e6e73606b9dd01ab350797c0d041484f6140fd359f"
".intake\migration\venv-before-relocation\Lib\site-packages\numpy\_distributor_init.py","436","879fc2abb22d0ebb75259a00874e1a3b9e195ec5d1464c86a0d1451fd4fed3c5"
".intake\migration\venv-before-relocation\Lib\site-packages\numpy\_expired_attrs_2_0.py","3853","7fba906bc3cd76d97be7f446ce120379a98e925458465aa5caf65a988b4e513b"
".intake\migration\venv-before-relocation\Lib\site-packages\numpy\_globals.py","4277","22fb9c5a81e206f4e592b5fef6d6d90c38be2ade565381de6b3d502b00f5a1cf"
".intake\migration\venv-before-relocation\Lib\site-packages\numpy\_pyinstaller\__init__.py","0","e3b0c44298fc1c149afbf4c8996fb92427ae41e4649b934ca495991b7852b855"
".intake\migration\venv-before-relocation\Lib\site-packages\numpy\_pyinstaller\hook-numpy.py","1374","d45a54e1d6d3d640ba23256b971c01ec14bf52a184ae36e3d1f8480e5d040d10"
".intake\migration\venv-before-relocation\Lib\site-packages\numpy\_pyinstaller\tests\__init__.py","345","977f1ba3b769a77bb595530f12b95cb7fe6e04b2a3df9cee4bfaf7e5eedcd7d7"
".intake\migration\venv-before-relocation\Lib\site-packages\numpy\_pyinstaller\tests\pyinstaller-smoke.py","1175","c6dddd97f0e3c6ecd54cfaea99598c3999b9fb6e30046d93c6575097bf17b758"
".intake\migration\venv-before-relocation\Lib\site-packages\numpy\_pyinstaller\tests\test_pyinstaller.py","1170","df5cd696f9400b6b1f85d7b0f7bc7c683bdc614695dd373fd02c0593ca6029a3"
".intake\migration\venv-before-relocation\Lib\site-packages\numpy\_pytesttester.py","5844","c4e6afb1ba88b1fa577f923dfc4f57aa524c5cd071fcb55f166ae8db7e81aa08"
".intake\migration\venv-before-relocation\Lib\site-packages\numpy\_typing\__init__.py","4744","790e275f35f7f953db317c79b288a3af4bba75954b2f12b9efdccc0709f786f6"
".intake\migration\venv-before-relocation\Lib\site-packages\numpy\_typing\_add_docstring.py","4055","7c7e5be29d8eb412eb27f3dc609cac56af1b4d6cae286bcce83428feaafda77c"
".intake\migration\venv-before-relocation\Lib\site-packages\numpy\_typing\_array_like.py","3483","f4faa8bee26c19f737c13c96e5a6c6aea54a7487fdbd01e095296e7586262a53"
".intake\migration\venv-before-relocation\Lib\site-packages\numpy\_typing\_char_codes.py","6718","cbb06821ed49fc157eefd3c840fd67f70550cbd9d231b0f7e20fc82c2de75111"
".intake\migration\venv-before-relocation\Lib\site-packages\numpy\_typing\_dtype_like.py","3814","d8dc806845aa0e91d68157596f23ca064a3a7293942933c77eb0b4439ec9029b"
".intake\migration\venv-before-relocation\Lib\site-packages\numpy\_typing\_extended_precision.py","449","de368d1d8e2a27058e0cb156be57d441138b6e57eaa850e33a5a7c6c79e13012"
".intake\migration\venv-before-relocation\Lib\site-packages\numpy\_typing\_nbit_base.py","3107","3dfd8ad7ebdf5923bf97dcd23a432067cb68e45a9daf1fa380d9ab368b410379"
".intake\migration\venv-before-relocation\Lib\site-packages\numpy\_typing\_nbit.py","553","7f2ad95e9da6633f861dc65126e0c36c23aaad84fcdd60b1ca7db669385bda8a"
".intake\migration\venv-before-relocation\Lib\site-packages\numpy\_typing\_nested_sequence.py","2725","e25e57fd1ac28930340979cf7e73c53b28a988e9a35436bf16b7fb6bffecd3f7"
".intake\migration\venv-before-relocation\Lib\site-packages\numpy\_typing\_scalars.py","893","3530803e5bd9302e23d9d1617c57a7ccb5c462e8f235def84bf008a267c97d31"
".intake\migration\venv-before-relocation\Lib\site-packages\numpy\_typing\_shape.py","254","93f44b7ebce45548be6fb8330958d8e5009f492774b1e85455e52370875c9714"
".intake\migration\venv-before-relocation\Lib\site-packages\numpy\_typing\_ufunc.py","163","968939421439689040469c95a1f7eb6deb8426c279bc0e83689e1a1d3794866b"
".intake\migration\venv-before-relocation\Lib\site-packages\numpy\_utils\__init__.py","3572","720c31649c81a85fd479cef84d179d0ce6cad2dd858878f576f9919ba61118bc"
".intake\migration\venv-before-relocation\Lib\site-packages\numpy\_utils\_conversions.py","347","bdeb5916a0b5a81f99f63bdced12ae53fe444ce6926e385b29afac570615f135"
".intake\migration\venv-before-relocation\Lib\site-packages\numpy\_utils\_inspect.py","7628","7e91db2f51b1edf970e071e39cd1cd37ebfc34ac755a01415a09d7f13e619626"
".intake\migration\venv-before-relocation\Lib\site-packages\numpy\_utils\_pep440.py","14474","319e59475fa8ff8900fbaf1871d51f90792a51fdf045c2b1426d3cbafd86a04f"
".intake\migration\venv-before-relocation\Lib\site-packages\numpy\char\__init__.py","859","8b630e262be4b53522e576e6e57776fff595950822bde89ee24f8c941d78f32a"
".intake\migration\venv-before-relocation\Lib\site-packages\numpy\conftest.py","9022","f9b620d8df0021ec3a0b0fc2cd6ee0092c03d2ce6fd97fba5c1acf9f3d583ef7"
".intake\migration\venv-before-relocation\Lib\site-packages\numpy\core\__init__.py","1323","9820d31b55275b7f297111b4b2291fee8136a0fe0ca4ef3a9dd1e3aae84bf395"
".intake\migration\venv-before-relocation\Lib\site-packages\numpy\core\_dtype_ctypes.py","361","a705de73fbe9f8bd3a9e7cc53baea6c2306e3e924f84809e727c9fbd6db210c8"
".intake\migration\venv-before-relocation\Lib\site-packages\numpy\core\_dtype.py","333","056f8616fbbc05088dfa3ebede6112496377210bfdc3cc0d6b7379de58acaf22"
".intake\migration\venv-before-relocation\Lib\site-packages\numpy\core\_internal.py","976","8bc51febcb6672f404998a11585dd8aa72460962371b165910079ccb97ae36a8"
".intake\migration\venv-before-relocation\Lib\site-packages\numpy\core\_multiarray_umath.py","2155","cecb572819703afeeadd88d575bfb39f8ca99f2c88e9f00673a6a190405abfe8"
".intake\migration\venv-before-relocation\Lib\site-packages\numpy\core\_utils.py","944","740699b5755684e1058b0995b33f0c9fbec7b329cc0ca859ec792b8c3d50def7"
".intake\migration\venv-before-relocation\Lib\site-packages\numpy\core\arrayprint.py","349","cec3adeef16ef9bd7feeb3e52abee21a1d769f80a6c33994fdf595d8279d3e2e"
".intake\migration\venv-before-relocation\Lib\site-packages\numpy\core\defchararray.py","357","e098c38e5eb601b93b7cda7e1d97ae35241434d28975d36ba3a983e9e7f882af"
".intake\migration\venv-before-relocation\Lib\site-packages\numpy\core\einsumfunc.py","349","716efdbe13c926c8b6a03fab5dcff0e442aae21951a35625caa2376679ac331f"
".intake\migration\venv-before-relocation\Lib\site-packages\numpy\core\fromnumeric.py","353","1c3ddee4fad88ed30e61008c5d3199960922930bd859cd5746e353e71852c558"
".intake\migration\venv-before-relocation\Lib\site-packages\numpy\core\function_base.py","361","cf96848971d0e000241df18b43cba5fe1be30962f69439203cb956244ff8c3e3"
".intake\migration\venv-before-relocation\Lib\site-packages\numpy\core\getlimits.py","345","4eeb74960fc7ca32571d27c1ddcd19d03bce47b6a6c5492ca88ff53293a55c0a"
".intake\migration\venv-before-relocation\Lib\site-packages\numpy\core\multiarray.py","818","9cde7878ff5dce19d8e28368541376abbc838c5d70ecf6cc431e1aee832a4d52"
".intake\migration\venv-before-relocation\Lib\site-packages\numpy\core\numeric.py","372","41ebfda1a0c019dc9b96b0e35570734d8d3af44f19f91dcf20e9c3a772ba5d16"
".intake\migration\venv-before-relocation\Lib\site-packages\numpy\core\numerictypes.py","357","08734e0a2982dc26ab91e8c73a6fab57b6fb6e6ca42252400215e3f76de92aad"
".intake\migration\venv-before-relocation\Lib\site-packages\numpy\core\overrides.py","345","c044c1f79bc7f4c4b0142deb837180506a332896c2b8a7553214bfcc2e5b694c"
".intake\migration\venv-before-relocation\Lib\site-packages\numpy\core\records.py","337","c5687bf135a43d9c59c79558d392626bcfb2d47c88ce412f9ab17c0622816faf"
".intake\migration\venv-before-relocation\Lib\site-packages\numpy\core\shape_base.py","349","05697e39fd4697c9ebd1e060b8321d29b4b987d39d98ef9564f51039ed9eeb66"
".intake\migration\venv-before-relocation\Lib\site-packages\numpy\core\umath.py","329","5e08172366d3211f4ee14dafc9f8288dad24288daaeec17774c0969ae91622a4"
".intake\migration\venv-before-relocation\Lib\site-packages\numpy\ctypeslib\__init__.py","206","a3da0c33afaf3b04b83d56a0785c97b21eb1db7850b5cb1e9a8015551de4b87c"
".intake\migration\venv-before-relocation\Lib\site-packages\numpy\ctypeslib\_ctypeslib.py","19679","0a816cf8be5b5e4b37b7ebd945ae34f268a32f5add29f8eec840c80abe8b2ded"
".intake\migration\venv-before-relocation\Lib\site-packages\numpy\doc\ufuncs.py","5562","08be4cd2df791bc62fe2d35350ebfd3902d7d668d96c848ea6f1d9b03dad8dbf"
".intake\migration\venv-before-relocation\Lib\site-packages\numpy\dtypes.py","2995","39d584de738ae5a26c0bf0e4e37c1b8a6cd414dccdf23da66a7141c3cede7681"
".intake\migration\venv-before-relocation\Lib\site-packages\numpy\exceptions.py","7955","1e04ff12b64b8937dc782bf4cb6758a1eb2d0e92add8847ae8c1eef8b015a4d2"
".intake\migration\venv-before-relocation\Lib\site-packages\numpy\f2py\__init__.py","2356","7f0a11323e09210a848ae2d5c1727f7d5867a338ca4d199909977d3192e49289"
".intake\migration\venv-before-relocation\Lib\site-packages\numpy\f2py\__main__.py","135","4c37accbfd9f0d7fa0dbbb89b78c972175b34a8af5dfc476b7657b1c51f0a809"
".intake\migration\venv-before-relocation\Lib\site-packages\numpy\f2py\__version__.py","49","bb7c84644859cd6f50c0b06acc510efb3643aac102887b378b174e9519eff49a"
".intake\migration\venv-before-relocation\Lib\site-packages\numpy\f2py\_backends\__init__.py","194","d5ed6ecbb6d9398af7d4c4f32b026b7b4869e714097266eb1323d64a58dbdf63"
".intake\migration\venv-before-relocation\Lib\site-packages\numpy\f2py\_backends\_backend.py","1195","f5cc5156b03ee70726d9f9d5751f85d3cb18c0605ff3d659edb979547a8a69b5"
".intake\migration\venv-before-relocation\Lib\site-packages\numpy\f2py\_backends\_meson.py","8870","f259e5961f9246c827a7023e7194d660b746f77c279245df8cc1f7b887a339a4"
".intake\migration\venv-before-relocation\Lib\site-packages\numpy\f2py\_isocbind.py","2422","415a11fe90ff6d8f488136921c7530ffc1018349a469fdc965fc212df1dbcf54"
".intake\migration\venv-before-relocation\Lib\site-packages\numpy\f2py\_src_pyf.py","7942","bba78b93f8dbc659d8deba0279b18093ac18ad827bf59414825f3d0a4d6e69f2"
".intake\migration\venv-before-relocation\Lib\site-packages\numpy\f2py\auxfuncs.py","27940","339180109c15234311192c4a57d913570d10373b176d152d566c17d5f72de28e"
".intake\migration\venv-before-relocation\Lib\site-packages\numpy\f2py\capi_maps.py","30576","9277095c261676b7ae69101177db29ed5672d7395f7655dcbb1298cd1b6ab9ae"
".intake\migration\venv-before-relocation\Lib\site-packages\numpy\f2py\cb_rules.py","25171","cd8137ef613fee1dfdc9d9f2251bf2fd0b77a2af6502475775c61730253e25bf"
".intake\migration\venv-before-relocation\Lib\site-packages\numpy\f2py\cfuncs.py","55740","b1ae936191be28cda93ec0b909ac9aa7c63210cad3f016bf83e62fcc2157d4bf"
".intake\migration\venv-before-relocation\Lib\site-packages\numpy\f2py\common_rules.py","5250","545581d89da17f9891d9429f5d9269dc34bfc30124ce9a8311015c57e573f432"
".intake\migration\venv-before-relocation\Lib\site-packages\numpy\f2py\crackfortran.py","150558","35fe9e8cf2106a454991eda779254a7831a04521e53583edf888adc43446943e"
".intake\migration\venv-before-relocation\Lib\site-packages\numpy\f2py\diagnose.py","1360","b44800865518a1165666730dd3395d224957eb95e6c4c5d35a73b8db6ad92269"
".intake\migration\venv-before-relocation\Lib\site-packages\numpy\f2py\f2py2e.py","28181","706064c80499068fef0801b03d162bc7e454b54de6ea92ecd9b905c56b83e13b"
".intake\migration\venv-before-relocation\Lib\site-packages\numpy\f2py\f90mod_rules.py","10341","d9e60098e40b133984308e8d281e55d0a04f847f6b8f9a2448eb5c4b6b35973a"
".intake\migration\venv-before-relocation\Lib\site-packages\numpy\f2py\func2subr.py","10371","860e8775ab8ccb864bc9b143214d155b0331247c31dcf5459346305cb76fd685"
".intake\migration\venv-before-relocation\Lib\site-packages\numpy\f2py\rules.py","65393","45115b1986cee687c829ca5fc510a54aac83a574a103bfe9ead6a07895b0b904"
".intake\migration\venv-before-relocation\Lib\site-packages\numpy\f2py\setup.cfg","50","f36f2ccb726f2663335712e40becb497170431a0d39cc73797d756a8fe236278"
".intake\migration\venv-before-relocation\Lib\site-packages\numpy\f2py\src\fortranobject.c","48832","2919369a8fb77e20662f7fe0d73e4c72c9da1f427888373bb4ece6de0bd2cdda"
".intake\migration\venv-before-relocation\Lib\site-packages\numpy\f2py\src\fortranobject.h","6026","4bd2ad8e520501f334980e7dca7da01410d50db70a18798164d945b99264e8d2"
".intake\migration\venv-before-relocation\Lib\site-packages\numpy\f2py\symbolic.py","54828","60529779e2dbe69abd7010c72dc251ab57840a94e58f4c5002c37c20a6cc5a05"
".intake\migration\venv-before-relocation\Lib\site-packages\numpy\f2py\tests\__init__.py","345","977f1ba3b769a77bb595530f12b95cb7fe6e04b2a3df9cee4bfaf7e5eedcd7d7"
".intake\migration\venv-before-relocation\Lib\site-packages\numpy\f2py\tests\src\array_from_pyobj\wrapmodule.c","8653","afd2c5c6769b98b960ccb356214ad935b85b430c2797e0a39a54d1ed841a9dcc"
".intake\migration\venv-before-relocation\Lib\site-packages\numpy\f2py\tests\test_abstract_interface.py","837","d9f4e6a79fb22da34ab56bcfd2343afe4aa4c9623bde4823225ec0adadb97082"
".intake\migration\venv-before-relocation\Lib\site-packages\numpy\f2py\tests\test_array_from_pyobj.py","27138","005f9a0913254590ec0bdabdc59d3fee90f341176905b60f3ea7e3f8defdf7c9"
".intake\migration\venv-before-relocation\Lib\site-packages\numpy\f2py\tests\test_assumed_shape.py","1663","421326093b288f9a3e02dbf6c522a1224d71e8e0c40f68c73bd26c5684c2bb34"
".intake\migration\venv-before-relocation\Lib\site-packages\numpy\f2py\tests\test_block_docstring.py","455","33bf1ad230778589116f03134f14e960513f1e84c5a64f26877d9e16fc5afb4a"
".intake\migration\venv-before-relocation\Lib\site-packages\numpy\f2py\tests\test_callback.py","7241","9b9652fe8276b557e18b126a72a4fc5906e7ed4f32644420031b604c94b406a3"
".intake\migration\venv-before-relocation\Lib\site-packages\numpy\f2py\tests\test_capi_maps.py","406","83900c3786b376c58415480efaec91dd47a6303a3fb55ddea37b3a904a9f3e8c"
".intake\migration\venv-before-relocation\Lib\site-packages\numpy\f2py\tests\test_character.py","22625","46104701de518d9e68bf7762471a5500506ee4bae8ca9ae50fb424200b64b01f"
".intake\migration\venv-before-relocation\Lib\site-packages\numpy\f2py\tests\test_common.py","686","3de5c95d6153c2d05ab471300b1acdda2b70f967a70f277080885c48bb34d41c"
".intake\migration\venv-before-relocation\Lib\site-packages\numpy\f2py\tests\test_crackfortran.py","16946","549de0bb0ce8ee99970f58e27ec1f81022346252abb16b1b92e953c99c0fb85b"
".intake\migration\venv-before-relocation\Lib\site-packages\numpy\f2py\tests\test_data.py","3019","87fcad3f436167cb19c466befe7e349f8349fddade49e4c031d8ae09b76ef7c6"
".intake\migration\venv-before-relocation\Lib\site-packages\numpy\f2py\tests\test_docs.py","1996","630205406bb88300ab9cd4348b83b7b02b3f642c28be0af67c6b75dc3adf29b5"
".intake\migration\venv-before-relocation\Lib\site-packages\numpy\f2py\tests\test_f2cmap.py","440","9e43ebadc6be654fa59d4174c82bcfc27d71383c8b3699ae7ac49d872cef1187"
".intake\migration\venv-before-relocation\Lib\site-packages\numpy\f2py\tests\test_f2py2e.py","29979","99e83c1d347fa0bd6b4ccf07524b2e05a5142e3d75508e7cb4ce486a550162c8"
".intake\migration\venv-before-relocation\Lib\site-packages\numpy\f2py\tests\test_inplace.py","1725","ce0bf1caf0bf0f755f4a5b8ed9545ea48b6ea84fdeb9394349dc55bef6ac9722"
".intake\migration\venv-before-relocation\Lib\site-packages\numpy\f2py\tests\test_isoc.py","1486","25cabeeb5b2a66956fb91e538e5879111fc61b5aa2283ded34da854bd8ecb48f"
".intake\migration\venv-before-relocation\Lib\site-packages\numpy\f2py\tests\test_kind.py","1916","da0a980876f0542162e94301363b2562927d33062b682474909183bfa17c8a8c"
".intake\migration\venv-before-relocation\Lib\site-packages\numpy\f2py\tests\test_mixed.py","744","89b4cc22e89e3cf1ceb9e94217c06cbdc15bdc17a2965240457f3872b613a00e"
".intake\migration\venv-before-relocation\Lib\site-packages\numpy\f2py\tests\test_modules.py","2549","0cc5f6568966fea1d04bd45a453ae0a1adb6bf76459f3b325cfe17488018b055"
".intake\migration\venv-before-relocation\Lib\site-packages\numpy\f2py\tests\test_parameter.py","4575","4f7e256e687989d77963bdcd428c968f6f04b988db97c938d84211be022a8a29"
".intake\migration\venv-before-relocation\Lib\site-packages\numpy\f2py\tests\test_pyf_src.py","1177","4e0f0fcf2a58d4fda975ade4d956ee297f7b5420fb0ad760c896a33fe53b0087"
".intake\migration\venv-before-relocation\Lib\site-packages\numpy\f2py\tests\test_quoted_character.py","622","16d68de0eca6c1650321c2b280d78f91d49ca1d1100b3a7ccf6afffe82b88b53"
".intake\migration\venv-before-relocation\Lib\site-packages\numpy\f2py\tests\test_regression.py","7000","60e0e18716070de540b93997f3a22f4dcd25c711081da487f6cdd88089f2b534"
".intake\migration\venv-before-relocation\Lib\site-packages\numpy\f2py\tests\test_return_character.py","1582","6ddaf2668e5f5df4d4137e4cdfff200ea3c26bd44ab64c513aa05c9d38eec18a"
".intake\migration\venv-before-relocation\Lib\site-packages\numpy\f2py\tests\test_return_complex.py","2507","d4d6fa22c45fcc74c20a20535399c7a18dfac3ef948768284de74af9df17adce"
".intake\migration\venv-before-relocation\Lib\site-packages\numpy\f2py\tests\test_return_integer.py","1868","5f78580095fd41a0b4318b085e0d4fa3e15187828244dd0a5b45055697640f0c"
".intake\migration\venv-before-relocation\Lib\site-packages\numpy\f2py\tests\test_return_logical.py","2132","a5d161a20acbb38cbb3fff07ecc61fd622f3e935987c49c8a369493b58777548"
".intake\migration\venv-before-relocation\Lib\site-packages\numpy\f2py\tests\test_return_real.py","3382","7bb236ece99d24608343dbd7d76536f4cdd608e726535291b22bd16fa0642afa"
".intake\migration\venv-before-relocation\Lib\site-packages\numpy\f2py\tests\test_routines.py","824","ea1381f119f833e30280384a328a88dd8227dbbe30c9607368b4e3ac9ad3602c"
".intake\migration\venv-before-relocation\Lib\site-packages\numpy\f2py\tests\test_semicolon_split.py","1721","74a67db6aa0661c12f7d3577d434638ea03b5abefb451494a78132b21ea3aa35"
".intake\migration\venv-before-relocation\Lib\site-packages\numpy\f2py\tests\test_size.py","1264","64583938f18e02410df69e417fb61254f88a649d375a25344283d85c6d560cbc"
".intake\migration\venv-before-relocation\Lib\site-packages\numpy\f2py\tests\test_string.py","3072","b80f12af0db6e7cc91193eaac0bb7efb93243a5c185a88d1e8cdca73a58136bb"
".intake\migration\venv-before-relocation\Lib\site-packages\numpy\f2py\tests\test_symbolic.py","19080","6dc63bdc0b1bc810b0a4719cebe64127d2a60d9f64a32c584cdc19875e9887b1"
".intake\migration\venv-before-relocation\Lib\site-packages\numpy\f2py\tests\test_value_attrspec.py","341","c80c22bb6785549fdb958d637be9ba5a84966d98be03a98527e6c96a783f2f6c"
".intake\migration\venv-before-relocation\Lib\site-packages\numpy\f2py\tests\util.py","12600","87d16a1b95457268931d272b6bdebd6562aaba9639a0dede16a95d176328df0b"
".intake\migration\venv-before-relocation\Lib\site-packages\numpy\f2py\use_rules.py","3513","9a94b00eac5f5538d7e3cc84af85a627ccedc928c27e64fb1078380e631bd794"
".intake\migration\venv-before-relocation\Lib\site-packages\numpy\fft\__init__.py","8369","1bb36beaba498203757b73e01a0804c45e848bf5adf27e7b7902177f9bedccb3"
".intake\migration\venv-before-relocation\Lib\site-packages\numpy\fft\_helper.py","7032","4efb88c548d3c382f3c97963fff7759eec15ba46dd322f255457238a51ab8aa5"
".intake\migration\venv-before-relocation\Lib\site-packages\numpy\fft\_pocketfft.py","64302","93293d4fc32f331f3a6ac83b7a867e82f62e78d9104a3141c61733111ad272ae"
".intake\migration\venv-before-relocation\Lib\site-packages\numpy\fft\tests\__init__.py","0","e3b0c44298fc1c149afbf4c8996fb92427ae41e4649b934ca495991b7852b855"
".intake\migration\venv-before-relocation\Lib\site-packages\numpy\fft\tests\test_helper.py","6321","61f7f81176acc87fa70fa77211c65f5f883ad598d070063b5c77d02e75c8d446"
".intake\migration\venv-before-relocation\Lib\site-packages\numpy\fft\tests\test_pocketfft.py","25770","8a17d9ddbea51020e7867b2b1ceb6005b52b3d3a071dbc868eabfe2d65cf56c6"
".intake\migration\venv-before-relocation\Lib\site-packages\numpy\lib\__init__.py","2784","0ce3331e49ee0df28b302688cd034fb3fd090113a48f3a8e59ef3c7844dce2f5"
".intake\migration\venv-before-relocation\Lib\site-packages\numpy\lib\_array_utils_impl.py","1766","678bae7c8bb8ffd1192e59e711589f850340923820226e1ca6d2f85cd027338a"
".intake\migration\venv-before-relocation\Lib\site-packages\numpy\lib\_arraypad_impl.py","34445","ac7fce53a5efa26de5e29d836eb840ad020f8ec8ccf4438dc6d4aa28dcf177a8"
".intake\migration\venv-before-relocation\Lib\site-packages\numpy\lib\_arraysetops_impl.py","38499","1154611100aa471ce1794ebcbb9906812f29925b3fb1448cf565daf59f58de1a"
".intake\migration\venv-before-relocation\Lib\site-packages\numpy\lib\_arrayterator_impl.py","7442","1d4b422c15dc1bb982e405f72ae25c0e31c3f4510f85e09c1f2a53e8fb52b306"
".intake\migration\venv-before-relocation\Lib\site-packages\numpy\lib\_datasource.py","23423","dbbf26c57ccd4d2dc435304f4418f967411261230fa2f9850e1788f57db7ea1f"
".intake\migration\venv-before-relocation\Lib\site-packages\numpy\lib\_format_impl.py","37920","0e46ac1ee13b0e49a5342aa037dfbc8da0bbe1aadf5e0d149e1edaf9590fd80c"
".intake\migration\venv-before-relocation\Lib\site-packages\numpy\lib\_function_base_impl.py","200049","fa1bc6ea934df034fec66d690605c7cca54fc2ab430e6dfa96b10b6c9576cba0"
".intake\migration\venv-before-relocation\Lib\site-packages\numpy\lib\_histograms_impl.py","39523","773fe670440f30c1498417cfa36eed094a5a87162d16d7119a98938f73bc03bf"
".intake\migration\venv-before-relocation\Lib\site-packages\numpy\lib\_index_tricks_impl.py","32571","3f2a02c7c241ace7b73e7d9c1044dbcdf2d1f954f9060fa895ae306bce57a185"
".intake\migration\venv-before-relocation\Lib\site-packages\numpy\lib\_iotools.py","31789","5ca1fc42347e4b20b331b066d7689fabafe27791a897ddfed609c39086d635a7"
".intake\migration\venv-before-relocation\Lib\site-packages\numpy\lib\_nanfunctions_impl.py","73411","a0664d8d7cf2ebaa5baf0969d1742c2508ccbed89113cc2dba53fb34b54cf79b"
".intake\migration\venv-before-relocation\Lib\site-packages\numpy\lib\_npyio_impl.py","98775","749b07678d02700c57dddfbccb50880f75ca5a5f0e1cd17d41f9541af51bdc6e"
".intake\migration\venv-before-relocation\Lib\site-packages\numpy\lib\_polynomial_impl.py","45689","2924662b87b32bbf0b50e4656aa454a5c73a645c6b2ba11d794107b3b3b8573b"
".intake\migration\venv-before-relocation\Lib\site-packages\numpy\lib\_scimath_impl.py","16326","563cac448db898c77819a684cb97b59e90110dcd3f4ca810aaae9346888d7406"
".intake\migration\venv-before-relocation\Lib\site-packages\numpy\lib\_shape_base_impl.py","39107","ec55b38a78c5eea46aff544cd7ddf766774b9e5e606539500cbcfd6e8b9f0287"
".intake\migration\venv-before-relocation\Lib\site-packages\numpy\lib\_stride_tricks_impl.py","22028","3c0d26a3083be9285cae8b053e71cecc7ac60009a3529429876111c05d38fee3"
".intake\migration\venv-before-relocation\Lib\site-packages\numpy\lib\_twodim_base_impl.py","36484","cc80c3563ebf1fed60a7fff0c0ba006ea7dbe476bbf069cd35549305d69cd076"
".intake\migration\venv-before-relocation\Lib\site-packages\numpy\lib\_type_check_impl.py","20818","de876218e8874c0ee3f575859398b2f00a24a00f94452a12e84723caf7c8eb14"
".intake\migration\venv-before-relocation\Lib\site-packages\numpy\lib\_ufunclike_impl.py","6631","13bb347e660f99ef0107f5ecc737d5f2f83199e3a9dc8bfe7dcd7010fc178792"
".intake\migration\venv-before-relocation\Lib\site-packages\numpy\lib\_user_array_impl.py","8336","3598bba7475236812650de0a475681d7f81ff6bd256007bfad3d55359090739c"
".intake\migration\venv-before-relocation\Lib\site-packages\numpy\lib\_utils_impl.py","17392","12ba291eb095f685fa2d04f25d12518d5fd13039680d0f83769004b2c0cad748"
".intake\migration\venv-before-relocation\Lib\site-packages\numpy\lib\_version.py","4936","275a6aba3384e11fe41fb475cb1b629b06d6551c43367043f365c867d972d726"
".intake\migration\venv-before-relocation\Lib\site-packages\numpy\lib\array_utils.py","151","ce6ad421595e5845b397d5e31295250d4407b7da9b6eccadcaefe32e3f8e8271"
".intake\migration\venv-before-relocation\Lib\site-packages\numpy\lib\format.py","501","8a2f0c45098f6759c06aa9cca9e62d2a074d44fe76899b073e8e6b383976d143"
".intake\migration\venv-before-relocation\Lib\site-packages\numpy\lib\introspect.py","2843","1c1c92ad97cae677a27a58e9f6adbdb7b04f6a0f1c15fa80b83f278e02436778"
".intake\migration\venv-before-relocation\Lib\site-packages\numpy\lib\mixins.py","7375","b98fb87429b3be218fd64a5f92cc522e7fff100fe84f098bab2af80e5fca034e"
".intake\migration\venv-before-relocation\Lib\site-packages\numpy\lib\npyio.py","69","118e7fb6a1a9951a3e077709b6abdff470b7e2740aaf924d832ca41d68f9abf1"
".intake\migration\venv-before-relocation\Lib\site-packages\numpy\lib\recfunctions.py","61205","2aee2c54ba889c07047e4385b8cfb6a943a410148651aaeba2b29a4e390228d7"
".intake\migration\venv-before-relocation\Lib\site-packages\numpy\lib\scimath.py","182","de7b18a85746a28d1d6a76879c62bc42bcf4000037d531d45f4aa742ca797aef"
".intake\migration\venv-before-relocation\Lib\site-packages\numpy\lib\stride_tricks.py","89","a976a7f7f5295c50280cb040689d7061bd01f3a0e03f8f28829e6c52edecd4bc"
".intake\migration\venv-before-relocation\Lib\site-packages\numpy\lib\tests\__init__.py","0","e3b0c44298fc1c149afbf4c8996fb92427ae41e4649b934ca495991b7852b855"
".intake\migration\venv-before-relocation\Lib\site-packages\numpy\lib\tests\test__datasource.py","10891","39877602699002d778d007e5fa9e6ca23e339e8da81a1ffa5da87d435244f92e"
".intake\migration\venv-before-relocation\Lib\site-packages\numpy\lib\tests\test__iotools.py","14188","f811607ca4a9c610d7b67ece2bfa6e07d7ca2a290141a0324bf0bc749bdbd0a3"
".intake\migration\venv-before-relocation\Lib\site-packages\numpy\lib\tests\test__version.py","2063","23af9ccabffbc354d4bc2db9851d604c4df1f12f904405d1b01e088cfc58ded8"
".intake\migration\venv-before-relocation\Lib\site-packages\numpy\lib\tests\test_array_utils.py","1150","811b2a97d2347fb45093ed5bf223dad630d9b1dfdab82174e7eba5c410957cde"
".intake\migration\venv-before-relocation\Lib\site-packages\numpy\lib\tests\test_arraypad.py","58043","9a54c1c8de6dbd1952420dc918d63a1a444e2d2fd991789e4a406cb7e0ade079"
".intake\migration\venv-before-relocation\Lib\site-packages\numpy\lib\tests\test_arraysetops.py","49141","a05c2b1488f684e050cc8404c4753496b257f5d182af2a4d12dae870778e4da1"
".intake\migration\venv-before-relocation\Lib\site-packages\numpy\lib\tests\test_arrayterator.py","1341","e168a7c8407996260c192ffff2d09e64972838390d30575230f165e16f82ff2d"
".intake\migration\venv-before-relocation\Lib\site-packages\numpy\lib\tests\test_format.py","42435","d84719675aa9443dca2936bd4673d55486b4b20906532ebc67bf406e9b6b82f3"
".intake\migration\venv-before-relocation\Lib\site-packages\numpy\lib\tests\test_function_base.py","184302","021e70cbeb27e4b44d83b14209f07148530c530e70e3c2fede9e24f29f841752"
".intake\migration\venv-before-relocation\Lib\site-packages\numpy\lib\tests\test_histograms.py","34806","b9e4097a95bc912fbf7f622c757c442889178b687071a0c9c360f7bb75a10820"
".intake\migration\venv-before-relocation\Lib\site-packages\numpy\lib\tests\test_index_tricks.py","25391","55db692bf3f501548103eb11bf58ea108ce3376c3bb5cd65b10573bd3eee6019"
".intake\migration\venv-before-relocation\Lib\site-packages\numpy\lib\tests\test_io.py","108777","cf4ea555882addc8dca7d29acd0fffbdc8d9a51d38550da04efb8f4a9688ccdd"
".intake\migration\venv-before-relocation\Lib\site-packages\numpy\lib\tests\test_loadtxt.py","40049","425fc7b26b327e04908bd8eeb09426a713a440e0be0b31cc32fd7b862aac5576"
".intake\migration\venv-before-relocation\Lib\site-packages\numpy\lib\tests\test_mixins.py","7224","7966853648e8fc83e53f8fbb4feb22b6966a84082350e8ea92095468f21d5970"
".intake\migration\venv-before-relocation\Lib\site-packages\numpy\lib\tests\test_nanfunctions.py","56206","da39c0eab86659489ed35d9d0797f5c39d6d65496daf21ed9583d1613740bc46"
".intake\migration\venv-before-relocation\Lib\site-packages\numpy\lib\tests\test_packbits.py","17882","feb112288bfa83c35625f97e14e0912fa50a94d2ba886ec8d39b949c187e10f3"
".intake\migration\venv-before-relocation\Lib\site-packages\numpy\lib\tests\test_polynomial.py","13060","8232cc3252637413208c576bc0c90a84666c73efbf09f43e3d47ee3ec5ea7631"
".intake\migration\venv-before-relocation\Lib\site-packages\numpy\lib\tests\test_recfunctions.py","45015","0db6d6742e8abd2df3eb37a47b172ce28ebf76b4f0b461aadd02db6bf8583ebc"
".intake\migration\venv-before-relocation\Lib\site-packages\numpy\lib\tests\test_regression.py","7947","e94b3e3d958d553fff216e2f8f6fab03bed2761a5aa2aa3efc98324955cbddd8"
".intake\migration\venv-before-relocation\Lib\site-packages\numpy\lib\tests\test_shape_base.py","28219","47ae593c17d69efcc8c88ad86f2240501510a836d95f780dd33c7cb02c9d8ca7"
".intake\migration\venv-before-relocation\Lib\site-packages\numpy\lib\tests\test_stride_tricks.py","30869","c4d67b0e7e15bd24f4d10eb9063a62f77484b978171e109bc40c3387c79ee7f2"
".intake\migration\venv-before-relocation\Lib\site-packages\numpy\lib\tests\test_twodim_base.py","19743","fe403102fb42ffdee4f9a88a2109a15f2dc9a2a43baa7075f232b45fec4fb631"
".intake\migration\venv-before-relocation\Lib\site-packages\numpy\lib\tests\test_type_check.py","15269","53368e62a34e5a3480c62babe85b4444010c21f63193ce272ff969783246cf15"
".intake\migration\venv-before-relocation\Lib\site-packages\numpy\lib\tests\test_ufunclike.py","4080","b679599f7f7d9ab52ad01cb991c834af5637fdeae860c23eaf632f0ce692eb27"
".intake\migration\venv-before-relocation\Lib\site-packages\numpy\lib\tests\test_utils.py","2454","f57b4301aefd3792ceaa92d41ca63cf1a8d1b98da02f344cc89d5daf2ff87645"
".intake\migration\venv-before-relocation\Lib\site-packages\numpy\lib\user_array.py","64","e73efe85f5e7593e4eab8fd63e78cd5863dcf511d4599732ab82fd64cde49064"
".intake\migration\venv-before-relocation\Lib\site-packages\numpy\linalg\__init__.py","2171","cb491584b896825cd10be0fa03ea70d7ccbfa7a1143d2e7acc772543209cb560"
".intake\migration\venv-before-relocation\Lib\site-packages\numpy\linalg\_linalg.py","118366","76ee5b752078b400b2ee9a946a7bc50b16d98034cb8a5f4a43d6d94af00f6d22"
".intake\migration\venv-before-relocation\Lib\site-packages\numpy\linalg\tests\__init__.py","0","e3b0c44298fc1c149afbf4c8996fb92427ae41e4649b934ca495991b7852b855"
".intake\migration\venv-before-relocation\Lib\site-packages\numpy\linalg\tests\test_deprecations.py","637","c0492f60fff493e8aaa55261f9b8608c583aef0e13094b6111ee1a752480f13f"
".intake\migration\venv-before-relocation\Lib\site-packages\numpy\linalg\tests\test_linalg.py","89130","b0cff0f7dc5a9b39f7d45c640dbb1d5e6d4cc30bc454e13e6d1e76fef171986e"
".intake\migration\venv-before-relocation\Lib\site-packages\numpy\linalg\tests\test_regression.py","7260","c5095af4e539a3a63f545b424167aaf57910f6a16c2e7a7bb88bef14330ee6ee"
".intake\migration\venv-before-relocation\Lib\site-packages\numpy\ma\__init__.py","1459","661d878a5e2c74d3647fed1a250ae738f991911c11e2b380ce137e9f7447b1b5"
".intake\migration\venv-before-relocation\Lib\site-packages\numpy\ma\API_CHANGES.txt","3540","537f7303ceda33f38826110abc780bd5163596130965cd588f70c62f06cf6c5d"
".intake\migration\venv-before-relocation\Lib\site-packages\numpy\ma\core.py","301140","67012b24acbc850d0e1ae4b1507d9bd707e45a7eed63d113579823329f283c0a"
".intake\migration\venv-before-relocation\Lib\site-packages\numpy\ma\extras.py","70068","a609dee373145723924862b96c8063b1288d0603f35f498e9b0af7580199d1e4"
".intake\migration\venv-before-relocation\Lib\site-packages\numpy\ma\mrecords.py","26311","aa9609bd2ea5cfde2452fe3ebddbf3841e3c6f5d8e2207cb4ab3390d60342604"
".intake\migration\venv-before-relocation\Lib\site-packages\numpy\ma\tests\__init__.py","0","e3b0c44298fc1c149afbf4c8996fb92427ae41e4649b934ca495991b7852b855"
".intake\migration\venv-before-relocation\Lib\site-packages\numpy\ma\tests\test_arrayobject.py","1139","6a9d3a0b46b474659c3a49e972d6e12dbcc748d77633da7f24bda3112a810469"
".intake\migration\venv-before-relocation\Lib\site-packages\numpy\ma\tests\test_core.py","237923","83910de2a193043c32f11ede183934e64da22ba13c5ca4fd414a2c02d4d7bb68"
".intake\migration\venv-before-relocation\Lib\site-packages\numpy\ma\tests\test_deprecations.py","2416","a1d591292beb61112dfba81e5e0c1a5383dbf4366c1492889a6487a214f36d9f"
".intake\migration\venv-before-relocation\Lib\site-packages\numpy\ma\tests\test_extras.py","77206","045b8f5185ad57a6ecd9e016ec0ef8085ad6d3010cef392c5e56ee7d7bf8f34c"
".intake\migration\venv-before-relocation\Lib\site-packages\numpy\ma\tests\test_mrecords.py","20332","bd06fb23b6f8fe3aabdf5605109887ed760e19c3060263862aadac11260741d9"
".intake\migration\venv-before-relocation\Lib\site-packages\numpy\ma\tests\test_old_ma.py","34042","fd866525f8c4071cdcacfad29303c587bd635982bee6596019847a7fe1671975"
".intake\migration\venv-before-relocation\Lib\site-packages\numpy\ma\tests\test_regression.py","2802","5c4c4c078e81616c81ee5e8a87d88320926e3f3f8899b89fa7544680c560a8b9"
".intake\migration\venv-before-relocation\Lib\site-packages\numpy\ma\tests\test_subclassing.py","17439","82f031734bcb439b238804404f2dbc3544b431ca4d912c213c97e9392106bef7"
".intake\migration\venv-before-relocation\Lib\site-packages\numpy\ma\testutils.py","10507","1d8f2caedde41f79483a8f5c6e1d5c434dbb122902b2f38b2a22735894cab36e"
".intake\migration\venv-before-relocation\Lib\site-packages\numpy\matlib.py","11017","38459454fb70b1f78d346e4943cd3b0d02e7b857757a44c6f44ba1f1bced09a6"
".intake\migration\venv-before-relocation\Lib\site-packages\numpy\matrixlib\__init__.py","255","68f5db68de0e603a7d4c503c906cedda04c11dbde8f0d6a7c3eb8cff75e80c5e"
".intake\migration\venv-before-relocation\Lib\site-packages\numpy\matrixlib\defmatrix.py","31951","a766d971656d0ae22697aa8afc2b027dbef631915694ceafb2725ac0b47a37fb"
".intake\migration\venv-before-relocation\Lib\site-packages\numpy\matrixlib\tests\__init__.py","0","e3b0c44298fc1c149afbf4c8996fb92427ae41e4649b934ca495991b7852b855"
".intake\migration\venv-before-relocation\Lib\site-packages\numpy\matrixlib\tests\test_defmatrix.py","16253","674652546a1c4a26cd5dbe3c8465af12589506067ba7ee85d66af9dbb23a5106"
".intake\migration\venv-before-relocation\Lib\site-packages\numpy\matrixlib\tests\test_interaction.py","12234","d679113d699f59fcce4bd1a3c0e415d43f8a7bd5ba52d91dc2e30c55871121c8"
".intake\migration\venv-before-relocation\Lib\site-packages\numpy\matrixlib\tests\test_masked_matrix.py","9062","10352e2a61e06a9fce26e29b5a63acbce14a0a148b6ac0ec8d7af6d0efce8d2d"
".intake\migration\venv-before-relocation\Lib\site-packages\numpy\matrixlib\tests\test_matrix_linalg.py","2341","73b95d27ac46eba16f247e450f64d2afad7b13d3df3cc630900ceb8e14f15586"
".intake\migration\venv-before-relocation\Lib\site-packages\numpy\matrixlib\tests\test_multiarray.py","572","5a0531a48c576f3a574d39edf221b41c2e91a00713524d0fb0488c1d3db7eb51"
".intake\migration\venv-before-relocation\Lib\site-packages\numpy\matrixlib\tests\test_numeric.py","465","e170b53b69afecd6183f5b224fa234600cfe0ae865c3a64df43bb6166094cfc6"
".intake\migration\venv-before-relocation\Lib\site-packages\numpy\matrixlib\tests\test_regression.py","965","dbe73807968a59bc9267de51946e56526f0e2c13bbb0bb4cdb323340cc0cbf45"
".intake\migration\venv-before-relocation\Lib\site-packages\numpy\polynomial\__init__.py","6913","ca738713531cf5e05930d96ba1a13d99e216ef0664be8edba468c58ed0c1fc05"
".intake\migration\venv-before-relocation\Lib\site-packages\numpy\polynomial\_polybase.py","40549","f18813712540e27472213bd67ebbee14691701d441f02734d51ddc30269adb02"
".intake\migration\venv-before-relocation\Lib\site-packages\numpy\polynomial\chebyshev.py","66272","0c4128fe70844a0a2065e1bf10d45d6a2e67c3d609a2eeddd2997352bc14857c"
".intake\migration\venv-before-relocation\Lib\site-packages\numpy\polynomial\hermite_e.py","55902","9460757715d9ab5bd8194c24bd209d2aaee7379718a465c04d625c4f3fac35b2"
".intake\migration\venv-before-relocation\Lib\site-packages\numpy\polynomial\hermite.py","58441","2b5c2d1372dc9371788724a81c2c594e38276ae06da36bb16f45cbf2bbe58ee5"
".intake\migration\venv-before-relocation\Lib\site-packages\numpy\polynomial\laguerre.py","56244","804de8a948c9558e507749276bfa51b380c8107d803220f55d9daf7a7f33dcd8"
".intake\migration\venv-before-relocation\Lib\site-packages\numpy\polynomial\legendre.py","54678","57ee5c80beadacba8344fb999b0aa6fe15ff8b1df60ada2ed5137bc5334b4a7f"
".intake\migration\venv-before-relocation\Lib\site-packages\numpy\polynomial\polynomial.py","56517","028ea3e50641739e40749e33fcaeac1e24f2851a7c840cf4563728503468bf1a"
".intake\migration\venv-before-relocation\Lib\site-packages\numpy\polynomial\polyutils.py","23394","55b62b4ecf935b63cc106a8d203902420db4cabb46bcd91e50ea0b9e127b07d5"
".intake\migration\venv-before-relocation\Lib\site-packages\numpy\polynomial\tests\__init__.py","0","e3b0c44298fc1c149afbf4c8996fb92427ae41e4649b934ca495991b7852b855"
".intake\migration\venv-before-relocation\Lib\site-packages\numpy\polynomial\tests\test_chebyshev.py","21849","7fe5135413bbe97265577e1d7e01e0dc47c7725b59cfea2d0df42981ce406e6a"
".intake\migration\venv-before-relocation\Lib\site-packages\numpy\polynomial\tests\test_classes.py","19558","b1d8761c08599b56ad6e2f0a4ce2acd81b02ca3f8725ef2ee73271552e811800"
".intake\migration\venv-before-relocation\Lib\site-packages\numpy\polynomial\tests\test_hermite_e.py","20170","a5d33270b2e3b6e78f4a83ea8f4934cdbd9746d0b5292984d26bc9a2726b9850"
".intake\migration\venv-before-relocation\Lib\site-packages\numpy\polynomial\tests\test_hermite.py","19821","c55bea318b914200473aed399682a20e3c23266d54e33930cdb4c59336bce9d8"
".intake\migration\venv-before-relocation\Lib\site-packages\numpy\polynomial\tests\test_laguerre.py","18744","7f27e197cb6621bd93f73076bfd292aa194e859a56463920d9d99065f96602a5"
".intake\migration\venv-before-relocation\Lib\site-packages\numpy\polynomial\tests\test_legendre.py","19943","2423f768c274a333cee8bc780dd7eeb1f0c86dac4a0739a2ec34f034fe9db22a"
".intake\migration\venv-before-relocation\Lib\site-packages\numpy\polynomial\tests\test_polynomial.py","24908","7df582f73c8da049e154a55972ec84de99cebb0eb53bde57134d8729fbc5d597"
".intake\migration\venv-before-relocation\Lib\site-packages\numpy\polynomial\tests\test_polyutils.py","3882","7e6676c6aa3af9e6acd7033e41e9421230769457b338f3ee015843b2ef9da4a7"
".intake\migration\venv-before-relocation\Lib\site-packages\numpy\polynomial\tests\test_printing.py","22183","5b394dab7dc04c0354cb7875e206b2a884aa17161e232bd0cefe13cda25d8640"
".intake\migration\venv-before-relocation\Lib\site-packages\numpy\polynomial\tests\test_symbol.py","5592","24d174cade719941118df94b3b2746d69328eb03112ed68f0dc61492f5dc0fea"
".intake\migration\venv-before-relocation\Lib\site-packages\numpy\random\__init__.py","7693","f21e391916d7a4bd74c49ceac3f9fa5e09e6e9263f254602a87e92a5e0a7a946"
".intake\migration\venv-before-relocation\Lib\site-packages\numpy\random\_examples\cffi\extending.py","926","36b894a6d429cd70ef6445db25b4ff0440eae6b03049e1ad695abb95234623b0"
".intake\migration\venv-before-relocation\Lib\site-packages\numpy\random\_examples\cffi\parse.py","1803","da1cb9ef7eacfa82f9b98be541ffda729a3bb2b042f167df7cb52131c9b6d7c7"
".intake\migration\venv-before-relocation\Lib\site-packages\numpy\random\_examples\numba\extending_distributions.py","2103","bd076184ea6e1a5a46f2193e98a5afecb8b7fabc2f7a5bfed5cebba1dbabb7da"
".intake\migration\venv-before-relocation\Lib\site-packages\numpy\random\_examples\numba\extending.py","2045","9a8d28e1533e2b5bd4431365fd4aabdf901c8fd51ec27920952efe7455fccaec"
".intake\migration\venv-before-relocation\Lib\site-packages\numpy\random\_pickle.py","2830","f1f994720cc786afc5fdec9eb0d51d163574ec1af5cb32c12ec7def865b242b1"
".intake\migration\venv-before-relocation\Lib\site-packages\numpy\random\LICENSE.md","3582","b4bc2f4fa1c95778f1ed3dd8f14706bece399475b978f9f34b5d3cd72521b48a"
".intake\migration\venv-before-relocation\Lib\site-packages\numpy\random\tests\__init__.py","0","e3b0c44298fc1c149afbf4c8996fb92427ae41e4649b934ca495991b7852b855"
".intake\migration\venv-before-relocation\Lib\site-packages\numpy\random\tests\data\__init__.py","0","e3b0c44298fc1c149afbf4c8996fb92427ae41e4649b934ca495991b7852b855"
".intake\migration\venv-before-relocation\Lib\site-packages\numpy\random\tests\data\mt19937-testset-1.csv","16845","6c0e6eb8e5e02e9900c098df57ca1478f837f9ec9a1f8fa029ef0031c9765e7d"
".intake\migration\venv-before-relocation\Lib\site-packages\numpy\random\tests\data\mt19937-testset-2.csv","16826","4a738bd67c916db958942db9e0f05449cdfb360b95e7137ed16fc1df62310c61"
".intake\migration\venv-before-relocation\Lib\site-packages\numpy\random\tests\data\pcg64-testset-1.csv","24840","c07a12edf211de130476d6bb32d27c1292165fe070d727d2695c620b5e6fc55b"
".intake\migration\venv-before-relocation\Lib\site-packages\numpy\random\tests\data\pcg64-testset-2.csv","24846","eaf96756e5bfe22e8b12c567e9be341e37015968e85f995ba120810e90ebcc5b"
".intake\migration\venv-before-relocation\Lib\site-packages\numpy\random\tests\data\pcg64dxsm-testset-1.csv","24834","16185ae7e8eb0a6464fffaecbf1e826c3159ec43dcf0138f0d387e9b264b9213"
".intake\migration\venv-before-relocation\Lib\site-packages\numpy\random\tests\data\pcg64dxsm-testset-2.csv","24840","98d63390287434cb7556f4eb374f016e4a406df905c73b4d72ca1f81e5bfd27b"
".intake\migration\venv-before-relocation\Lib\site-packages\numpy\random\tests\data\philox-testset-1.csv","24853","42fa53ca7587423a93cf73f630fbed30b760d959cce93193a57829fbf2de2798"
".intake\migration\venv-before-relocation\Lib\site-packages\numpy\random\tests\data\philox-testset-2.csv","24839","f8134ed4e098b432239cde50f80b107b30421a6549508b37a803328fc48db6c0"
".intake\migration\venv-before-relocation\Lib\site-packages\numpy\random\tests\data\sfc64-testset-1.csv","24841","b2091e996d256ca276c21d6c063e827e65f01584ea7c0935e763f4afc7a63b7f"
".intake\migration\venv-before-relocation\Lib\site-packages\numpy\random\tests\data\sfc64-testset-2.csv","24834","9a4a76d521bc782aac7cdc9065d9a2578d7ec4a72c57c7aeb53eeb5675441b9d"
".intake\migration\venv-before-relocation\Lib\site-packages\numpy\random\tests\test_direct.py","21472","901e266f2c4e3b7e6310a9b9d10b77687039cb77b311d32e5f93ee33944f8bff"
".intake\migration\venv-before-relocation\Lib\site-packages\numpy\random\tests\test_extending.py","4718","1021c68c8755925a6048e203d662c05aa4df0a753af119c20a7870c456b51494"
".intake\migration\venv-before-relocation\Lib\site-packages\numpy\random\tests\test_generator_mt19937_regressions.py","9568","12d22fecbb47fe643ef6a7ef8d5480d68fda197bb4b6a3cd9d6bef5a39c3f9e7"
".intake\migration\venv-before-relocation\Lib\site-packages\numpy\random\tests\test_generator_mt19937.py","121865","bbe1c12fbca39b679c482ead046b167d51a56c664965636299adbe897d8cef53"
".intake\migration\venv-before-relocation\Lib\site-packages\numpy\random\tests\test_random.py","72954","541c4c5be2ae76235ec8798ff04374496502d9c523aef6a9330bee34a1f5f071"
".intake\migration\venv-before-relocation\Lib\site-packages\numpy\random\tests\test_randomstate_regression.py","9568","e595daccb4e630ab7f0800d564a07b76641cb0479b9d458a557d025c7e5802ad"
".intake\migration\venv-before-relocation\Lib\site-packages\numpy\random\tests\test_randomstate.py","90157","530f860aaa35cd4dfecafacce772da2087a790a8161626ef849c7352f6a03dbc"
".intake\migration\venv-before-relocation\Lib\site-packages\numpy\random\tests\test_regression.py","6418","26a077b0113a32e4e92c8216c4b9a17e01797fbb5d749578427130eba67ebf3e"
".intake\migration\venv-before-relocation\Lib\site-packages\numpy\random\tests\test_seed_sequence.py","4075","e1557c7e0a1399f0ab05d164a61ca7a5a579bbd89d534160d230729486ea809a"
".intake\migration\venv-before-relocation\Lib\site-packages\numpy\random\tests\test_smoke.py","30821","6fa0cbfad684c3b83af53d0ce660fb37fec1d471a0414bf45704ded1b5f27169"
".intake\migration\venv-before-relocation\Lib\site-packages\numpy\rec\__init__.py","85","72069962aeb0e2a368f3535918ef84e2f9128fd7923b84a034c3aa88b825a789"
".intake\migration\venv-before-relocation\Lib\site-packages\numpy\strings\__init__.py","85","2732942185631b8c11cec29501583d5d6aeadaf8e3762ebbf4265cfd3c5f9f8c"
".intake\migration\venv-before-relocation\Lib\site-packages\numpy\testing\__init__.py","603","d10933d084df3ca1c37bd90e6ca4c4c777dd0c601bf6d7cc8a4a5d3ee89aa720"
".intake\migration\venv-before-relocation\Lib\site-packages\numpy\testing\_private\__init__.py","0","e3b0c44298fc1c149afbf4c8996fb92427ae41e4649b934ca495991b7852b855"
".intake\migration\venv-before-relocation\Lib\site-packages\numpy\testing\_private\extbuild.py","7757","8c229a59c019742aba52d97916a0c51d0182891296038a75bf144afc4093802d"
".intake\migration\venv-before-relocation\Lib\site-packages\numpy\testing\_private\utils.py","104289","b74466b5e87c9525033393e32c2c186c35dbd6f44dc6ede6e7839737e0f2f217"
".intake\migration\venv-before-relocation\Lib\site-packages\numpy\testing\overrides.py","2218","ae57664505dce5cf6312ce218210d7bc7038b090fb1ee31ca5f18c9b348c2fd2"
".intake\migration\venv-before-relocation\Lib\site-packages\numpy\testing\print_coercion_tables.py","6493","953f08748d7f95a9edc05546d02d096a03b4994c679d7080e709cf23cd5ccd84"
".intake\migration\venv-before-relocation\Lib\site-packages\numpy\testing\tests\__init__.py","0","e3b0c44298fc1c149afbf4c8996fb92427ae41e4649b934ca495991b7852b855"
".intake\migration\venv-before-relocation\Lib\site-packages\numpy\testing\tests\test_utils.py","83788","a08b9c8f6f8e6314cd43ff4f25425e265d1c3515ae2431838019a7a9b4f6b264"
".intake\migration\venv-before-relocation\Lib\site-packages\numpy\tests\__init__.py","0","e3b0c44298fc1c149afbf4c8996fb92427ae41e4649b934ca495991b7852b855"
".intake\migration\venv-before-relocation\Lib\site-packages\numpy\tests\test__all__.py","232","c59929dd16cc369c786c54ef20b295f0a4c4321e65bc877bc5cae1412e0b4ded"
".intake\migration\venv-before-relocation\Lib\site-packages\numpy\tests\test_configtool.py","1863","ce27858e7156a8eb322dbb4925820874c31d4e19039be825bcd1af377ff2ee8c"
".intake\migration\venv-before-relocation\Lib\site-packages\numpy\tests\test_ctypeslib.py","13950","f2af0656a997827f859051a6cb387b31d40efa9fd3b5d15089d46f43c424fe62"
".intake\migration\venv-before-relocation\Lib\site-packages\numpy\tests\test_lazyloading.py","1164","fdc811f63bb5c3aac8cb95a5b687f56580d6090d6b2cdb51a3cc5a8f9ee53dec"
".intake\migration\venv-before-relocation\Lib\site-packages\numpy\tests\test_matlib.py","1913","2a604ca3733b200441f0ae4d2d893ad7546db1f5b5d3f2e00901018dd2c433d8"
".intake\migration\venv-before-relocation\Lib\site-packages\numpy\tests\test_numpy_config.py","1364","f2d4cb7508b7e31575413670e5375a0d0f72db94d59dc1a3bdc99c5e74363c42"
".intake\migration\venv-before-relocation\Lib\site-packages\numpy\tests\test_numpy_version.py","1798","1210c01446a63429910222445121ad3dadb5222a4e0d6adfe8c37605e9b46b3f"
".intake\migration\venv-before-relocation\Lib\site-packages\numpy\tests\test_public_api.py","25761","6afff688266b95f8afefe2ad890ef98b67379f0b1a823082a0a63982250838d8"
".intake\migration\venv-before-relocation\Lib\site-packages\numpy\tests\test_reloading.py","2622","99d670f2a40f9f3954c649076a84e3a1fe7a3a1bf6b50ba454db5cb3b9069dab"
".intake\migration\venv-before-relocation\Lib\site-packages\numpy\tests\test_scripts.py","1519","1b1010c4c93d026c19be714d26237aee885172f3e23be621732b0bf12aaaa4de"
".intake\migration\venv-before-relocation\Lib\site-packages\numpy\tests\test_warnings.py","2627","bdfb1e106400183db9489ca40126e82212fe5e6ad5145e9abcc457d582fcd76f"
".intake\migration\venv-before-relocation\Lib\site-packages\numpy\typing\__init__.py","7041","b38a648b9199ebb337beb89c085e3a136270d7cb60c7060357119cdbd9ca882c"
".intake\migration\venv-before-relocation\Lib\site-packages\numpy\typing\mypy_plugin.py","7035","2dcdf4da4bf3f2beeb1d2621c1b3c720cb4a763791cf9ab0067773549c3447aa"
".intake\migration\venv-before-relocation\Lib\site-packages\numpy\typing\tests\__init__.py","0","e3b0c44298fc1c149afbf4c8996fb92427ae41e4649b934ca495991b7852b855"
".intake\migration\venv-before-relocation\Lib\site-packages\numpy\typing\tests\data\mypy.ini","222","e94a21feae80d89a1dd4affae4845371a0df7c392d4c420ae856941c7cc258f0"
".intake\migration\venv-before-relocation\Lib\site-packages\numpy\typing\tests\data\pass\arithmetic.py","8548","766b0c08f564e7a1a512fe7ec25dce08e596190e7e35e3ba34e6db2ea51b3197"
".intake\migration\venv-before-relocation\Lib\site-packages\numpy\typing\tests\data\pass\array_constructors.py","2584","c3b6ee5445111ce599ae8eb62f6f44cadd086b805af90a5591c136183a6823c7"
".intake\migration\venv-before-relocation\Lib\site-packages\numpy\typing\tests\data\pass\array_like.py","976","6ecccf261816b3cad8b37f5d5ad4c73e3ee31bb75d339ce87caacf37f0c0a952"
".intake\migration\venv-before-relocation\Lib\site-packages\numpy\typing\tests\data\pass\arrayprint.py","803","353c35809f6fdd30d5c11a2fe33b20ff6eeb23e9dd2ae1b898389d05610a5727"
".intake\migration\venv-before-relocation\Lib\site-packages\numpy\typing\tests\data\pass\arrayterator.py","422","a8fc8323fdfc335e796eb2d6db90b25677fafb665f9f43049e3f0da9a7691200"
".intake\migration\venv-before-relocation\Lib\site-packages\numpy\typing\tests\data\pass\bitwise_ops.py","1090","8b934780a9a0daadbbcfa9a50a32a33b785ac9d1913d99942f726cfb98c0b76d"
".intake\migration\venv-before-relocation\Lib\site-packages\numpy\typing\tests\data\pass\comparisons.py","3721","013edc4f722cefd8315561792bcbc1c708785c18d7b72e46d547f144703134ee"
".intake\migration\venv-before-relocation\Lib\site-packages\numpy\typing\tests\data\pass\dtype.py","1127","611b13c0a110e6226d74a084408c9b53f9cbf33f16abd854f8166610eec78d01"
".intake\migration\venv-before-relocation\Lib\site-packages\numpy\typing\tests\data\pass\einsumfunc.py","1406","09774bbd0b14da20ea41ceddd93451092c20b90cc9d12243167db748378e3ae6"
".intake\migration\venv-before-relocation\Lib\site-packages\numpy\typing\tests\data\pass\flatiter.py","288","2561b9810f51a920eb83d5762a54a01ad00d9c1ec90d114933d7b5e3027463f8"
".intake\migration\venv-before-relocation\Lib\site-packages\numpy\typing\tests\data\pass\fromnumeric.py","4263","6cfd211106184093a7efe71ed2b01ff1cbeec595f725ae86492942b4d8440543"
".intake\migration\venv-before-relocation\Lib\site-packages\numpy\typing\tests\data\pass\index_tricks.py","1466","ca652b4db1dca5846000f5718707571747ffd5a1410c1644a7f51edc1c5d7591"
".intake\migration\venv-before-relocation\Lib\site-packages\numpy\typing\tests\data\pass\lib_user_array.py","640","aaf0a6ab7dae6658062fbeaef2cca0be0b81893a612ebb7c5fe9956989dec740"
".intake\migration\venv-before-relocation\Lib\site-packages\numpy\typing\tests\data\pass\lib_utils.py","336","5c4734bfb6f0112f82e43e069122504924d2025e6783bb6aead0968f78f16c23"
".intake\migration\venv-before-relocation\Lib\site-packages\numpy\typing\tests\data\pass\lib_version.py","317","4e52d92bcb1e902326fff596a36d8565f65ce34ce973310d7facbf4cd8c1a42c"
".intake\migration\venv-before-relocation\Lib\site-packages\numpy\typing\tests\data\pass\literal.py","1525","f264dbaead8b324aa0e783536b8d2deb8314a53f87e99ba8f285d4adc1b820a9"
".intake\migration\venv-before-relocation\Lib\site-packages\numpy\typing\tests\data\pass\ma.py","4093","b63f92a1cbdd20fe3dfae9b728e05224b8f0bffc41a1b5b66dbc8a5089a8de11"
".intake\migration\venv-before-relocation\Lib\site-packages\numpy\typing\tests\data\pass\mod.py","1720","2196e946f1f5f54e216cb25f9b408acb28a127d6effa0e7ad5c62bef86c395aa"
".intake\migration\venv-before-relocation\Lib\site-packages\numpy\typing\tests\data\pass\modules.py","670","6eeccbbab6ade13206989b96de61ac1a4edd28d9a90437d03965905c57dbf547"
".intake\migration\venv-before-relocation\Lib\site-packages\numpy\typing\tests\data\pass\multiarray.py","1456","38653f007e7bd6fdb6f8bfc81c635175de1771baa5657b592f164b61976206ab"
".intake\migration\venv-before-relocation\Lib\site-packages\numpy\typing\tests\data\pass\ndarray_conversion.py","1530","e52cbf48644bfcd91bf63d3286c8f40ed37d6dae1a05cfca44bb1464ad52c8d0"
".intake\migration\venv-before-relocation\Lib\site-packages\numpy\typing\tests\data\pass\ndarray_misc.py","3607","ad8070f3ce521bbaaffb8daa08669ca3793aeede4d0b4f4c4fb5eb9302632bf6"
".intake\migration\venv-before-relocation\Lib\site-packages\numpy\typing\tests\data\pass\ndarray_shape_manipulation.py","855","a8d187f1704548f95e04c830d6d0ff8481b0066a4bb41e995445d3fff62334e9"
".intake\migration\venv-before-relocation\Lib\site-packages\numpy\typing\tests\data\pass\nditer.py","67","d70a518ad08d64a082dd6255ac54a1db66750fc8cfd95c5000cb731fc35ca55f"
".intake\migration\venv-before-relocation\Lib\site-packages\numpy\typing\tests\data\pass\numeric.py","1582","656377316f0b93fa9eab1dd50bd70c39e9052b6d68d36c67929509ad35987942"
".intake\migration\venv-before-relocation\Lib\site-packages\numpy\typing\tests\data\pass\numerictypes.py","348","25a0a3938cd03ce23aed7cea1b28b7748f8650c14cd80bc3ba78b0cd243bfd19"
".intake\migration\venv-before-relocation\Lib\site-packages\numpy\typing\tests\data\pass\random.py","63323","ccc84fb126d85234a8bba3e0802aa9dd0fa1603619cad4fb21e17ec01001e51d"
".intake\migration\venv-before-relocation\Lib\site-packages\numpy\typing\tests\data\pass\recfunctions.py","5138","f27ab0fa3f296e350da3a7fdd9f1630309b9ef3cc32cfd8fad8e837a1996bfc9"
".intake\migration\venv-before-relocation\Lib\site-packages\numpy\typing\tests\data\pass\scalars.py","4409","7894b7ecc3ec7c229e909871596634e4226f54fa27af1f1b536a8a9b24945414"
".intake\migration\venv-before-relocation\Lib\site-packages\numpy\typing\tests\data\pass\shape.py","458","a12911d1a90568806b5c5717e03d78662476630d6b1ec652a0b2852ff4236aff"
".intake\migration\venv-before-relocation\Lib\site-packages\numpy\typing\tests\data\pass\simple.py","2925","17a422ece2eb6d4adc6498811863c48eecaf93533b8e939a2327b04c22555b91"
".intake\migration\venv-before-relocation\Lib\site-packages\numpy\typing\tests\data\pass\ufunc_config.py","1269","8263133ebabc80b5c9652050a0ea49720cc8cd680cc7e93f7ad28f5782924c99"
".intake\migration\venv-before-relocation\Lib\site-packages\numpy\typing\tests\data\pass\ufunclike.py","1403","f6dfba4746fb1e61398dccc9a7475c34e3fb233f73694134f75f008057de25f6"
".intake\migration\venv-before-relocation\Lib\site-packages\numpy\typing\tests\data\pass\ufuncs.py","438","82f75c08da0651f3740a74269fa9358fa82176df331a425d71172072d994e3c0"
".intake\migration\venv-before-relocation\Lib\site-packages\numpy\typing\tests\data\pass\warnings_and_errors.py","167","ab77354a633087260b610b0b8cad36017a61937fbde9896d4937537eb1252734"
".intake\migration\venv-before-relocation\Lib\site-packages\numpy\typing\tests\test_isfile.py","989","c7eed50422c80f83c05937802313e2b9360b87e0ff1db643e121123562302fb2"
".intake\migration\venv-before-relocation\Lib\site-packages\numpy\typing\tests\test_runtime.py","3217","b0f1a2bf75eb9a5bdc6f6207dfd09485b7b8c3d2e6652604812a11c3f8400af4"
".intake\migration\venv-before-relocation\Lib\site-packages\numpy\typing\tests\test_typing.py","6627","c3bfc5bcbf0262ffe1728eea3afdb60aa767cd1fffd4e8ee1d4104df3501f6d9"
".intake\migration\venv-before-relocation\Lib\site-packages\numpy\version.py","304","0a513aff3493d714fb1f0caa58448b8aed418f9d160a7b0c07dcbb3785dc8b9d"
".intake\migration\venv-before-relocation\Lib\site-packages\PIL\__init__.py","2122","3fffff8502f4b59ca61d39cce713d55ffef046954262fce1abac3e97f3803734"
".intake\migration\venv-before-relocation\Lib\site-packages\PIL\__main__.py","140","5fc788a469661df9e9ef36b3a7999d6afdb6f08b5c7f696488c3f4b4b53a5fd7"
".intake\migration\venv-before-relocation\Lib\site-packages\PIL\_binary.py","2664","ba6dc47fa221e747297ee81afcbdaef2ea9be664c7a4b51f5382563132e0b20b"
".intake\migration\venv-before-relocation\Lib\site-packages\PIL\_deprecate.py","2106","522ac3970b3279feaeeac2ffae51379a72ad45fd666af9a7864b7fd4f03b43c0"
".intake\migration\venv-before-relocation\Lib\site-packages\PIL\_tkinter_finder.py","558","1f5530ddd57b8161c88ffa2c527245c56875691b10d8c74aa4d3f7bd0c10716d"
".intake\migration\venv-before-relocation\Lib\site-packages\PIL\_typing.py","964","b7e3154b97ffa5174bf8cd3bd9866a957141fc3f33d4a3a5f0470ab13fddf6ce"
".intake\migration\venv-before-relocation\Lib\site-packages\PIL\_util.py","713","78ff087e658999b13f3ea6d425be2a4ea18d2e2e334f44d369daebaa6ca483b6"
".intake\migration\venv-before-relocation\Lib\site-packages\PIL\_version.py","91","8367607a728dc206da64e3de6b24f826f3030d7f3c053f25c3b3a1fde94fb9d7"
".intake\migration\venv-before-relocation\Lib\site-packages\PIL\AvifImagePlugin.py","9596","80733b71d411630ea63c782333de241a12bd83f0f1cafcd8ccde4516bed4b5a1"
".intake\migration\venv-before-relocation\Lib\site-packages\PIL\BdfFontFile.py","3463","2c54f5932a79e45789cd0b1fbd64694f2f53009f5485e3fe7bd95e2ddf77cf35"
".intake\migration\venv-before-relocation\Lib\site-packages\PIL\BlpImagePlugin.py","17048","522b1467bdc20f8edfd8b19346573e4df6f10dda93915b72a3b8efe6f6104c17"
".intake\migration\venv-before-relocation\Lib\site-packages\PIL\BmpImagePlugin.py","20377","e23760527cf54ebb06b6e56d73be70ff896666c04f55fdd1047bf99434f9da63"
".intake\migration\venv-before-relocation\Lib\site-packages\PIL\BufrStubImagePlugin.py","1757","3b2a82334b9422e153315099108f4fda20377a83785d540f7c57cdb835bfc9e4"
".intake\migration\venv-before-relocation\Lib\site-packages\PIL\ContainerIO.py","4777","23ac8efd814412a30a035724804133176aff224e69fc68ccf91ad63896234a56"
".intake\migration\venv-before-relocation\Lib\site-packages\PIL\CurImagePlugin.py","2814","3aab7fa3ba3b1d758a01e368073544be1c4a14cbf75b751cf390a73a842e8612"
".intake\migration\venv-before-relocation\Lib\site-packages\PIL\DcxImagePlugin.py","2264","2f6d5cde0557e883e6938cee7ff96db779807917dcb8209c5e1902569b9e7765"
".intake\migration\venv-before-relocation\Lib\site-packages\PIL\DdsImagePlugin.py","19733","eae2016bb3476be917ff549086c18b89d8e911d0f6d3f0900486a90fe2808cac"
".intake\migration\venv-before-relocation\Lib\site-packages\PIL\EpsImagePlugin.py","17253","3582af51b5623fc766008fa1e3df028a918aaf7073f4f6435fc5d1607f3deb2c"
".intake\migration\venv-before-relocation\Lib\site-packages\PIL\ExifTags.py","10339","362cafb665044fbf41322a248a3313a7fabc75e596ce9c9db5371305f272f0a1"
".intake\migration\venv-before-relocation\Lib\site-packages\PIL\features.py","11118","cbf7a5342ce007a46030ff4031fdc274e3f78dda0de21a38bf1a122b383a7967"
".intake\migration\venv-before-relocation\Lib\site-packages\PIL\FitsImagePlugin.py","4875","2ff9142b7f02394b95f65a13e64f4366a12df74a3600245d64f63696fb1ed0bd"
".intake\migration\venv-before-relocation\Lib\site-packages\PIL\FliImagePlugin.py","5113","2f5bdfe108ec68c57479141399fcb5c27a89f65f61195e65bd320b5bbce7cc3f"
".intake\migration\venv-before-relocation\Lib\site-packages\PIL\FontFile.py","4419","a424a370fdf10adc8e780110f3e12f9366e0e479ec49c560400e715108ff0554"
".intake\migration\venv-before-relocation\Lib\site-packages\PIL\FpxImagePlugin.py","7724","b3610e701e56459102379804abd517a576a44e2dfc905322133d8ccd1029c7f5"
".intake\migration\venv-before-relocation\Lib\site-packages\PIL\FtexImagePlugin.py","3685","fb32afbe131373351ede8d1fe07a430bdfc32ba94a1d3e4b0017f4af9fb797ee"
".intake\migration\venv-before-relocation\Lib\site-packages\PIL\GbrImagePlugin.py","3156","21bff2df967334e98ca86d92b8eca3c518773b1b78d90a5c11c80b6ba0619ad0"
".intake\migration\venv-before-relocation\Lib\site-packages\PIL\GdImageFile.py","2951","ace96a8ea2945fc25827a18b1b3a8792cf85a4033bdb43b2a1d1c636222e9283"
".intake\migration\venv-before-relocation\Lib\site-packages\PIL\GifImagePlugin.py","43596","0cf9dd837ba23b412c95765aea4422bbf6e7c2210c6eefde91eab43d4308b0d5"
".intake\migration\venv-before-relocation\Lib\site-packages\PIL\GimpGradientFile.py","4137","cec216d4c915ea4a39964e072555de8121d4df250fc16d695329d1b39cf48990"
".intake\migration\venv-before-relocation\Lib\site-packages\PIL\GimpPaletteFile.py","1935","126047710f44c42e1fe3bb5a0fb4bb1ba55a324afd1e3ca7955f0d7535d5e624"
".intake\migration\venv-before-relocation\Lib\site-packages\PIL\GribStubImagePlugin.py","1786","73c88f12a40e48171616a756122b9cb9b8da5f061f6520761a365761568f0313"
".intake\migration\venv-before-relocation\Lib\site-packages\PIL\Hdf5StubImagePlugin.py","1768","ac831d7fbb83b248c9ab07ba0af18bc3fb6325f875828e6f2929e67ed05d08a8"
".intake\migration\venv-before-relocation\Lib\site-packages\PIL\IcnsImagePlugin.py","12798","4e8092cb968527bffa9e266ccc53917c232bf3f5393babe0775447315aff27fa"
".intake\migration\venv-before-relocation\Lib\site-packages\PIL\IcoImagePlugin.py","13499","0d9a018f6ccabfbe9293de8f2aaf1e97d69900cd89df050b56a3dea27a3fd33d"
".intake\migration\venv-before-relocation\Lib\site-packages\PIL\Image.py","158171","59f1b98ed7bfd7b516b9f13ffd9dd3bc0aa1a495042accdb5ae4609b41c329d5"
".intake\migration\venv-before-relocation\Lib\site-packages\PIL\ImageChops.py","8257","859f043d43e5408cee82c11e755f2dae4297d230420c66fa0acce66ba65e3194"
".intake\migration\venv-before-relocation\Lib\site-packages\PIL\ImageCms.py","41773","0effeeecadc71257d6eabcbd4cf43277ff35c6aeda0e7ba4c60ab67676bf49de"
".intake\migration\venv-before-relocation\Lib\site-packages\PIL\ImageColor.py","9761","295faeec79d95abacbdf3b8100e2ea7ab23eeef15c5d3c5d2dea1a6158ec9f02"
".intake\migration\venv-before-relocation\Lib\site-packages\PIL\ImageDraw.py","36421","98aa4388d2629866aad9dd734bec67ad3f9981ab1ed4390281b4c17be9027cf6"
".intake\migration\venv-before-relocation\Lib\site-packages\PIL\ImageDraw2.py","7470","1b4388cfbb0e5bf4e7af5b431ee8d3c8f54476aa216fb33838e3ade19424550c"
".intake\migration\venv-before-relocation\Lib\site-packages\PIL\ImageEnhance.py","3740","ba00d4d2c963691ff369389bb6e9a54ef7fea851f5c755ba97640ca5cdfce975"
".intake\migration\venv-before-relocation\Lib\site-packages\PIL\ImageFile.py","30828","e972c9d8785ad1fd44f860a375d8719f3fdff8e46da1cc311950699f93e4f539"
".intake\migration\venv-before-relocation\Lib\site-packages\PIL\ImageFilter.py","19714","1702a1b8f1c497a99f816a3aa94509b2ba2ce357ec480308c015e406c6bcc15e"
".intake\migration\venv-before-relocation\Lib\site-packages\PIL\ImageFont.py","65080","e9601111f8817e8387fd792b3643e709a5a11febea43cb49de1732e776ba5f60"
".intake\migration\venv-before-relocation\Lib\site-packages\PIL\ImageGrab.py","8475","b0df963537d02a3f90a20b6385edd5338efc7b6b28ee2248f30de562d1358530"
".intake\migration\venv-before-relocation\Lib\site-packages\PIL\ImageMath.py","10659","d39d8fd05608b184178f75263ff0b04a0509de58e8e6945f14dfe4eac85e4496"
".intake\migration\venv-before-relocation\Lib\site-packages\PIL\ImageMode.py","2480","50b900fa3b02806c31563af62cf48fe367439a3ea759a424f4be142a3eca7d28"
".intake\migration\venv-before-relocation\Lib\site-packages\PIL\ImageMorph.py","10673","56bd50401e6f198a4655f7d11894287781fbfc095098ede5f81961a5a61e0f22"
".intake\migration\venv-before-relocation\Lib\site-packages\PIL\ImageOps.py","26446","ad146c4c218335150d4099e851f1f78c582f5df6c46648893f0ab56dea38a3e4"
".intake\migration\venv-before-relocation\Lib\site-packages\PIL\ImagePalette.py","9498","f4a973fbb23a253494a7695f64933a5740f270540a926e91c5fc970d3e14fe7c"
".intake\migration\venv-before-relocation\Lib\site-packages\PIL\ImagePath.py","391","6679c9baf40db5b2918429abeb54c4984875bd5579ffdd163043cbf0ea72e65f"
".intake\migration\venv-before-relocation\Lib\site-packages\PIL\ImageQt.py","6903","4a9c4778f81687981d8d5206342e061b9bfd577b26426fe73e224372b8671d77"
".intake\migration\venv-before-relocation\Lib\site-packages\PIL\ImageSequence.py","2341","82e64751da56af39f3664718d0e6290f3b85d2e15794212edbad283feedefdf2"
".intake\migration\venv-before-relocation\Lib\site-packages\PIL\ImageShow.py","10684","d660d3b5502fb540e2d414a9eeefa85541c368deecd916c99196f07d0eb62082"
".intake\migration\venv-before-relocation\Lib\site-packages\PIL\ImageStat.py","5662","5b4b946bc60d0babe1a3095ead2cd923013b46ef8aa76ad6baa18d2c114b672a"
".intake\migration\venv-before-relocation\Lib\site-packages\PIL\ImageText.py","19087","082c1145853cadd845f42775d7ac896b6cc63d9b2e80572cf579acb6fcc01d54"
".intake\migration\venv-before-relocation\Lib\site-packages\PIL\ImageTk.py","8398","4f1d337fd913681b801af66ea342401eb35b9379fa7b0af86677569d6c592b44"
".intake\migration\venv-before-relocation\Lib\site-packages\PIL\ImageTransform.py","4052","66eea8c925c436dabbd76fa792a14ba9a7d83ef891020b209337cb586d0add5f"
".intake\migration\venv-before-relocation\Lib\site-packages\PIL\ImageWin.py","8345","7d018c99917dc076f4f6d33c7697ccb8de5ac75bfe1c3d38389a645ce6b1ddc7"
".intake\migration\venv-before-relocation\Lib\site-packages\PIL\ImImagePlugin.py","11992","5fd881490e31eeb6aec5b3889fbda3eefe9301481995da580f970073a67530d0"
".intake\migration\venv-before-relocation\Lib\site-packages\PIL\ImtImagePlugin.py","2768","afe643cf75e38ba10117c7949caea2b8211912d965a74c4b452210d3f875e141"
".intake\migration\venv-before-relocation\Lib\site-packages\PIL\IptcImagePlugin.py","6663","e05b6e7b88dd6bba546342e1dbbd8e0df84e0488893992b4410d9ed0f610c228"
".intake\migration\venv-before-relocation\Lib\site-packages\PIL\Jpeg2KImagePlugin.py","15088","00e20588471f2455caa9018885d958480c3d23e6d8f087eb421450fc0f6b3c18"
".intake\migration\venv-before-relocation\Lib\site-packages\PIL\JpegImagePlugin.py","32223","049fc12cf436b101a5622456a1b83ba8b28b54cf8106d3953aed751bb0c08f3f"
".intake\migration\venv-before-relocation\Lib\site-packages\PIL\JpegPresets.py","12621","51422c2b3bf2cdd3f3b2774e0ddf747aefe5b8ca9ab86d4f261d7450eb90be68"
".intake\migration\venv-before-relocation\Lib\site-packages\PIL\McIdasImagePlugin.py","1955","3fd77592be12b5ed10564c5faa2c77d6c7c60fcb169fe7959982b4c20e83bc8c"
".intake\migration\venv-before-relocation\Lib\site-packages\PIL\MicImagePlugin.py","2702","b82c463389652053e37eed8a8e2fb34a73da727aa2194646aacfc3b5bdc992d2"
".intake\migration\venv-before-relocation\Lib\site-packages\PIL\MpegImagePlugin.py","2094","91e9bdce87ec06d22aeb194c25cb0590e5d370908f1080a4f657214df47da432"
".intake\migration\venv-before-relocation\Lib\site-packages\PIL\MpoImagePlugin.py","6987","ffc580b1881e62444336ab32d08ff2c38a72c3471a75dadfd4c5940cd2808636"
".intake\migration\venv-before-relocation\Lib\site-packages\PIL\MspImagePlugin.py","6072","bb75dc1140d81926046847543a19e3867a64650264a537520781251e9c4e3e58"
".intake\migration\venv-before-relocation\Lib\site-packages\PIL\PaletteFile.py","1270","41d11af7d8cb0be3cf844a86cbaff87c3b9af13cca4925339007987029455fb3"
".intake\migration\venv-before-relocation\Lib\site-packages\PIL\PalmImagePlugin.py","8965","2247aeefa9db5ba83130696a516c1b579ec12441abd775465c842f9162b9e265"
".intake\migration\venv-before-relocation\Lib\site-packages\PIL\PcdImagePlugin.py","1842","819b027170c8a845532b6cfe1962a9b53db9a455350143a0a6bdc9d3a7233c28"
".intake\migration\venv-before-relocation\Lib\site-packages\PIL\PcfFontFile.py","7240","50f65bca80f8295af7df1b6da0f6a2db5d63ce8f8f0e92386dc9f26cb0eee75e"
".intake\migration\venv-before-relocation\Lib\site-packages\PIL\PcxImagePlugin.py","6596","5e6f1423fe7f01006c89693b07c489add784ffccfb0d20405269cda636e79396"
".intake\migration\venv-before-relocation\Lib\site-packages\PIL\PdfImagePlugin.py","9720","3c3f19e0ea596e3f572f479bed0d9b18bc3846552d77c74f2c2e14e86ff60036"
".intake\migration\venv-before-relocation\Lib\site-packages\PIL\PdfParser.py","39753","c5e04f3c748cc2b7f711208a1689b7c3af0e61e11cb454ee06a209fb5217b901"
".intake\migration\venv-before-relocation\Lib\site-packages\PIL\PixarImagePlugin.py","1830","f919ee2521a1185f0cb14b221d9ab757307157e04d9cadf99018c97e1633c17b"
".intake\migration\venv-before-relocation\Lib\site-packages\PIL\PngImagePlugin.py","53977","26e6495edc516f7589dea911c330d7f16d4ec96eed78af838da00902e77e6040"
".intake\migration\venv-before-relocation\Lib\site-packages\PIL\PpmImagePlugin.py","12719","22331d42c009691d13c90bb591ddebe28eaad28e49295c2ae21475d0e7804715"
".intake\migration\venv-before-relocation\Lib\site-packages\PIL\PsdImagePlugin.py","9249","b3ce408b7129bc190d12ce0db3ad408e114a048b134669021878a7e72afb372d"
".intake\migration\venv-before-relocation\Lib\site-packages\PIL\PSDraw.py","7230","eec05f0067c19aa9d958c4e445f2e6e28057b519415c0b984fffcd3f71ad1f0d"
".intake\migration\venv-before-relocation\Lib\site-packages\PIL\QoiImagePlugin.py","8831","c25feb0cc7e1c9c5aae865c1157f31ce8235d5728c6567afd9629288ce2df372"
".intake\migration\venv-before-relocation\Lib\site-packages\PIL\report.py","105","ea6ecd3afd5adb8e7bed9889a315fcf62a7925e3a07f63b517de5febed4ae5a3"
".intake\migration\venv-before-relocation\Lib\site-packages\PIL\SgiImagePlugin.py","6602","4f0891938baa8e0836d7e3a2154066044d893d63a30c716654f8141fbbce3b75"
".intake\migration\venv-before-relocation\Lib\site-packages\PIL\SpiderImagePlugin.py","10626","b0087770827cbc65aee9619de92721c9ca2aec36a338fa25680a31abbea5b68c"
".intake\migration\venv-before-relocation\Lib\site-packages\PIL\SunImagePlugin.py","4734","60a604bee1b84149227acdf838ab5758a4d8499f14deacdc13fbdd4eb3ae46cc"
".intake\migration\venv-before-relocation\Lib\site-packages\PIL\TarIO.py","1503","2bab4b9050dc69aaf7bdbe84c986fb1b8a15101e35c7f2ccb8625e513f70e434"
".intake\migration\venv-before-relocation\Lib\site-packages\PIL\TgaImagePlugin.py","8017","52bbc8363a079783087f2c5fe5b2f75519425af38deee0e92507e6cf7c939588"
".intake\migration\venv-before-relocation\Lib\site-packages\PIL\TiffImagePlugin.py","88301","7c7c771b1358c4096239c5973199672870c7e4cc34c4ce33a391695a7e251df7"
".intake\migration\venv-before-relocation\Lib\site-packages\PIL\TiffTags.py","17772","16c76a6c8409388ee2846ecc67f2b8614403678ce8fab6986e28550dee3653d1"
".intake\migration\venv-before-relocation\Lib\site-packages\PIL\WalImageFile.py","5891","70b442298cac9c4d2fe59fd47745ded180de338988c45197a83231f157ae31c6"
".intake\migration\venv-before-relocation\Lib\site-packages\PIL\WebPImagePlugin.py","10289","c7022669e4536810944b2d1a5a69a18dc7176706cbd36363994b0fcc2003d69c"
".intake\migration\venv-before-relocation\Lib\site-packages\PIL\WmfImagePlugin.py","5390","136d180c964920aad44327ed3a6ac9ac0b97ba60c6662c231f237620a282c9b8"
".intake\migration\venv-before-relocation\Lib\site-packages\PIL\XbmImagePlugin.py","2767","c1cd0da5f4f3952871f589a2d33c28d1a5598c36b8fc1ecd1221b64e008eeb94"
".intake\migration\venv-before-relocation\Lib\site-packages\PIL\XpmImagePlugin.py","4539","232f0ac0e8e7546541c5f4f6c6d0f737050a52dcec0f678753b3aeb48461a9d9"
".intake\migration\venv-before-relocation\Lib\site-packages\PIL\XVThumbImagePlugin.py","2209","384b448508022cb82fc7c275888f75d533338c9e624e538ea90a4b431d5bcd0e"
".intake\migration\venv-before-relocation\Lib\site-packages\pillow-12.3.0.dist-info\sboms\pillow-12.3.0.cdx.json","22279","40fa909b0f23405a7b97a6d91671a639a40acea7671b04387da22ba3e9fca50a"
".intake\migration\venv-before-relocation\Lib\site-packages\pillow-12.3.0.dist-info\top_level.txt","4","ae266aae4fa1c99aa1e5fd59d19c228b774a7f112c07286ef5c53d20e0c5f8d6"
".intake\migration\venv-before-relocation\Lib\site-packages\pip-25.0.1.dist-info\AUTHORS.txt","11018","1eace90552df4f5941b61a907e20e555e16483ae6127b650bef5a1a2af8102c0"
".intake\migration\venv-before-relocation\Lib\site-packages\pip-25.0.1.dist-info\entry_points.txt","87","79e223bb37e77d1d8fae16e39dbcc553a327492ef49192f1c1a1c7aba33e6c3d"
".intake\migration\venv-before-relocation\Lib\site-packages\pip-25.0.1.dist-info\LICENSE.txt","1093","634300a669d49aeae65b12c6c48c924c51a4cdf3d1ff086dc3456dc8bcaa2104"
".intake\migration\venv-before-relocation\Lib\site-packages\pip-25.0.1.dist-info\top_level.txt","4","ceebae7b8927a3227e5303cf5e0f1f7b34bb542ad7250ac03fbcde36ec2f1508"
".intake\migration\venv-before-relocation\Lib\site-packages\pip\__init__.py","357","68a8affec4deed46c4eea9ad0a29c9bad163a8dd0c9dd6506757ca2cdc0514b1"
".intake\migration\venv-before-relocation\Lib\site-packages\pip\__main__.py","854","5b36e11d74db484ea0058d7d98d37d9b8b39a3fdfae4b3af4d84a0aa06dd0611"
".intake\migration\venv-before-relocation\Lib\site-packages\pip\__pip-runner__.py","1450","70f3d6b89e8d2bf93e1b37ef95e8cb160c339985113a6a4047a402dd0faf9174"
".intake\migration\venv-before-relocation\Lib\site-packages\pip\_internal\__init__.py","513","31f7283a5b8367c40c08561a974e08a8e27daba9b657b6b468eb2723e58ec54a"
".intake\migration\venv-before-relocation\Lib\site-packages\pip\_internal\build_env.py","10700","0efe14082952838b8d69a97f84bfadae0e7ece5dc8b3d0ae203c640a10a45c5e"
".intake\migration\venv-before-relocation\Lib\site-packages\pip\_internal\cache.py","10369","25bebdf29e4f362811b695b9a36eb040d92452fe0c9d0f7899ce3bd702fadc0d"
".intake\migration\venv-before-relocation\Lib\site-packages\pip\_internal\cli\__init__.py","132","1641c1829c716fefe077aaf51639cd85f30ecc0518c97a17289e9a6e28df7055"
".intake\migration\venv-before-relocation\Lib\site-packages\pip\_internal\cli\autocompletion.py","6865","2e58b732be9a0cdbbb664249145bf00f6fa1171348e80bf3f0ec0cc92e5356bb"
".intake\migration\venv-before-relocation\Lib\site-packages\pip\_internal\cli\base_command.py","8625","3598a7e8a3335bd3526332a4e1373c8ac6ff4d060a47808a7798fd9929b8e8f2"
".intake\migration\venv-before-relocation\Lib\site-packages\pip\_internal\cli\cmdoptions.py","30116","577041db6178feffd1907699e689d69ecce16c1b63619bcd85b9fd33434ed072"
".intake\migration\venv-before-relocation\Lib\site-packages\pip\_internal\cli\command_context.py","774","4478083f0b4e6e1e4a84cadddd8653925f336d51bee8e92697b61b157e04860d"
".intake\migration\venv-before-relocation\Lib\site-packages\pip\_internal\cli\index_command.py","5677","8bfb203653e65c2e621d4698f9d9a6ac728a4e07393b8856ce2b2be40975aebd"
".intake\migration\venv-before-relocation\Lib\site-packages\pip\_internal\cli\main_parser.py","4338","95a0e9b2e04397a9327f2c29f5e30c03db3ce237c7d932499febe62f4186f74c"
".intake\migration\venv-before-relocation\Lib\site-packages\pip\_internal\cli\main.py","2817","04365e7fe6d67bd83d269af8395b387437fef38e4726c2b0f37e53ec0a849c07"
".intake\migration\venv-before-relocation\Lib\site-packages\pip\_internal\cli\parser.py","10825","54232d76ecc409457ceca68736efb127ec0b34bf36c93df1d7a5785c1c4e02a2"
".intake\migration\venv-before-relocation\Lib\site-packages\pip\_internal\cli\progress_bars.py","2717","f46720bac5adc1faa8bb6ce1010a755cd6d01c80ec96acb2cfd5302f3c3b2607"
".intake\migration\venv-before-relocation\Lib\site-packages\pip\_internal\cli\req_command.py","12250","0ea78586650cb3aa3a12ff2a6b001c3a860d74066c7f2292d0c648e63b096304"
".intake\migration\venv-before-relocation\Lib\site-packages\pip\_internal\cli\spinners.py","5118","84827cdc67ab74580509da1b200db726081eb5e825fee0b84a9e7cea7cc56cf1"
".intake\migration\venv-before-relocation\Lib\site-packages\pip\_internal\cli\status_codes.py","116","b0414751a5096eabfc880acbdc702d733b5666618e157d358537ac4b2b43121d"
".intake\migration\venv-before-relocation\Lib\site-packages\pip\_internal\commands\__init__.py","3882","e6844ef4eddd336bc6ba1d1b170e0739595eb6bcabcf91c732698f5b026b1fd5"
".intake\migration\venv-before-relocation\Lib\site-packages\pip\_internal\commands\cache.py","8107","20e7b34e27078c6139b16741c769f03d581b8ee247337b3e059124a592de9ae6"
".intake\migration\venv-before-relocation\Lib\site-packages\pip\_internal\commands\check.py","2268","1ebff87a231df5c8150e012f8ed21dc3dd793662fb44e2165bc7a792bf2c94f4"
".intake\migration\venv-before-relocation\Lib\site-packages\pip\_internal\commands\completion.py","4287","1d3e250f46e0b1f947ab62038187e211da7b2061ad13bb3a320237c67d15404c"
".intake\migration\venv-before-relocation\Lib\site-packages\pip\_internal\commands\configuration.py","9766","9fdf1e9f0a7acb46f91ba7e24508da668e3716524a62f7bf75a32137ee0144d7"
".intake\migration\venv-before-relocation\Lib\site-packages\pip\_internal\commands\debug.py","6797","0cd0d1804f58b0aadb633534b3754a8bcac7b4a1785f5dc227f6ebffc3d45ced"
".intake\migration\venv-before-relocation\Lib\site-packages\pip\_internal\commands\download.py","5273","d2a0749f2b3a6443eca20e39d650ec8cbe41c7b67deedf81f34a0564a869cca3"
".intake\migration\venv-before-relocation\Lib\site-packages\pip\_internal\commands\freeze.py","3203","d95b7bd816134a6f6bcee7ba77c74dcedf2277158ae036fa1ddf9a9eaec643cd"
".intake\migration\venv-before-relocation\Lib\site-packages\pip\_internal\commands\hash.py","1703","11554ebaf1ada0f11d162f1236799daa5090ae10b157e909b1dc2d75c0a75c64"
".intake\migration\venv-before-relocation\Lib\site-packages\pip\_internal\commands\help.py","1132","81c73a40391c80730eb809f9531699c004adb1106b9c64a7ff2c634b9ec92283"
".intake\migration\venv-before-relocation\Lib\site-packages\pip\_internal\commands\index.py","4731","4405f1989c058556f94b5058cdbe627d7dec9fd35af2fd8209563048c3fca5aa"
".intake\migration\venv-before-relocation\Lib\site-packages\pip\_internal\commands\inspect.py","3189","3c6ad8f53453442337cb9325f01764f0310e5eab9645fb1caf80d1a352ce4cf7"
".intake\migration\venv-before-relocation\Lib\site-packages\pip\_internal\commands\install.py","29390","af7c87414c6fc6dee00f98fd9facd10ec940bedc7d093ff084bb9025c92da7a3"
".intake\migration\venv-before-relocation\Lib\site-packages\pip\_internal\commands\list.py","12769","a222334a32cfebffddedd212dead176f9cb0b1a393841591a8cca38cace43dd3"
".intake\migration\venv-before-relocation\Lib\site-packages\pip\_internal\commands\search.py","5626","7d6914415c7f826f1e6db14094282ab712974fdacd6a1a49f8123fff71cd6698"
".intake\migration\venv-before-relocation\Lib\site-packages\pip\_internal\commands\show.py","7857","d180610a06b73c077cd6f4f797b5167e592d4a9079f9a62a41c2710553dacd53"
".intake\migration\venv-before-relocation\Lib\site-packages\pip\_internal\commands\uninstall.py","3892","ee9391ede9caefa8229b2c506f3c5c1b53acc8b5cbdc3bd7f77f7198cf05bed8"
".intake\migration\venv-before-relocation\Lib\site-packages\pip\_internal\commands\wheel.py","6414","789461affaa834dc5602491d24236240cec25dde04d7f632421b2a26704f1868"
".intake\migration\venv-before-relocation\Lib\site-packages\pip\_internal\configuration.py","14005","f8a3a893a8e1de11735cc3d014f275fc416306902c81ef914ab790b8b1cb9b3a"
".intake\migration\venv-before-relocation\Lib\site-packages\pip\_internal\distributions\__init__.py","858","1eaea4b7a8170608cd8ade614d358b03378234e2a807e374a46612a9e86b962f"
".intake\migration\venv-before-relocation\Lib\site-packages\pip\_internal\distributions\base.py","1783","41e07daaf2970c88cb74f0431397cc8297c6a8c302afe828be7ba84271ae885f"
".intake\migration\venv-before-relocation\Lib\site-packages\pip\_internal\distributions\installed.py","842","4229c715b58043ca04d296c3f0c1595a4c259df5354184dc700d6f9e1ae560e5"
".intake\migration\venv-before-relocation\Lib\site-packages\pip\_internal\distributions\sdist.py","6751","3e570fe1aebe47a73df179ce33e6fa2e46f7aecbe1f621b8a24f2c85a6a7af3b"
".intake\migration\venv-before-relocation\Lib\site-packages\pip\_internal\distributions\wheel.py","1317","4c70587e7bfb555b7c99884c614b47d774b513b143c2d0f20df994725f1a8b41"
".intake\migration\venv-before-relocation\Lib\site-packages\pip\_internal\exceptions.py","26481","dbf6f221222fde44a723ff53f84b1fc6bb742e74d181c507cb1bb4b70b078d06"
".intake\migration\venv-before-relocation\Lib\site-packages\pip\_internal\index\__init__.py","30","be9b7e25e4d979f87c6be142db665e0525c555bb817174868882e141925a3694"
".intake\migration\venv-before-relocation\Lib\site-packages\pip\_internal\index\collector.py","16265","45d3ced092c0966c8158f0166073f24681a3cf718d01e4e78023646c67b2fe61"
".intake\migration\venv-before-relocation\Lib\site-packages\pip\_internal\index\package_finder.py","38076","9891c0963947787b9c972bb1b63bc164ee83b68bca8ec66317fb4287fc2ec791"
".intake\migration\venv-before-relocation\Lib\site-packages\pip\_internal\index\sources.py","8632","94f04b2b95e2cbc43a210322a36e9697ba1c7d938a9201a494804dc94276ddf2"
".intake\migration\venv-before-relocation\Lib\site-packages\pip\_internal\locations\__init__.py","14925","51a031799fdff77172a2eb857f8a7b497605fb85acb57b84bdddcb6e63c2027a"
".intake\migration\venv-before-relocation\Lib\site-packages\pip\_internal\locations\_distutils.py","6013","c7a9f254b8fb5f5d58e2484875ffa6165c4c97615669db5512079bf2ea5cfd62"
".intake\migration\venv-before-relocation\Lib\site-packages\pip\_internal\locations\_sysconfig.py","7724","206cddb3ad2ab059de468802fa8781698edb121de53edfefe3b90c2428505ec5"
".intake\migration\venv-before-relocation\Lib\site-packages\pip\_internal\locations\base.py","2556","45088f8b5778155336071934e1d4215d9d8faa47a58c42f67d967d498a8843bf"
".intake\migration\venv-before-relocation\Lib\site-packages\pip\_internal\main.py","340","afe52751ef072e8e57149cfc8a74dc38e4e2bbfb313618076fa57094652594e2"
".intake\migration\venv-before-relocation\Lib\site-packages\pip\_internal\metadata\__init__.py","4337","094f232b54d9b28ee338b76bd2c5fdc438eb72ce62cbc77b2112be86f6883b96"
".intake\migration\venv-before-relocation\Lib\site-packages\pip\_internal\metadata\_json.py","2707","7b3ac861acc708834cd90524d5e03dc0400c8f769e19678356019a9605332a97"
".intake\migration\venv-before-relocation\Lib\site-packages\pip\_internal\metadata\base.py","25298","7edd0ae57360238113a999d1bf6f82b6f81888c38c01e18c033c53f9fe952c90"
".intake\migration\venv-before-relocation\Lib\site-packages\pip\_internal\metadata\importlib\__init__.py","135","8d4522768c671dc7c84c71da0161b51b68b97dd058925bffb89723a36c7b5581"
".intake\migration\venv-before-relocation\Lib\site-packages\pip\_internal\metadata\importlib\_compat.py","2796","73a6aff2c3fc0418c066e152268c358967f28145cd337c514c29f99eac3a07d3"
".intake\migration\venv-before-relocation\Lib\site-packages\pip\_internal\metadata\importlib\_dists.py","8279","7ed9988b27d41942239d5c2de96f888ec8a6cb9736f0a8265e5cb9439210d8fe"
".intake\migration\venv-before-relocation\Lib\site-packages\pip\_internal\metadata\importlib\_envs.py","7431","51407df345d2ac35ab329435fc6e398b4afc1ea960fed83720f43ade612a6cd7"
".intake\migration\venv-before-relocation\Lib\site-packages\pip\_internal\metadata\pkg_resources.py","10542","534ec44c020d4867924417d6506f77138b5965b696fdfecf1b312a64dd21ba57"
".intake\migration\venv-before-relocation\Lib\site-packages\pip\_internal\models\__init__.py","63","dc31d477fab1a4fa337f3a2ea2a6bd83db6cd42cebe6a6877c5c5b9f1ae27a93"
".intake\migration\venv-before-relocation\Lib\site-packages\pip\_internal\models\candidate.py","753","cf380546ec3f9163e32a91b0ecb0b4654303d8243611b7ab50862cf22ce37420"
".intake\migration\venv-before-relocation\Lib\site-packages\pip\_internal\models\direct_url.py","6578","b81b58d871dddd33bd70a4095a1d1386f139151afe3164580a1454e081bd1d91"
".intake\migration\venv-before-relocation\Lib\site-packages\pip\_internal\models\format_control.py","2486","c2db10a922bd1da522371404b81f82eb67958a6c3a1b8fd5405c55f7efca0c11"
".intake\migration\venv-before-relocation\Lib\site-packages\pip\_internal\models\index.py","1030","b589cbf28c468b8692356babd261bc0c03fbac2eb2ba16bf33024ef31c3472b2"
".intake\migration\venv-before-relocation\Lib\site-packages\pip\_internal\models\installation_report.py","2818","cd1559a1acfedafb2b7b38ff1f784b3a131908af5ced36f35a00be8ce6a50f4d"
".intake\migration\venv-before-relocation\Lib\site-packages\pip\_internal\models\link.py","21448","190f21abbc7e14314fbf6e4d6e7daf78833e32506b1990c62ddeda65e1785eb8"
".intake\migration\venv-before-relocation\Lib\site-packages\pip\_internal\models\scheme.py","575","3da9261c93377bc38e592645b5fcf5033edfd6678e3499e41ae431165b77c011"
".intake\migration\venv-before-relocation\Lib\site-packages\pip\_internal\models\search_scope.py","4531","ebb3449ec618f38efce12f8c33b7a442ea3d2972c7fbb333167b578daa6f028d"
".intake\migration\venv-before-relocation\Lib\site-packages\pip\_internal\models\selection_prefs.py","2015","a9a15f0ecddc8aaa173e0eb1c78e4dd633cba9c70b270e0dd2ce0fd0fc874d0f"
".intake\migration\venv-before-relocation\Lib\site-packages\pip\_internal\models\target_python.py","4271","d97687dab679645f8ae707096c4306125ed2aab4d3a030cd92bb50daffefffe4"
".intake\migration\venv-before-relocation\Lib\site-packages\pip\_internal\models\wheel.py","4539","1bb74d0ffb3879b3e410bed1275a8263442151458820ae809e35a04404c5e67a"
".intake\migration\venv-before-relocation\Lib\site-packages\pip\_internal\network\__init__.py","50","8dfe93b799d5ffbce401106b2a88c85c8b607a3be87a054954a51b8406b92287"
".intake\migration\venv-before-relocation\Lib\site-packages\pip\_internal\network\auth.py","20809","0f88004a352baa80c5952b7a810efaeca0008efe8f532254d29b839615cd5511"
".intake\migration\venv-before-relocation\Lib\site-packages\pip\_internal\network\cache.py","4614","d3218c03711eb79f710522ed6cf01e9ef239ddd976f6850e7aa67673440bd92b"
".intake\migration\venv-before-relocation\Lib\site-packages\pip\_internal\network\download.py","6048","14b38fdbd74f6040818808bb7848ef01b364cb368a36a6f28ce4f69bc1cf5bc5"
".intake\migration\venv-before-relocation\Lib\site-packages\pip\_internal\network\lazy_wheel.py","7622","3c176832835040803ce058609dedfc8d6179d96e31fcab6c1e3c60bf876444a0"
".intake\migration\venv-before-relocation\Lib\site-packages\pip\_internal\network\session.py","18771","9ac3387acd7a2e698d118364ad8ca0f1f4dcee00076ca165b5ac1f28fdbb2ce2"
".intake\migration\venv-before-relocation\Lib\site-packages\pip\_internal\network\utils.py","4088","2276b17a5f8dc41bb83d05a48f212b7677dec2c1427201e987b773475f856e86"
".intake\migration\venv-before-relocation\Lib\site-packages\pip\_internal\network\xmlrpc.py","1838","b00c7339a709f8dd4d5c63ef6a9f630b7cee6164a79efdc65ed811dbe13600f0"
".intake\migration\venv-before-relocation\Lib\site-packages\pip\_internal\operations\__init__.py","0","e3b0c44298fc1c149afbf4c8996fb92427ae41e4649b934ca495991b7852b855"
".intake\migration\venv-before-relocation\Lib\site-packages\pip\_internal\operations\build\__init__.py","0","e3b0c44298fc1c149afbf4c8996fb92427ae41e4649b934ca495991b7852b855"
".intake\migration\venv-before-relocation\Lib\site-packages\pip\_internal\operations\build\build_tracker.py","4774","f80456fd37231c2397ec3d8d50e1a7b41e0581ce9be1aa25b179002ba0562fbc"
".intake\migration\venv-before-relocation\Lib\site-packages\pip\_internal\operations\build\metadata_editable.py","1510","c6503070ff6affcfdf9afff7237f70f4467b49057d867259afd56e4ecab663af"
".intake\migration\venv-before-relocation\Lib\site-packages\pip\_internal\operations\build\metadata_legacy.py","2190","f22ea2d50657f66fe528f4ad105b0728cd0c4f86be083e34f093b0f7d75a2e6a"
".intake\migration\venv-before-relocation\Lib\site-packages\pip\_internal\operations\build\metadata.py","1422","f52d02503f14dd0a99797a7e672b7c1f1c14f74944e10ae760382ba990f30677"
".intake\migration\venv-before-relocation\Lib\site-packages\pip\_internal\operations\build\wheel_editable.py","1417","c8eb681face9024a0a60452dafc161ceb62790d1d0690063590d8761a7b53108"
".intake\migration\venv-before-relocation\Lib\site-packages\pip\_internal\operations\build\wheel_legacy.py","3045","2beea43619a3fb5c43178e67cb5ca178c7ab174ba2e04a1008bcc4a0787afad7"
".intake\migration\venv-before-relocation\Lib\site-packages\pip\_internal\operations\build\wheel.py","1075","b13d761412c0c430bac32ac3a2b87c92f719d631b9a889c2456cf33fe5242624"
".intake\migration\venv-before-relocation\Lib\site-packages\pip\_internal\operations\check.py","5912","2f6e2f44bf1559bcb2c1da1e02133cf5609df332d39e321b50b94a7a552021e7"
".intake\migration\venv-before-relocation\Lib\site-packages\pip\_internal\operations\freeze.py","9843","d7f33bf630102a70b15abf8a082987b955ce54519a5091e6a162df173821ecae"
".intake\migration\venv-before-relocation\Lib\site-packages\pip\_internal\operations\install\__init__.py","51","997ee1c83d863413b69851a8903437d2bfc65efed8fcf2ddb71714bf5e387beb"
".intake\migration\venv-before-relocation\Lib\site-packages\pip\_internal\operations\install\editable_legacy.py","1283","3e812c3443c66c8676c90a613ec9984ca2ce08cb3882fe4e7027735b5db835c0"
".intake\migration\venv-before-relocation\Lib\site-packages\pip\_internal\operations\install\wheel.py","27615","5f9233f72520e4b94ae55350f60da291ce9d711bbc10f8bf4948b98ae103460a"
".intake\migration\venv-before-relocation\Lib\site-packages\pip\_internal\operations\prepare.py","28118","8e8589c0f92ea86b1c42054d2262caef57bd8516a9c0abd108cf07725cac9af5"
".intake\migration\venv-before-relocation\Lib\site-packages\pip\_internal\pyproject.py","7286","18b27aad6452e7fda7a0a75a8e88682f20edcb9ed9ed05e17140188219939d67"
".intake\migration\venv-before-relocation\Lib\site-packages\pip\_internal\req\__init__.py","2653","1f1045b59cbf05b09c94b82bdbac1a32da7361d3b94f7bf178fbe91805d2b79b"
".intake\migration\venv-before-relocation\Lib\site-packages\pip\_internal\req\constructors.py","18430","bf5ab308dd66225770c7e9c2acf73c24ee25c649b716ff0ce515afb7c2c84a37"
".intake\migration\venv-before-relocation\Lib\site-packages\pip\_internal\req\req_file.py","20234","7b2b3cd8c72068808e1a27365194478c3ef6d2988a24fc2679261d5e55b097ac"
".intake\migration\venv-before-relocation\Lib\site-packages\pip\_internal\req\req_install.py","35786","04ca6dc47620dae1bf6feec714450b3dbde7bb0d053006ee79af334eadab13bc"
".intake\migration\venv-before-relocation\Lib\site-packages\pip\_internal\req\req_set.py","2858","8f77ac1b4b3a4b3a1545e5fdad69f8ae960db72113fdfc316f024f4629af471a"
".intake\migration\venv-before-relocation\Lib\site-packages\pip\_internal\req\req_uninstall.py","23853","ab30c8c49a3e3844d6a866a2b3bb523020dc59b013600053f9389dde2b72174b"
".intake\migration\venv-before-relocation\Lib\site-packages\pip\_internal\resolution\__init__.py","0","e3b0c44298fc1c149afbf4c8996fb92427ae41e4649b934ca495991b7852b855"
".intake\migration\venv-before-relocation\Lib\site-packages\pip\_internal\resolution\base.py","583","aa59a1df6e520557ef1ba31ef6073936c879b1dc07070cc706ae9a117b4ab0b0"
".intake\migration\venv-before-relocation\Lib\site-packages\pip\_internal\resolution\legacy\__init__.py","0","e3b0c44298fc1c149afbf4c8996fb92427ae41e4649b934ca495991b7852b855"
".intake\migration\venv-before-relocation\Lib\site-packages\pip\_internal\resolution\legacy\resolver.py","24068","dc766224145dd454cdea3429238a913bcf936cb61e21b5134ba3c5bd79d7b36c"
".intake\migration\venv-before-relocation\Lib\site-packages\pip\_internal\resolution\resolvelib\__init__.py","0","e3b0c44298fc1c149afbf4c8996fb92427ae41e4649b934ca495991b7852b855"
".intake\migration\venv-before-relocation\Lib\site-packages\pip\_internal\resolution\resolvelib\base.py","5023","0c27faebd16cab2418e6ea9779e3c31d06357b840efa9073587f0ed2cf7e2bde"
".intake\migration\venv-before-relocation\Lib\site-packages\pip\_internal\resolution\resolvelib\candidates.py","20001","e54675ba93679aab0ffa798465a0d8c5a0600a87a3c3f7b65951a6980bc1c577"
".intake\migration\venv-before-relocation\Lib\site-packages\pip\_internal\resolution\resolvelib\factory.py","32659","30938b499258f3fdbc3cf75cbada10ea08c9ff57810ede99d5e76d7d32724781"
".intake\migration\venv-before-relocation\Lib\site-packages\pip\_internal\resolution\resolvelib\found_candidates.py","6383","f61ad3c90a85be5f48ed38e2efd1750311efdfd421d6b909ffb75e48748c7d07"
".intake\migration\venv-before-relocation\Lib\site-packages\pip\_internal\resolution\resolvelib\provider.py","9935","6dcb059d8be59ad07cd1cc15756d5f23082897c64daf57f5547c914e4cf8ed23"
".intake\migration\venv-before-relocation\Lib\site-packages\pip\_internal\resolution\resolvelib\reporter.py","3168","d3426da171244e5c34fab97fb25e7877bd5abf03ac247b7d1861dcae3e52cdad"
".intake\migration\venv-before-relocation\Lib\site-packages\pip\_internal\resolution\resolvelib\requirements.py","8065","ec91b867bd9ee58938bd4d12e6e946bdba93cb814c406621639cd0857f734ed6"
".intake\migration\venv-before-relocation\Lib\site-packages\pip\_internal\resolution\resolvelib\resolver.py","12592","9cb24eb15304562da0414549a1414a31901ebb67fb19132318cbcd496cb3d017"
".intake\migration\venv-before-relocation\Lib\site-packages\pip\_internal\self_outdated_check.py","8318","d4f16db6dbcb01ec82551ded3e806adac3a53c3d0827e292a94e9b7351d493d7"
".intake\migration\venv-before-relocation\Lib\site-packages\pip\_internal\utils\__init__.py","0","e3b0c44298fc1c149afbf4c8996fb92427ae41e4649b934ca495991b7852b855"
".intake\migration\venv-before-relocation\Lib\site-packages\pip\_internal\utils\_jaraco_text.py","3350","335e6e50f221e4da4fd6d754181c516aeeaad59004b48f3e5f22c4113b1c15f1"
".intake\migration\venv-before-relocation\Lib\site-packages\pip\_internal\utils\_log.py","1015","fa31cb384fd31da673e4115c0a7a122fd11802d2749d77a6e3db3da1fe23bcac"
".intake\migration\venv-before-relocation\Lib\site-packages\pip\_internal\utils\appdirs.py","1665","b3081c4ca3a6ddd68b7974d6eafe41512d938b646f1271914181ffc835e4940a"
".intake\migration\venv-before-relocation\Lib\site-packages\pip\_internal\utils\compat.py","2399","724905bde0626108d15a390db1a8edfe858f4b9eed26f13c5f1a02e0e2188026"
".intake\migration\venv-before-relocation\Lib\site-packages\pip\_internal\utils\compatibility_tags.py","6272","396ab96b11e95be30410fced19dbe0003ae024f01c57d6bcf11c66e19f1506cf"
".intake\migration\venv-before-relocation\Lib\site-packages\pip\_internal\utils\datetime.py","242","9b6d58df002d41cfa38ba55e6fa93f33983a034672148e1e81c853767c21fa94"
".intake\migration\venv-before-relocation\Lib\site-packages\pip\_internal\utils\deprecation.py","3707","93b420fd404069a4ddcaaf3661501103a0fb4667064d71afedf9df7208a08f84"
".intake\migration\venv-before-relocation\Lib\site-packages\pip\_internal\utils\direct_url_helpers.py","3196","af6311b64543002bfd006a983830540bd0a3c20b6c514d6cebc86681f08932d0"
".intake\migration\venv-before-relocation\Lib\site-packages\pip\_internal\utils\egg_link.py","2463","d0578f6685182afe11190dadeb1ef0e59e36ef06c0fd4a375999c092b82cbaaa"
".intake\migration\venv-before-relocation\Lib\site-packages\pip\_internal\utils\entrypoints.py","3064","62584b4d1976a07040baa85cfb398bed4492ebb4cf5951c89a3780407ade6534"
".intake\migration\venv-before-relocation\Lib\site-packages\pip\_internal\utils\filesystem.py","4950","6a3bc0faae28725896f643e9f18aae87ee2fb2c5dbbbe50a6e8e4557d5785fae"
".intake\migration\venv-before-relocation\Lib\site-packages\pip\_internal\utils\filetypes.py","716","8bc5c04347850a8836e85c3dc95d186f5ca002a298075c3d0b3f67d1f8fc8195"
".intake\migration\venv-before-relocation\Lib\site-packages\pip\_internal\utils\glibc.py","3734","bd4916abfd6926ecdc60d70628b9509800685228ac2bc9e8618d7273c5aae30e"
".intake\migration\venv-before-relocation\Lib\site-packages\pip\_internal\utils\hashes.py","4972","5c618b2f4006f3e4615a7cb3f3bc45e8c159fbe04a69d1d4df90f8ede02908a2"
".intake\migration\venv-before-relocation\Lib\site-packages\pip\_internal\utils\logging.py","11845","38d7dbae1683db8f1a924a2c2bbf627fdee7db4100071c233b1a79744e510916"
".intake\migration\venv-before-relocation\Lib\site-packages\pip\_internal\utils\misc.py","23450","0d69d8c41508b63469ee1871120e2287a3fa6292abca433ce9d6e2fc4714f124"
".intake\migration\venv-before-relocation\Lib\site-packages\pip\_internal\utils\packaging.py","2142","726f97ff41d51d5fe3470515661e80b845aa4a2b737fc129689ed4bf6506bba0"
".intake\migration\venv-before-relocation\Lib\site-packages\pip\_internal\utils\retry.py","1392","9a115bca45e38539d97e0cdebb2faf97d73c9c40a7627fc232dc0d257dad6334"
".intake\migration\venv-before-relocation\Lib\site-packages\pip\_internal\utils\setuptools_build.py","4435","a2e5e9b9dfa3792f313f24cfb1727e9b7e0d3ef2b9a2ce39a2d03375257f2091"
".intake\migration\venv-before-relocation\Lib\site-packages\pip\_internal\utils\subprocess.py","8988","12cbea49189230717df13f13c66bba34b53753ef8ca534d08ed36028fd0ffbe3"
".intake\migration\venv-before-relocation\Lib\site-packages\pip\_internal\utils\temp_dir.py","9310","e6a3977bc33825e63abda15033cebb779ce4a756d2c0c67e293e63ca698fd198"
".intake\migration\venv-before-relocation\Lib\site-packages\pip\_internal\utils\unpacking.py","11967","fe055dcb34d10cc624b699d89639f83a8c6b653b4c09fe319274a6e2b2b459a0"
".intake\migration\venv-before-relocation\Lib\site-packages\pip\_internal\utils\urls.py","1599","a9c7923996f995b343ac736cbfbfd2e0be18b6cce36b93703ca50c9d91db6273"
".intake\migration\venv-before-relocation\Lib\site-packages\pip\_internal\utils\virtualenv.py","3456","4ba7fb72c628ad1a620fa72f9f78c849961cdc8f0f242e371f988c1694401035"
".intake\migration\venv-before-relocation\Lib\site-packages\pip\_internal\utils\wheel.py","4494","6f8e368e4c9d1478d7cc3cba70c47b329cd6049d50f36851e45df77267075778"
".intake\migration\venv-before-relocation\Lib\site-packages\pip\_internal\vcs\__init__.py","596","500aafce96e2d156d9a3751beac904799030fa8a08651fb35ff5a909bc720a85"
".intake\migration\venv-before-relocation\Lib\site-packages\pip\_internal\vcs\bazaar.py","3528","10a4ad71068aa4dbb434ae29e50d7439ce316f70d4c45c34db85eb272e346c54"
".intake\migration\venv-before-relocation\Lib\site-packages\pip\_internal\vcs\git.py","18177","deda5cf4b400fc9e08556e6be4dbd669a49e0f372624ead215937427cbc829f5"
".intake\migration\venv-before-relocation\Lib\site-packages\pip\_internal\vcs\mercurial.py","5249","a142ce8732765227bed3a775a2690bfbf19cea6786694932a20bea1bd642c8fb"
".intake\migration\venv-before-relocation\Lib\site-packages\pip\_internal\vcs\subversion.py","11735","75d4ee80706a1f357779b2a55394171cf378814aa5c976cec7cabc3605cabecf"
".intake\migration\venv-before-relocation\Lib\site-packages\pip\_internal\vcs\versioncontrol.py","22440","72f7fffa19d302340b5c9dddd7b14c36141f70ed4070a594175d2d7eb6323fe7"
".intake\migration\venv-before-relocation\Lib\site-packages\pip\_internal\wheel_builder.py","11799","0cbdc0f0b29e463fc00a9d75592e704a001280f16a7b201e5c929d5df99a5975"
".intake\migration\venv-before-relocation\Lib\site-packages\pip\_vendor\__init__.py","4873","258b805ef0a58489f122b036153a79a7ebae5952fb595ebebc4a53b38ebe421e"
".intake\migration\venv-before-relocation\Lib\site-packages\pip\_vendor\cachecontrol\__init__.py","677","2cc0b90817bde1944be71865cf0c8f0e61d7bc10f4a7b953e11dd9ef70fa6bf2"
".intake\migration\venv-before-relocation\Lib\site-packages\pip\_vendor\cachecontrol\_cmd.py","1737","8a2b2dd84a7326f0d5221300c57abc8859d306c89901dea2a65c5f98d6e83729"
".intake\migration\venv-before-relocation\Lib\site-packages\pip\_vendor\cachecontrol\adapter.py","6348","7de6e36382d5f3b8a20882b78dc97c887e7c89a480edbf56928bec0722032b46"
".intake\migration\venv-before-relocation\Lib\site-packages\pip\_vendor\cachecontrol\cache.py","1953","397c2fec59f60309ca3626a12479e3b6f68a2e776f54bbfffb33be96d955f6a2"
".intake\migration\venv-before-relocation\Lib\site-packages\pip\_vendor\cachecontrol\caches\__init__.py","303","76daebae82b90670034751968c2675f5a674b45b0c7ef141b4b410535b29fda8"
".intake\migration\venv-before-relocation\Lib\site-packages\pip\_vendor\cachecontrol\caches\file_cache.py","5399","6fba0c82c452a8f984b289d5270eae144614945803e8617c4f269c3861b5c773"
".intake\migration\venv-before-relocation\Lib\site-packages\pip\_vendor\cachecontrol\caches\redis_cache.py","1386","f6b9aac2d62efe58d5916ebfa0ba9b0bb11a5ff6bc613ff22ee9daf9e4b4760a"
".intake\migration\venv-before-relocation\Lib\site-packages\pip\_vendor\cachecontrol\controller.py","18576","8256cf8f6899946a9d060f33d3d0f60ed40ece83865e75afcbb2b62c4c81b044"
".intake\migration\venv-before-relocation\Lib\site-packages\pip\_vendor\cachecontrol\filewrapper.py","4291","da4b5734f1342aa9f2cc5db868eb0a080e7c1d0ab5c5e0ba97683aff3c238217"
".intake\migration\venv-before-relocation\Lib\site-packages\pip\_vendor\cachecontrol\heuristics.py","4881","82a31753cc34810b8442249dbb7620fb4bddf645bb9eb58a6cb71aef9ae17861"
".intake\migration\venv-before-relocation\Lib\site-packages\pip\_vendor\cachecontrol\serialize.py","5163","1d0776225950d391f33e454b3174c5dae5f99a31108c3064c42a94254383a599"
".intake\migration\venv-before-relocation\Lib\site-packages\pip\_vendor\cachecontrol\wrapper.py","1417","86c19cee0f101904d3fb87fcb60cf700ce6ac12720e853b405274b491744be95"
".intake\migration\venv-before-relocation\Lib\site-packages\pip\_vendor\certifi\__init__.py","94","a7f19866b8d4c0f0548692e5099a066f49a2281292a83032642e43bc8baa6c74"
".intake\migration\venv-before-relocation\Lib\site-packages\pip\_vendor\certifi\__main__.py","255","d64dc2afde6f0b1c464460e58eb5b7c0c76965d2f73617f4bb59fe936a9db026"
".intake\migration\venv-before-relocation\Lib\site-packages\pip\_vendor\certifi\core.py","4486","d92453e6b21c4028450db7b7ec141afa450bc40809f2a37a9758dfa93a781c8b"
".intake\migration\venv-before-relocation\Lib\site-packages\pip\_vendor\distlib\__init__.py","625","75cc2060660642a0046b00573c3b48c7cd033bfddc3a616ff074dcf093339274"
".intake\migration\venv-before-relocation\Lib\site-packages\pip\_vendor\distlib\compat.py","41467","da34528d1238a3ebe55de4cad8108621486473a7bd646852b1a711339a2c793c"
".intake\migration\venv-before-relocation\Lib\site-packages\pip\_vendor\distlib\database.py","51160","987cbf2f189722c21545bf93d3e89d06b54bc3715f8a3e6d7870a96e3989f585"
".intake\migration\venv-before-relocation\Lib\site-packages\pip\_vendor\distlib\index.py","20797","9536f0dbaf2b4618fc770d6c89bdd567fd048521a0a093b714a27348530e69e0"
".intake\migration\venv-before-relocation\Lib\site-packages\pip\_vendor\distlib\locators.py","51026","a0178066916e3d0498d3d3203672df4061805d7bd53bde8116967228cb8ae2d3"
".intake\migration\venv-before-relocation\Lib\site-packages\pip\_vendor\distlib\manifest.py","14168","dea7e6026570c51a94d68db70257d7ad0199ce1ea0fc61b34c03ff1dbf42e734"
".intake\migration\venv-before-relocation\Lib\site-packages\pip\_vendor\distlib\markers.py","5164","5fab03be41467184bc8145bc85fb16b8a10a02a85064027b89738c2f14588d89"
".intake\migration\venv-before-relocation\Lib\site-packages\pip\_vendor\distlib\metadata.py","38724","ce2977b20d8451f2d75628258d8d9dff4dc826df894acee75feef77c408c5f6b"
".intake\migration\venv-before-relocation\Lib\site-packages\pip\_vendor\distlib\resources.py","10820","2f06cf92c73403524c6e2e979ee3dd301527f375fb04fb85356a8f184288ebdf"
".intake\migration\venv-before-relocation\Lib\site-packages\pip\_vendor\distlib\scripts.py","18608","04996268301969507b580930a24802dc75f02c3da25a21da548e741fb0ba786f"
".intake\migration\venv-before-relocation\Lib\site-packages\pip\_vendor\distlib\util.py","66682","bcc3c6bec4b88fd845e98f64dd3ca89b569a1cb6f4ac5999004cb378075e97dc"
".intake\migration\venv-before-relocation\Lib\site-packages\pip\_vendor\distlib\version.py","23727","b39548b3cc019f47f1cc6c5633f680d99672c79db91dc65b32f713953c99dd18"
".intake\migration\venv-before-relocation\Lib\site-packages\pip\_vendor\distlib\wheel.py","43979","0c521582e1101c27719d27403b475f16c80c72f5598ad83b6c23ae2f067b03fb"
".intake\migration\venv-before-relocation\Lib\site-packages\pip\_vendor\distro\__init__.py","981","d9f1e317e49f80fbe3c8d67588787fc23a96751fd8a393831f0642d232c13e17"
".intake\migration\venv-before-relocation\Lib\site-packages\pip\_vendor\distro\__main__.py","64","6eef5ddd389fa0a72264572a441bb2815dc64ae4e19d50ff9b620ae1ccfde95b"
".intake\migration\venv-before-relocation\Lib\site-packages\pip\_vendor\distro\distro.py","49430","5ea6de7da7008434f8cebfedae76c0d79798f2f74ae064e08609af506ac433fe"
".intake\migration\venv-before-relocation\Lib\site-packages\pip\_vendor\idna\__init__.py","868","30fa8d0cb65b5ea19a35d5f1005862a853ca1105e3bb68cd42109ecbafb97893"
".intake\migration\venv-before-relocation\Lib\site-packages\pip\_vendor\idna\codec.py","3422","3c47b0dc8b70ce35b887299b6ac9edcb6376397bcd7201c1f898eb06ec473d86"
".intake\migration\venv-before-relocation\Lib\site-packages\pip\_vendor\idna\compat.py","316","4732f2e90402765f7bf3868585bd845fd10a1822638343f73e294675e5d7731f"
".intake\migration\venv-before-relocation\Lib\site-packages\pip\_vendor\idna\core.py","13239","60963200c9f089010f8d50b8f85aaefe9e0227ac8a2ae0c69a9a41350350a45b"
".intake\migration\venv-before-relocation\Lib\site-packages\pip\_vendor\idna\idnadata.py","78306","5b7d067081afb4e598c008d98f8663ba8b94bad0ba7df80dbb28c9cbb7d9fa5a"
".intake\migration\venv-before-relocation\Lib\site-packages\pip\_vendor\idna\intranges.py","1898","6a652d91d8587101bc66bf82a0c33f91545a731922bc2d568313756fadca29d5"
".intake\migration\venv-before-relocation\Lib\site-packages\pip\_vendor\idna\package_data.py","21","ab9f52dce5ec739548f23eaf483d2c18133293acd9e2f58544413cf3208960ab"
".intake\migration\venv-before-relocation\Lib\site-packages\pip\_vendor\idna\uts46data.py","239289","aedf742bd278d20512c29a433c2ae18e08b9000ea958ceb974419149feab2213"
".intake\migration\venv-before-relocation\Lib\site-packages\pip\_vendor\msgpack\__init__.py","1109","ade45a88eb44cd28cf9ebed3a718e022f6df967e6957ae8586b89c02cd9e0be8"
".intake\migration\venv-before-relocation\Lib\site-packages\pip\_vendor\msgpack\exceptions.py","1081","7424d67a2f1da64accb100dc8d093be004e5f47b08047d326edf3338f36a3187"
".intake\migration\venv-before-relocation\Lib\site-packages\pip\_vendor\msgpack\ext.py","5726","92d789bf4de7f6d633779a28df1628a554e8e2f45a031a27050409857a21659a"
".intake\migration\venv-before-relocation\Lib\site-packages\pip\_vendor\msgpack\fallback.py","32390","d20d4fce9d2fb66044989e70f45decffe24c55444ff114b81b571ce5345a02c2"
".intake\migration\venv-before-relocation\Lib\site-packages\pip\_vendor\packaging\__init__.py","494","764e136bfbe67552716070dc7f286f40dc3c5773e0481a2628d5ea83e0f62436"
".intake\migration\venv-before-relocation\Lib\site-packages\pip\_vendor\packaging\_elffile.py","3306","71f940400904db9b738589aafda0a2ef641f6d3fed9fcf75b4fcdfa5b7873b01"
".intake\migration\venv-before-relocation\Lib\site-packages\pip\_vendor\packaging\_manylinux.py","9612","be5e4e0a8cf8931f341f9af05ca7975a397d58d2121a6af86604e94cff6553d7"
".intake\migration\venv-before-relocation\Lib\site-packages\pip\_vendor\packaging\_musllinux.py","2694","a7d66a35888e22d19e7bc29c64578717f61c76157018774aeabfbc9608b1bc64"
".intake\migration\venv-before-relocation\Lib\site-packages\pip\_vendor\packaging\_parser.py","10236","b3f4ef4ef0cd2b436b336401dd529385d58533835cd0fe899e439b925dcc8e93"
".intake\migration\venv-before-relocation\Lib\site-packages\pip\_vendor\packaging\_structures.py","1431","ab77953666d62461bf4b40e2b7f4b7028f2a42acffe4f6135c500a0597b9cabe"
".intake\migration\venv-before-relocation\Lib\site-packages\pip\_vendor\packaging\_tokenizer.py","5273","27abf91fb273bdbfa0f35c69ff640008ac0eecbc47400ea292bc8c53bcd7c0df"
".intake\migration\venv-before-relocation\Lib\site-packages\pip\_vendor\packaging\licenses\__init__.py","5727","035d7af85538f7f0f3e35eb6338cb5b8089937846075cf3717135df048e57ea2"
".intake\migration\venv-before-relocation\Lib\site-packages\pip\_vendor\packaging\licenses\_spdx.py","48398","a009b5ced3c5c25b2608a7bb94002cbff38839f4b57160eef5b34191ebbeda7b"
".intake\migration\venv-before-relocation\Lib\site-packages\pip\_vendor\packaging\markers.py","10561","73cf5337307b65d198864a2f9ba3d89aa1b21f15e561568b5b9f753c750d283f"
".intake\migration\venv-before-relocation\Lib\site-packages\pip\_vendor\packaging\metadata.py","34762","60989b33b1987b8adef3ed1adce9579864be5c38131283b8b6506ddaadb90678"
".intake\migration\venv-before-relocation\Lib\site-packages\pip\_vendor\packaging\requirements.py","2947","818c9148075bac8c8a0d8ebaba02035108d132fc641f600b8a84e65f7b672faa"
".intake\migration\venv-before-relocation\Lib\site-packages\pip\_vendor\packaging\specifiers.py","40098","84653a92e09defb6cbfa6b082fac8b0a9e8c353ef94523142990ee8eedba73c5"
".intake\migration\venv-before-relocation\Lib\site-packages\pip\_vendor\packaging\tags.py","21014","085aab2730337365cd19ec5eac7fff4fe639230abb59bb185ec88b1112d6c58d"
".intake\migration\venv-before-relocation\Lib\site-packages\pip\_vendor\packaging\utils.py","5050","d05dc787d385b9182b8538066549792b6d85bf560fdad665d73ff680eea42620"
".intake\migration\venv-before-relocation\Lib\site-packages\pip\_vendor\packaging\version.py","16688","a221eacd352ffe9d768698e0b0b0d571a179853ee90da48e56250d303e064d6d"
".intake\migration\venv-before-relocation\Lib\site-packages\pip\_vendor\pkg_resources\__init__.py","124463","8eb84345b3ae6cfef842e3d7c5ded4ecfa38d8f1f697e2d9d977dc3bb965a59e"
".intake\migration\venv-before-relocation\Lib\site-packages\pip\_vendor\platformdirs\__init__.py","22344","26e791d9c44b93163b8b08a4faa356242c0a3ab025060560719fc81d0cea18b1"
".intake\migration\venv-before-relocation\Lib\site-packages\pip\_vendor\platformdirs\__main__.py","1505","8c127ccdbecca71e5e6dca85f37c6ba4ef7831a782a4d18755ff5cbc337624b8"
".intake\migration\venv-before-relocation\Lib\site-packages\pip\_vendor\platformdirs\android.py","9007","915e682f75770d9e9664abbdc85890ba9bf5f32a7f8e5495d82847d5398f71db"
".intake\migration\venv-before-relocation\Lib\site-packages\pip\_vendor\platformdirs\api.py","9246","d9d7d40cd6c45de0e10ca6abaad479358ee852291467845986cde8cecb668414"
".intake\migration\venv-before-relocation\Lib\site-packages\pip\_vendor\platformdirs\macos.py","6154","5256f2159f11ceedf19dd0aa4041eb7ec613787c187456a9d48a33fb2c6f793e"
".intake\migration\venv-before-relocation\Lib\site-packages\pip\_vendor\platformdirs\unix.py","10393","b913c9591c9012dbfbc8e4af53de2b526b1b968e572832c0d52cc5839e646cad"
".intake\migration\venv-before-relocation\Lib\site-packages\pip\_vendor\platformdirs\version.py","411","a07e0a8137cae009256d3615715ff2ca7bc9f492c8de9caf0d56b2d2146c2c2b"
".intake\migration\venv-before-relocation\Lib\site-packages\pip\_vendor\platformdirs\windows.py","10125","205a62a21501c313ed0b39722b036dc725b8264f2169ae96f28e7d99fac35d5a"
".intake\migration\venv-before-relocation\Lib\site-packages\pip\_vendor\pygments\__init__.py","2983","ecdd6889a5ae970fe70ac4d8e04122c582f3d79a56639bb8b8f005162fa27a55"
".intake\migration\venv-before-relocation\Lib\site-packages\pip\_vendor\pygments\__main__.py","353","8ac2210712e0eb99cb957ba41b856432e3df35d77b805cd367f47fcf743c7626"
".intake\migration\venv-before-relocation\Lib\site-packages\pip\_vendor\pygments\cmdline.py","23656","2c8573980ba7964f6c449269e783b8291cbd18320de16bb5deff69f50cdf18f3"
".intake\migration\venv-before-relocation\Lib\site-packages\pip\_vendor\pygments\console.py","1718","ca13fd52c2c056658a5507f6e38e8925ec2403b0225de7937f821e8373a2d9f5"
".intake\migration\venv-before-relocation\Lib\site-packages\pip\_vendor\pygments\filter.py","1910","fc00cd3c2b240fcfc69a87478bafcba1580f537661df7e9a0424f970e79332cd"
".intake\migration\venv-before-relocation\Lib\site-packages\pip\_vendor\pygments\filters\__init__.py","40392","45d79d2b629629794ac11edcbe47ebdcd523f588994203208a544c1548368cf0"
".intake\migration\venv-before-relocation\Lib\site-packages\pip\_vendor\pygments\formatter.py","4390","8c35814e7765047d99e486191550e73f4aa7d426934234d6b7b8801ad0a72448"
".intake\migration\venv-before-relocation\Lib\site-packages\pip\_vendor\pygments\formatters\__init__.py","5385","f0da3e354b3cac14d2481248bf8852110b76334705078870013d2c9d57364061"
".intake\migration\venv-before-relocation\Lib\site-packages\pip\_vendor\pygments\formatters\_mapping.py","4176","d42c37ec5b9094d69c9f144a9ad94f5f89f22e85fdfedb64a39670b1c354659e"
".intake\migration\venv-before-relocation\Lib\site-packages\pip\_vendor\pygments\formatters\bbcode.py","3320","dc940b238e6d72b43f91150c8ee69be82ec76f45d4b1b556aaa6d29fd70c8e42"
".intake\migration\venv-before-relocation\Lib\site-packages\pip\_vendor\pygments\formatters\groff.py","5106","337f64d0f692499467c568ea05254f905d26bb5f95afb6e6e91b05becf8234de"
".intake\migration\venv-before-relocation\Lib\site-packages\pip\_vendor\pygments\formatters\html.py","35669","484da3737602a9b312deb656f440260e501485d571279da003876295e12f0865"
".intake\migration\venv-before-relocation\Lib\site-packages\pip\_vendor\pygments\formatters\img.py","23287","330038c563cb3b087a8fb61cea81f38eea923edd0cd5f879afee414c82147ec5"
".intake\migration\venv-before-relocation\Lib\site-packages\pip\_vendor\pygments\formatters\irc.py","4981","769d59d25fce6c9e4d161f4c86a2c6839a6d1b986026a79d4f6564badb7dbf43"
".intake\migration\venv-before-relocation\Lib\site-packages\pip\_vendor\pygments\formatters\latex.py","19306","5cc9a1382a94283050b46e66189340158c40a6a682e69ba8e5c3263df2b7f78e"
".intake\migration\venv-before-relocation\Lib\site-packages\pip\_vendor\pygments\formatters\other.py","5034","e7a3cc24e9628a7fab01476744cd22d70b15d467543ddfddbd0ab4fd43df17d7"
".intake\migration\venv-before-relocation\Lib\site-packages\pip\_vendor\pygments\formatters\pangomarkup.py","2218","cb5e94d34695618105a5e09f19795805231a706e36e426dfa06f2829b29e8088"
".intake\migration\venv-before-relocation\Lib\site-packages\pip\_vendor\pygments\formatters\rtf.py","11957","653f7476670ac896e8201d2602b84bec8844e3aec65d13741bb4005201b4dd3a"
".intake\migration\venv-before-relocation\Lib\site-packages\pip\_vendor\pygments\formatters\svg.py","7174","28ab22a2984fba91eec66d12a3e32c6d0116393e7820089217b8593e6c6d2971"
".intake\migration\venv-before-relocation\Lib\site-packages\pip\_vendor\pygments\formatters\terminal.py","4674","0288cd1b83252aad8be88b02fd59d71eee006c70819fd3ada20eaee395efc5e2"
".intake\migration\venv-before-relocation\Lib\site-packages\pip\_vendor\pygments\formatters\terminal256.py","11753","90690d515a37169c23cad2034b489fefd12e528ae8029adc5adde282b708a93d"
".intake\migration\venv-before-relocation\Lib\site-packages\pip\_vendor\pygments\lexer.py","35349","4d81c3b7ffff80d5b86b14e5db3bcf65f7fe5508bc7cf68887938a45c5528d43"
".intake\migration\venv-before-relocation\Lib\site-packages\pip\_vendor\pygments\lexers\__init__.py","12115","a48971c9026ebbfb3287d944d3cd1cabc71e55b11570aa74a2c0055397dac095"
".intake\migration\venv-before-relocation\Lib\site-packages\pip\_vendor\pygments\lexers\_mapping.py","76097","eb5fa1df3af5d379b4d4e4b9054abf01f5222fd608d3a55eb3d8a943b938bebe"
".intake\migration\venv-before-relocation\Lib\site-packages\pip\_vendor\pygments\lexers\python.py","53687","d89fd826b3d3aff03a7c963fa8a88abf41a980fc0732b94c49ea39f6a3777dee"
".intake\migration\venv-before-relocation\Lib\site-packages\pip\_vendor\pygments\modeline.py","1005","82d4586414be08a3820d71e1199a80a5ba0705a670187f20ce73773ba9eec63e"
".intake\migration\venv-before-relocation\Lib\site-packages\pip\_vendor\pygments\plugin.py","1891","8a8789dd07a827e510859a58f492fbbdbc6c4d5bb0c0cec10aef896fc9cdd005"
".intake\migration\venv-before-relocation\Lib\site-packages\pip\_vendor\pygments\regexopt.py","3072","1e4cb8101d77ac85c41d050d930982ad8aad2259d70de84d477333b5a7d9e37c"
".intake\migration\venv-before-relocation\Lib\site-packages\pip\_vendor\pygments\scanner.py","3092","343cb7a1f2bf7c74452b88480efc696a61bcef569ec2a72c21beac8138bb1619"
".intake\migration\venv-before-relocation\Lib\site-packages\pip\_vendor\pygments\sphinxext.py","7981","88ea6d24172a3863f0304276a7bd0fbf0a593c819dbdd67c771beaea4cf10e00"
".intake\migration\venv-before-relocation\Lib\site-packages\pip\_vendor\pygments\style.py","6420","ad2099585a60d7f0f014c5c35349c456601c047a6e4067fd471bce3cf42f28b4"
".intake\migration\venv-before-relocation\Lib\site-packages\pip\_vendor\pygments\styles\__init__.py","2042","a9493aff5cf92a64fc11d2456588044a61ba3ff1c917fdaf56b0c3ec74821986"
".intake\migration\venv-before-relocation\Lib\site-packages\pip\_vendor\pygments\styles\_mapping.py","3312","ea5a2f154136f6dcfa12c5775d8638860a3327bab524bedc7cedd43a58274bcc"
".intake\migration\venv-before-relocation\Lib\site-packages\pip\_vendor\pygments\token.py","6226","a99c13ecb48fcb96016372600e3badeb8d820b2ec9750cc07e6a83f4d993e63d"
".intake\migration\venv-before-relocation\Lib\site-packages\pip\_vendor\pygments\unistring.py","63208","a797358be1e1a088567a6cbd094b1a37da37f68a266073715e59745dfc3ab440"
".intake\migration\venv-before-relocation\Lib\site-packages\pip\_vendor\pygments\util.py","10031","dad8f69d2d57f7f3a972e4a37fc74e113d9b0d5661b3c70429dfee4faf85820f"
".intake\migration\venv-before-relocation\Lib\site-packages\pip\_vendor\pyproject_hooks\__init__.py","691","70f07f6bd2d7cf9c6fb116d7d68daac807632dab5925d43f2dce4c70d5fe5fb6"
".intake\migration\venv-before-relocation\Lib\site-packages\pip\_vendor\pyproject_hooks\_impl.py","14936","8d8fab6b19e6c91c81e7baee022b6b25153311ec6e021193a6033282ac7aed9e"
".intake\migration\venv-before-relocation\Lib\site-packages\pip\_vendor\pyproject_hooks\_in_process\__init__.py","557","30934fa5f23170ef85821c6905bc641b5ac58907fa1ce51b5785399aad07167b"
".intake\migration\venv-before-relocation\Lib\site-packages\pip\_vendor\pyproject_hooks\_in_process\_in_process.py","12216","a9c5cc866c7ffcc209ab5d201875b7980e1397c772f18cc731c7309cda0a970d"
".intake\migration\venv-before-relocation\Lib\site-packages\pip\_vendor\requests\__init__.py","5057","1e507f1f386bcc6b5f0ff69a614c14875cd65cb67be7f6022f28adef9774573f"
".intake\migration\venv-before-relocation\Lib\site-packages\pip\_vendor\requests\__version__.py","435","1557e09606663509e660f5e93a8843539f05e4451bffe5674936807ac4b5f3b8"
".intake\migration\venv-before-relocation\Lib\site-packages\pip\_vendor\requests\_internal_utils.py","1495","9cc4329abe21b37d93a95a3901b0ab99c24486f3d487bc57965bb2ab0b252e24"
".intake\migration\venv-before-relocation\Lib\site-packages\pip\_vendor\requests\adapters.py","27607","27b55e571281bdac1bb655f60c4455a34e49f415d371660b30735dd4169af9b9"
".intake\migration\venv-before-relocation\Lib\site-packages\pip\_vendor\requests\api.py","6449","fd96fd39aeedcd5222cd32b016b3e30c463d7a3b66fce9d2444467003c46b10b"
".intake\migration\venv-before-relocation\Lib\site-packages\pip\_vendor\requests\auth.py","10186","905ef9b6a9cb72d67d31ffe19bd4d9223e1c4169cde6ec51cfca16b31e70991d"
".intake\migration\venv-before-relocation\Lib\site-packages\pip\_vendor\requests\certs.py","441","9070e590afdb7ae1d778c3dce63b5adb0825f2074a7945ade5fda74c356bbedf"
".intake\migration\venv-before-relocation\Lib\site-packages\pip\_vendor\requests\compat.py","1485","328f5ff7166979fa1df199be9fdfd2b497154e6c12ba45d1da9dc8432c955ef5"
".intake\migration\venv-before-relocation\Lib\site-packages\pip\_vendor\requests\cookies.py","18590","6cd8be8aa123e0d3d9d34fa86feac7bf392f39bccdde5129830de0ea9692dd7c"
".intake\migration\venv-before-relocation\Lib\site-packages\pip\_vendor\requests\exceptions.py","4272","0f5c2acd85a77b5992dab538ded3fd09e3751bb400cbb7aa2fda3582877a123c"
".intake\migration\venv-before-relocation\Lib\site-packages\pip\_vendor\requests\help.py","3813","85129a7fdbb41bb7ddc2ba8c1ed177a06d7a44a92d45fe8a8b0b52ab6168d7fd"
".intake\migration\venv-before-relocation\Lib\site-packages\pip\_vendor\requests\hooks.py","733","0a2bb2b221c0dfd57951f702057148c7cdc8ac3a6ec1f37d45c4d482fdbc7ed4"
".intake\migration\venv-before-relocation\Lib\site-packages\pip\_vendor\requests\models.py","35483","c782b80a61fe942d25d8a6fe88f7cc3787515f11c471b39a11604bfe2d3d0302"
".intake\migration\venv-before-relocation\Lib\site-packages\pip\_vendor\requests\packages.py","1057","fd94030894c9f123f79155ae9d2a81b1164d3f38f673558556a6ddaf4f29cf75"
".intake\migration\venv-before-relocation\Lib\site-packages\pip\_vendor\requests\sessions.py","30495","ca44c8f145864a5b4e7c7d3b1caa25947ee44c11b0e168620556901a67244f0e"
".intake\migration\venv-before-relocation\Lib\site-packages\pip\_vendor\requests\status_codes.py","4322","889500780db96da4ddc3ee8f7c3d1e178aa1a48343251248fb268cab1b382c42"
".intake\migration\venv-before-relocation\Lib\site-packages\pip\_vendor\requests\structures.py","2912","f886e6855cf4e92fb968f499b94b6167afba0fd5ce8d1b935c739a6d8d38d573"
".intake\migration\venv-before-relocation\Lib\site-packages\pip\_vendor\requests\utils.py","33631","2fbf6f9c56f32774852cab49c29a167b8d53a338b746566ff78a58d53148ca8c"
".intake\migration\venv-before-relocation\Lib\site-packages\pip\_vendor\resolvelib\__init__.py","537","879d3d4dd11ca5be7ee382689da5377b1d93335e465412e333d08d08fc274d3b"
".intake\migration\venv-before-relocation\Lib\site-packages\pip\_vendor\resolvelib\compat\__init__.py","0","e3b0c44298fc1c149afbf4c8996fb92427ae41e4649b934ca495991b7852b855"
".intake\migration\venv-before-relocation\Lib\site-packages\pip\_vendor\resolvelib\compat\collections_abc.py","156","bb2f31519f8d0c4c3dd7ab6e8145e6f0783008688c3b47fe45c767a647d77ceb"
".intake\migration\venv-before-relocation\Lib\site-packages\pip\_vendor\resolvelib\providers.py","5871","7eebaf56b09eb6ee60b313c1e37111ca37cef1a45e4b7ac5407a4382222d6ece"
".intake\migration\venv-before-relocation\Lib\site-packages\pip\_vendor\resolvelib\reporters.py","1601","4d26d1996cd3736eb0d2082c5756f15697960c1f10348adeeadc1897b1886411"
".intake\migration\venv-before-relocation\Lib\site-packages\pip\_vendor\resolvelib\resolvers.py","20511","1bcaec2d94aaeb883956622afa507b51c209d608c0c48409993178444665790d"
".intake\migration\venv-before-relocation\Lib\site-packages\pip\_vendor\resolvelib\structs.py","4963","d3fd7f5cef33fc22e17a03f75697fd549df325c7cb9b434e1d133e8b4624cf7a"
".intake\migration\venv-before-relocation\Lib\site-packages\pip\_vendor\rich\__init__.py","6090","751c6320bf926c5558d2adc88d232b7e00531eb9b52d90e02ceca0541c226197"
".intake\migration\venv-before-relocation\Lib\site-packages\pip\_vendor\rich\__main__.py","8477","78eec2abc267ae01bccd5a1e226880b3ddaade15cd3087e9d30e6532c3bb4366"
".intake\migration\venv-before-relocation\Lib\site-packages\pip\_vendor\rich\_cell_widths.py","10209","7db99ec9eb447478f313f571da5d6e2bbb673ce84cb365f59497cedefb0a0e90"
".intake\migration\venv-before-relocation\Lib\site-packages\pip\_vendor\rich\_emoji_codes.py","140235","86ed552fd9db55da6926b5688a356c85195c4517bfbf7763bb7326776b0a65d6"
".intake\migration\venv-before-relocation\Lib\site-packages\pip\_vendor\rich\_emoji_replace.py","1064","9fe91c7adb04531d99526850adf78c35cfad79e1a1a6e490e45f153c1b32bc3a"
".intake\migration\venv-before-relocation\Lib\site-packages\pip\_vendor\rich\_export_format.py","2128","448d3ca52ae6e6d052ccf32f9db4ea6c3f5621a95a3a837977833545398bab56"
".intake\migration\venv-before-relocation\Lib\site-packages\pip\_vendor\rich\_extension.py","265","5ede3b41a7022b062bbb38c38be80e06aef6e0945e0e3f429bdc548b97ebfb7e"
".intake\migration\venv-before-relocation\Lib\site-packages\pip\_vendor\rich\_fileno.py","799","1d66713f90b66a331b1ebcaf01066c79f9557d0a06cec28e1f3286b0b0fcca74"
".intake\migration\venv-before-relocation\Lib\site-packages\pip\_vendor\rich\_inspect.py","9655","40cd399441671684da16aa676f1fb304423a93ca082ab0f772f8c43903612a28"
".intake\migration\venv-before-relocation\Lib\site-packages\pip\_vendor\rich\_log_render.py","3225","d41c88d0f035669c5963708624e2b9e218e5ab85fe073fdba088c8a8277c2a7b"
".intake\migration\venv-before-relocation\Lib\site-packages\pip\_vendor\rich\_loop.py","1236","855ffa08b7683e6d2f6b6d96a70e332aa334458b33dd36715e3d0fa12fbd7834"
".intake\migration\venv-before-relocation\Lib\site-packages\pip\_vendor\rich\_null_file.py","1394","00318aa75cadfa4ef414c295ead9ea0aa79c07ead2273a7e590b03ecb3cbfa48"
".intake\migration\venv-before-relocation\Lib\site-packages\pip\_vendor\rich\_palettes.py","7063","71d7afd4940a67426f960b95f62a478339d3767be52335050c16f422dd8fce32"
".intake\migration\venv-before-relocation\Lib\site-packages\pip\_vendor\rich\_pick.py","423","7af0edf10378945e428b0ad421794e2429ed8ad0423ac23764b3c42005512c95"
".intake\migration\venv-before-relocation\Lib\site-packages\pip\_vendor\rich\_ratio.py","5471","66de7c6a9b3323a84001c5cfa607562a9bb7737d5405679b39e47899bca9b6f5"
".intake\migration\venv-before-relocation\Lib\site-packages\pip\_vendor\rich\_spinners.py","19919","536af5fe0ff5cd28ec8e251d00449cda200c7378b8ae2fd2f0f60fea4439cf52"
".intake\migration\venv-before-relocation\Lib\site-packages\pip\_vendor\rich\_stack.py","351","f82f0e2bbaf19f7b0851d570c59041a5e1e12335f4788f9533731e9987da5e6d"
".intake\migration\venv-before-relocation\Lib\site-packages\pip\_vendor\rich\_timer.py","417","cde9716d3ea83c566736bc163e973592d51e013f957387ee15c4592d018bb4c2"
".intake\migration\venv-before-relocation\Lib\site-packages\pip\_vendor\rich\_win32_console.py","22755","05268344833004b2139ff9b499344b3ea304e6afaab8675232e60ca587982707"
".intake\migration\venv-before-relocation\Lib\site-packages\pip\_vendor\rich\_windows_renderer.py","2783","b7be192f7c6e0c23f79e64e9f691f52f92e223671a909b9045095e1c225eae59"
".intake\migration\venv-before-relocation\Lib\site-packages\pip\_vendor\rich\_windows.py","1925","681c1a0ff4b9e926e0a2922f6b2566a64d18dbcbb06360b905a6f5c25dc1a7e2"
".intake\migration\venv-before-relocation\Lib\site-packages\pip\_vendor\rich\_wrap.py","3404","1654aca26e445f42d5900dca5b2df8c879c27cbb6a5fe6487a95ca87eef4ae97"
".intake\migration\venv-before-relocation\Lib\site-packages\pip\_vendor\rich\abc.py","890","38df84f99a924a1799f3c56b297d8cdcf5e915b18451464f31afc07f497ee1fd"
".intake\migration\venv-before-relocation\Lib\site-packages\pip\_vendor\rich\align.py","10469","461fb769d9c368dd40a34ec48d1d8f86013ad8f18b3e03bc48cc09064bb5bab4"
".intake\migration\venv-before-relocation\Lib\site-packages\pip\_vendor\rich\ansi.py","6921","02fb352c76d275cc8ebc339da442d952850b7018987b063be9e341a7ab85061b"
".intake\migration\venv-before-relocation\Lib\site-packages\pip\_vendor\rich\bar.py","3263","95d6d51cecca24e9df95536ebf5c52ee0e9d2d7d84df03275e474f6e9cc94dcb"
".intake\migration\venv-before-relocation\Lib\site-packages\pip\_vendor\rich\box.py","10831","9ebe5f608520841fe250212aeb2d19dcb9424fc8053c3af337dbb6927eed265e"
".intake\migration\venv-before-relocation\Lib\site-packages\pip\_vendor\rich\cells.py","5130","2ab4248f9f8b821082a492d23502320198e775ce1b9c4a8e1268b962e67d5026"
".intake\migration\venv-before-relocation\Lib\site-packages\pip\_vendor\rich\color_triplet.py","1054","de585091d25bbd63e82c33be0276089805a626f579765818342559f7b39168de"
".intake\migration\venv-before-relocation\Lib\site-packages\pip\_vendor\rich\color.py","18211","dc74942d50e3eea4245d47455afefc24e8926737f2e72d6791c6219dadbde95d"
".intake\migration\venv-before-relocation\Lib\site-packages\pip\_vendor\rich\columns.py","7131","1d45f429c326f5db0a362d757d36e233f876883b65f3248269573195a944ceaf"
".intake\migration\venv-before-relocation\Lib\site-packages\pip\_vendor\rich\console.py","100156","9ca8eb131ffbc72f0a1a60d54fe060348234479866d5c7b18401c3c1dc0d56a8"
".intake\migration\venv-before-relocation\Lib\site-packages\pip\_vendor\rich\constrain.py","1288","d5520fb82f0082d296adc9dc42b8c1758a80dc9556cacbba8d9a35aeb87b73b4"
".intake\migration\venv-before-relocation\Lib\site-packages\pip\_vendor\rich\containers.py","5502","73fe7a4f171e74662a0dea4704c4ee65d5088a38ad010827a31f9075ed19d6aa"
".intake\migration\venv-before-relocation\Lib\site-packages\pip\_vendor\rich\control.py","6630","0d29074d440ba2b7d211100a13fa1300450579f667669e1b41be2af2b1db2b0b"
".intake\migration\venv-before-relocation\Lib\site-packages\pip\_vendor\rich\default_styles.py","8159","759c606920fd554cbb49741284edf768b622016b290abdac0906455ff24ad63e"
".intake\migration\venv-before-relocation\Lib\site-packages\pip\_vendor\rich\diagnose.py","972","6a7eaea2ec2128f025bd0858a4d3691aaf44272b1f3083afbc26cede84a8476e"
".intake\migration\venv-before-relocation\Lib\site-packages\pip\_vendor\rich\emoji.py","2501","a264c5f5ab1a027b0ce322d8f78791ffd7604514a6d651d4b335f6d03d726024"
".intake\migration\venv-before-relocation\Lib\site-packages\pip\_vendor\rich\errors.py","642","e693f729ce5de1027f734285b31adfca18e23d57bb275ccea9215b140cdc57e6"
".intake\migration\venv-before-relocation\Lib\site-packages\pip\_vendor\rich\file_proxy.py","1683","4e5f531cc0d9f8f9395a6f2c23580683f5390e1bac9b10fe159d1f51b714d16d"
".intake\migration\venv-before-relocation\Lib\site-packages\pip\_vendor\rich\filesize.py","2484","fe2cfd948a5182f5bb30d49e0999cb83e1f0cdb3f81844e0e78dd6a83f1216cd"
".intake\migration\venv-before-relocation\Lib\site-packages\pip\_vendor\rich\highlighter.py","9586","1bfb27fbc0ca8ccd6c1232c6fe8738a2f9169a25295af8fc6d78b4c9e7762e76"
".intake\migration\venv-before-relocation\Lib\site-packages\pip\_vendor\rich\json.py","5031","bd512829d6b0a094630056b23f05e43013cbcbb4524ecf9fe38c124034769c9d"
".intake\migration\venv-before-relocation\Lib\site-packages\pip\_vendor\rich\jupyter.py","3252","432a0aa04ffc21d09baed8921e9f53b1348dc931d8d053b9c2113b8ce4ddf541"
".intake\migration\venv-before-relocation\Lib\site-packages\pip\_vendor\rich\layout.py","14004","6a3912140b4456ff44153705b3ec38b997dfb7b9c45e13732fb655760ad3e6b2"
".intake\migration\venv-before-relocation\Lib\site-packages\pip\_vendor\rich\live_render.py","3666","cc9b41e3bd631b3881b44c31739e31d76c0442d1f806e42bd5203cbfd914f36c"
".intake\migration\venv-before-relocation\Lib\site-packages\pip\_vendor\rich\live.py","14270","0e1cc03c49e34f142eabdff4636c61d8c53041c3ff6863e47a72df2844ec9703"
".intake\migration\venv-before-relocation\Lib\site-packages\pip\_vendor\rich\logging.py","12458","660a4a30c058fc1b8c008fc1633a3e52d5da93ab79a07f552bc9bd4362e6d1fe"
".intake\migration\venv-before-relocation\Lib\site-packages\pip\_vendor\rich\markup.py","8451","ddeb8628fe6ce353424306928d39c9c6eb398993078f1a483345ba7c2c6b6b7f"
".intake\migration\venv-before-relocation\Lib\site-packages\pip\_vendor\rich\measure.py","5305","1e6ac8257f2c5914c76e087c33111acbff37564a8d5bfef4b3c68a3f965c608f"
".intake\migration\venv-before-relocation\Lib\site-packages\pip\_vendor\rich\padding.py","4908","295108ded3b0a3db202b560d4ae1fffccd7f8d45a62d9c11555fca98eb55cf23"
".intake\migration\venv-before-relocation\Lib\site-packages\pip\_vendor\rich\pager.py","828","48efc44c114a6e0de7fc080ecd79b8d52bf7e98c57032237fd1f8a398dbfb927"
".intake\migration\venv-before-relocation\Lib\site-packages\pip\_vendor\rich\palette.py","3396","9489ef4753830d3d9fdd464c7cbd60aeaedd63fa4374a1f0e1b75480e19a3386"
".intake\migration\venv-before-relocation\Lib\site-packages\pip\_vendor\rich\panel.py","11235","7c544772f897bd6864dd5df3c796709ac6ff44bf4a2777ac0feb14d0d604572c"
".intake\migration\venv-before-relocation\Lib\site-packages\pip\_vendor\rich\pretty.py","36391","832dd2ef6bb8151836cada28ecdd590d60c8bc1e2e9dbcdde625067609bef1f7"
".intake\migration\venv-before-relocation\Lib\site-packages\pip\_vendor\rich\progress_bar.py","8162","9994cfa4953071f71d8100934f3de4c98f9f73bf5d74bc2dc7a1a18717e8d3ae"
".intake\migration\venv-before-relocation\Lib\site-packages\pip\_vendor\rich\progress.py","60357","32d9828d3939cd853f5ed447c511d30041c6ea117d3de17b10c59b10f95e202d"
".intake\migration\venv-before-relocation\Lib\site-packages\pip\_vendor\rich\prompt.py","12447","974461414fb45154d5f5ed3cc56d416c88f426ad885f20a15f8942d2514dcede"
".intake\migration\venv-before-relocation\Lib\site-packages\pip\_vendor\rich\protocol.py","1391","e611c70c3347724764f22587e7311b8becee215485e616d4da3228e3b47b9531"
".intake\migration\venv-before-relocation\Lib\site-packages\pip\_vendor\rich\region.py","166","acd4fdc59ad56536085d90b43589f8d42250c1835b47e29e70f3b14e042f07c6"
".intake\migration\venv-before-relocation\Lib\site-packages\pip\_vendor\rich\repr.py","4431","e4c64966638d802ea4b9df905befe6d68917c0bd9a47abbacbea54714089cf6f"
".intake\migration\venv-before-relocation\Lib\site-packages\pip\_vendor\rich\rule.py","4602","d1f35a4bf68445add43117374f958ca4dfecba6b43c5f6a8af6cb7a1fd5fb419"
".intake\migration\venv-before-relocation\Lib\site-packages\pip\_vendor\rich\scope.py","2843","4cc514f2aa35eed872a9008faa30cb62983f514d64e6a55df96c2226f9c955ab"
".intake\migration\venv-before-relocation\Lib\site-packages\pip\_vendor\rich\screen.py","1591","628791784494871ef882ba9bd264926fd960861cac5a6147621b1b3154235cef"
".intake\migration\venv-before-relocation\Lib\site-packages\pip\_vendor\rich\segment.py","24743","a2d9ca78a18457e591950568b1f2557850dc0f100a1e9bc9fe12f34aee65ba63"
".intake\migration\venv-before-relocation\Lib\site-packages\pip\_vendor\rich\spinner.py","4364","3d3e6a8173c6dd9a6a463ee7dc4650e8d5b9ea6c7795d66a64253b804332664e"
".intake\migration\venv-before-relocation\Lib\site-packages\pip\_vendor\rich\status.py","4424","9243e987761e019068f97fb8c0fa7c813a99c94e3ae8d2f06410383d94d37b0a"
".intake\migration\venv-before-relocation\Lib\site-packages\pip\_vendor\rich\style.py","27067","692a1435b5607cfd4f02776e02a81b6e5e00310cbaebcaacd92d45130af73aab"
".intake\migration\venv-before-relocation\Lib\site-packages\pip\_vendor\rich\styled.py","1258","799367cc6ac8e248bfe78a606373a3d13fb1de5c5d5d3621e3faf20c1db8c015"
".intake\migration\venv-before-relocation\Lib\site-packages\pip\_vendor\rich\syntax.py","35763","aaa0271146782b9ecfa3cd7fe510719ecb94e0a47349dbc33c084ac3c99aff71"
".intake\migration\venv-before-relocation\Lib\site-packages\pip\_vendor\rich\table.py","40103","c97614af462c3e91b8eba379d07080c366e96f9654baecdd73e1bae9993ea137"
".intake\migration\venv-before-relocation\Lib\site-packages\pip\_vendor\rich\terminal_theme.py","3370","d63e7eb9f25f9ef940a3942c8bf0026625c39b0317cea826141c8e6d3f7ec896"
".intake\migration\venv-before-relocation\Lib\site-packages\pip\_vendor\rich\text.py","47552","00eec93c2cfafa068dd6d8552d73019ed1260cf55816014d1b5a0ceb5fec6a75"
".intake\migration\venv-before-relocation\Lib\site-packages\pip\_vendor\rich\theme.py","3771","a0dca15e119a82d0e56c3c9eded56eddeb16396934bcd92ec45c3efee9e568ad"
".intake\migration\venv-before-relocation\Lib\site-packages\pip\_vendor\rich\themes.py","102","d318132e8cdf69b79b62d709b43742e50917e4855411abe2a83509261e185459"
".intake\migration\venv-before-relocation\Lib\site-packages\pip\_vendor\rich\traceback.py","31797","cfc52837b35b4d0296e980c3515c0e87b17cb2765fea0627516b4eacab0b135c"
".intake\migration\venv-before-relocation\Lib\site-packages\pip\_vendor\rich\tree.py","9451","c969d0eab02f446277a991aa06bc52d925b64ca05336b3f449d63c4313853eec"
".intake\migration\venv-before-relocation\Lib\site-packages\pip\_vendor\tomli\__init__.py","314","3e1370fdec8b81d9fb31c27a9eb00df32226ddd5c2ef9bebd6c546555c034a90"
".intake\migration\venv-before-relocation\Lib\site-packages\pip\_vendor\tomli\_parser.py","25591","f70f0b1b48c1edfc26659581d2f5576de7a30c7725e00348271076b1c1270e50"
".intake\migration\venv-before-relocation\Lib\site-packages\pip\_vendor\tomli\_re.py","3171","b21e2c0434603bde0a259c0d22b81d73257fa906acb79d18bf3380506a510ca0"
".intake\migration\venv-before-relocation\Lib\site-packages\pip\_vendor\tomli\_types.py","254","f864c6d9552a929c7032ace654ee05ef26ca75d21b027b801d77e65907138b74"
".intake\migration\venv-before-relocation\Lib\site-packages\pip\_vendor\truststore\__init__.py","1264","5880decb35a6ec4557e38837e78336e6fa515db798d65b0f1fa12650951cab8a"
".intake\migration\venv-before-relocation\Lib\site-packages\pip\_vendor\truststore\_api.py","10555","19e5d13539713d9de489fe2436887a258d28138411cd319c817afa97f5ff1a4d"
".intake\migration\venv-before-relocation\Lib\site-packages\pip\_vendor\truststore\_macos.py","20503","9d994b90e9accd413483aaf2470055198e423b33f2b9d72c889b4359aacce4b4"
".intake\migration\venv-before-relocation\Lib\site-packages\pip\_vendor\truststore\_openssl.py","2324","2cb519ed919a8a8fa2e5da4a2a328249e4ae7e69fa4fca62f650dc167bd2caad"
".intake\migration\venv-before-relocation\Lib\site-packages\pip\_vendor\truststore\_ssl_constants.py","1130","3540f87d529d483d36ae2efe75bd2d9ced15a8b3fd687bb3992b5c5bbb40974f"
".intake\migration\venv-before-relocation\Lib\site-packages\pip\_vendor\truststore\_windows.py","17993","ac01f22980fc33bb7e6d77c6f1580e55add3a5f85585bb78ad94253b8e58b8ff"
".intake\migration\venv-before-relocation\Lib\site-packages\pip\_vendor\typing_extensions.py","134499","efc8459741e90d8fb29475150a759d5399d31f150fdbe4bedf011993a09098b9"
".intake\migration\venv-before-relocation\Lib\site-packages\pip\_vendor\urllib3\__init__.py","3333","8972dc6222724a7d0635b58e3990c30298012f52603f8e0467c8b5efad12f0c7"
".intake\migration\venv-before-relocation\Lib\site-packages\pip\_vendor\urllib3\_collections.py","11372","a72012249856ef074ea6a263f50240f05c8645fafc13cb94521a94be1174ef6f"
".intake\migration\venv-before-relocation\Lib\site-packages\pip\_vendor\urllib3\_version.py","64","b7dc0607aa283935d782263ae8ad66e81652d422725c7014f04a160d37ba4a19"
".intake\migration\venv-before-relocation\Lib\site-packages\pip\_vendor\urllib3\connection.py","20314","b6d200f74f41adb4d4cf092a11efd3cd9561e0938e8fb83ad58b1e8b69abc068"
".intake\migration\venv-before-relocation\Lib\site-packages\pip\_vendor\urllib3\connectionpool.py","40408","7b67a203035b14d08ac63e1bc0328d2bec3b1c8752cf73a633153f4c8b7e7af4"
".intake\migration\venv-before-relocation\Lib\site-packages\pip\_vendor\urllib3\contrib\__init__.py","0","e3b0c44298fc1c149afbf4c8996fb92427ae41e4649b934ca495991b7852b855"
".intake\migration\venv-before-relocation\Lib\site-packages\pip\_vendor\urllib3\contrib\_appengine_environ.py","957","6c36f2384856d8228b25c42a00a032ac41cdf9a925b321c52aaeaf17c645b269"
".intake\migration\venv-before-relocation\Lib\site-packages\pip\_vendor\urllib3\contrib\_securetransport\__init__.py","0","e3b0c44298fc1c149afbf4c8996fb92427ae41e4649b934ca495991b7852b855"
".intake\migration\venv-before-relocation\Lib\site-packages\pip\_vendor\urllib3\contrib\_securetransport\bindings.py","17632","e1793ae2a2243c1b74f40e6af9120552e0e135cf665e29556a99bb5a7627cd1c"
".intake\migration\venv-before-relocation\Lib\site-packages\pip\_vendor\urllib3\contrib\_securetransport\low_level.py","13922","076241076fcd44fd36c4ae8309ad4f6bd22ec6b3f0c730f365b8b14246fb53d3"
".intake\migration\venv-before-relocation\Lib\site-packages\pip\_vendor\urllib3\contrib\appengine.py","11036","551ebc780544d77ee5c53823043c029dae5488165338a6b4d408fffb905a0b3e"
".intake\migration\venv-before-relocation\Lib\site-packages\pip\_vendor\urllib3\contrib\ntlmpool.py","4528","3657e45bb58c756f338aab9da298c7a16dbdf688350535a2d0878889baae1709"
".intake\migration\venv-before-relocation\Lib\site-packages\pip\_vendor\urllib3\contrib\pyopenssl.py","17081","843261e0c87263fa7ea0a9457187106954110efe86326046b96f728f1c9e7a33"
".intake\migration\venv-before-relocation\Lib\site-packages\pip\_vendor\urllib3\contrib\securetransport.py","34446","15e7f5208514147aa97afcd78833db20690329c858d8554a79578b191d50ab78"
".intake\migration\venv-before-relocation\Lib\site-packages\pip\_vendor\urllib3\contrib\socks.py","7097","6918bd7965e8f5911bf795d4c5e7f8676d421659e78db122028f473ac7a832de"
".intake\migration\venv-before-relocation\Lib\site-packages\pip\_vendor\urllib3\exceptions.py","8217","d0c9e7a372874cd7d745f63beb7f0db9f38f9146fa9973a6f8baa3fb8c76c3c0"
".intake\migration\venv-before-relocation\Lib\site-packages\pip\_vendor\urllib3\fields.py","8579","92f2c30a0fc9987d652e3514118fc52d2f14858ee106f0cfb951136d8f2676b3"
".intake\migration\venv-before-relocation\Lib\site-packages\pip\_vendor\urllib3\filepost.py","2440","e5bfeaaa04475652fbb8bb5d018073061f861e653901f255b7fd8dd174b73de6"
".intake\migration\venv-before-relocation\Lib\site-packages\pip\_vendor\urllib3\packages\__init__.py","0","e3b0c44298fc1c149afbf4c8996fb92427ae41e4649b934ca495991b7852b855"
".intake\migration\venv-before-relocation\Lib\site-packages\pip\_vendor\urllib3\packages\backports\__init__.py","0","e3b0c44298fc1c149afbf4c8996fb92427ae41e4649b934ca495991b7852b855"
".intake\migration\venv-before-relocation\Lib\site-packages\pip\_vendor\urllib3\packages\backports\makefile.py","1417","9dbcedde2d1a80f54fd3b8eaaa08e16988cc9ae022fd6e44d04cb0662bd53bc1"
".intake\migration\venv-before-relocation\Lib\site-packages\pip\_vendor\urllib3\packages\backports\weakref_finalize.py","5343","b5109a97938084d491c9bd03847a7edfc02d2250ac44ff01c45dcd5feeaba880"
".intake\migration\venv-before-relocation\Lib\site-packages\pip\_vendor\urllib3\packages\six.py","34665","6fd2ccd30057bfb13b4ab6c28c09b8c3037e86b1fe88dc6fd7c2e058d30c28fa"
".intake\migration\venv-before-relocation\Lib\site-packages\pip\_vendor\urllib3\poolmanager.py","19990","696ca15d1b4d3b82549c249556a29329077c1174ef526d5537da60b366dc38da"
".intake\migration\venv-before-relocation\Lib\site-packages\pip\_vendor\urllib3\request.py","6691","61358536bed023087b1355bd75d7bd2ccefbbf65564c9e55efc5ee4d3c3b0f50"
".intake\migration\venv-before-relocation\Lib\site-packages\pip\_vendor\urllib3\response.py","30641","7e60c9005906ef5b854e7fac5524e1d88c345a6717418aa46d18e286fc018d4f"
".intake\migration\venv-before-relocation\Lib\site-packages\pip\_vendor\urllib3\util\__init__.py","1155","2449929a6aaa2f26b0f0fe75814226661f06c20f62d7349ef83a2a022b67da77"
".intake\migration\venv-before-relocation\Lib\site-packages\pip\_vendor\urllib3\util\connection.py","4901","e4bc760753d6dbd2b1067d93d3190dd420604416b780654904aa10a11a201159"
".intake\migration\venv-before-relocation\Lib\site-packages\pip\_vendor\urllib3\util\proxy.py","1605","cd4bcf3c226ba7a74e17437818055b39c97aa3ee2e5ca4ab1a24e492be6f512e"
".intake\migration\venv-before-relocation\Lib\site-packages\pip\_vendor\urllib3\util\queue.py","498","9d1817f3f797fbf564bf1a17d3de905a8cfc3ecd101d4004c482c263fecf9dc3"
".intake\migration\venv-before-relocation\Lib\site-packages\pip\_vendor\urllib3\util\request.py","3997","0b4394b76b5c53a2d189027b61834ff46bcfad2be5ef388805e910fb99e50599"
".intake\migration\venv-before-relocation\Lib\site-packages\pip\_vendor\urllib3\util\response.py","3510","189a60dc4822f6a6895d1c01879c2ff8c36e4566a7e4122ee34a117a8c563f6f"
".intake\migration\venv-before-relocation\Lib\site-packages\pip\_vendor\urllib3\util\retry.py","22050","e8436f399f0f043ce1f24822c69aa5f6522b6f67711fe93b66605a9c9176360e"
".intake\migration\venv-before-relocation\Lib\site-packages\pip\_vendor\urllib3\util\ssl_.py","17460","403bae4f13d20a3d6b62d678c690fb531fabdb44c3e74687caa2b2850ec1ab80"
".intake\migration\venv-before-relocation\Lib\site-packages\pip\_vendor\urllib3\util\ssl_match_hostname.py","5758","22be1c65512398093c8140081d64a2ef0b4e3bcdd4098001636c450f5425fd60"
".intake\migration\venv-before-relocation\Lib\site-packages\pip\_vendor\urllib3\util\ssltransport.py","6895","340faee6b313ac3143142f10cd129410a306d39eb584e0f8a814ebdd9e29bfa1"
".intake\migration\venv-before-relocation\Lib\site-packages\pip\_vendor\urllib3\util\timeout.py","10168","730ab874c93cee624748192d2b59a2609fbce46fb74f74664f6d2fed2142a67a"
".intake\migration\venv-before-relocation\Lib\site-packages\pip\_vendor\urllib3\util\url.py","14296","942004ecce66c80f040dd5b4b09bb2c9985507d2bf8f7f258d684702715a5a81"
".intake\migration\venv-before-relocation\Lib\site-packages\pip\_vendor\urllib3\util\wait.py","5403","7ce5f4fdf6a8cc6d8fee25688d0a04d666f277078dc93726fa15c47c5ad3b4b2"
".intake\migration\venv-before-relocation\Lib\site-packages\pip\_vendor\vendor.txt","333","116f84ddc1395c402d545cc62278a402b38c0f118fd032d45b35e96384597c56"
".intake\migration\venv-before-relocation\Lib\site-packages\pyaudiowpatch-0.2.12.8.dist-info\licenses\LICENSE.txt","550","2b94fbbfe7259b16c5426692398ac816c520b8d0e9d234330df05ac75331f0a6"
".intake\migration\venv-before-relocation\Lib\site-packages\pyaudiowpatch-0.2.12.8.dist-info\top_level.txt","31","c9a4d1d95c7b08a4aa26053c7adcf5a2f343f4baf08324db4a685e75e0bc8251"
".intake\migration\venv-before-relocation\Lib\site-packages\pyaudiowpatch\__init__.py","48460","4d63ad5202c11a4cbd0dfcfe9ef112ea451e8e144f7524ab25b5ba1d856d3d7d"
".intake\migration\venv-before-relocation\Lib\site-packages\pyaudiowpatch\__main__.py","113","250545f73d668c78e7d748bf6684f51cdcdc9dba35971d27acdfa7118cbb1c54"
".intake\migration\venv-before-relocation\Lib\site-packages\scipy-1.18.1.dist-info\LICENSE.txt","45881","f0f5c56b298ec9795df1199edc328a987242716d14a1bde6813112e22dc15f99"
".intake\migration\venv-before-relocation\Lib\site-packages\scipy\__config__.py","6285","e0ff5cba814af5abfe1ffef605ed6079d09ff4f4aeb1a422083df462ee36e084"
".intake\migration\venv-before-relocation\Lib\site-packages\scipy\__init__.py","4659","a11ad8a1eaf423d32a0d3dd6c9be6c7be86068321f043dacd2d555a49418b92f"
".intake\migration\venv-before-relocation\Lib\site-packages\scipy\_distributor_init.py","629","0a6a098851752b233432f9cfa2fea40533bad03e37015958b1f61299a4aea196"
".intake\migration\venv-before-relocation\Lib\site-packages\scipy\_external\_array_api_compat_vendor.py","421","fc62b224b0da701c78b06544122b591b39934814aeabef9afb7216374a8d5368"
".intake\migration\venv-before-relocation\Lib\site-packages\scipy\_external\array_api_compat\__init__.py","1014","a292ec3f5b2da8be8f12ef2d3a0fe0f2ff002622d2b412759e7769e9fbfc26f8"
".intake\migration\venv-before-relocation\Lib\site-packages\scipy\_external\array_api_compat\_internal.py","2149","c918c5a2c56da335206e98055dbcab678a3ed736b6c4577bd6af3158cd68f4d9"
".intake\migration\venv-before-relocation\Lib\site-packages\scipy\_external\array_api_compat\common\__init__.py","39","0b254bf55364b83b6ea8a8217fd1040862a0153b3a37f31fd6160cc385192fd1"
".intake\migration\venv-before-relocation\Lib\site-packages\scipy\_external\array_api_compat\common\_aliases.py","19690","84723875859420a34e69f9ee5af4aa3155bfa2531d6d773c21eff7c3d57cfeb1"
".intake\migration\venv-before-relocation\Lib\site-packages\scipy\_external\array_api_compat\common\_fft.py","4882","b111bf49b00943657f8beac05a625a19f191bbfd846607b74de9983134e52fc3"
".intake\migration\venv-before-relocation\Lib\site-packages\scipy\_external\array_api_compat\common\_helpers.py","33647","67e49b76772e1b8b9280b9d09f91e2c1fd3837d7bf28af05e3b6f745618f81da"
".intake\migration\venv-before-relocation\Lib\site-packages\scipy\_external\array_api_compat\common\_linalg.py","7116","c966c7f6fa4c09474b82fcf0318f52c81d7a400845d485a60b1dab3d955580ee"
".intake\migration\venv-before-relocation\Lib\site-packages\scipy\_external\array_api_compat\common\_typing.py","4687","38a09e90c484c2f569a9e305e9370068ac3de2c47656852cf4aa627a2a070171"
".intake\migration\venv-before-relocation\Lib\site-packages\scipy\_external\array_api_compat\cupy\__init__.py","760","73f3d26554b7fbf8b4f14ac932b423e7664992a5862e77e0bf5471558666e69b"
".intake\migration\venv-before-relocation\Lib\site-packages\scipy\_external\array_api_compat\cupy\_aliases.py","6608","0533d65850f39fb589abc7ce876428dc3a6687b6b0a2bc3e8b048417b92b7e1e"
".intake\migration\venv-before-relocation\Lib\site-packages\scipy\_external\array_api_compat\cupy\_info.py","10466","6a4f546fac9b74d98ab8b4a8d4f131bdc7feb3c103d6d50773cb4e31d3576f26"
".intake\migration\venv-before-relocation\Lib\site-packages\scipy\_external\array_api_compat\cupy\_typing.py","637","7c3fd7c522b59e0d0e14a699ad045d89db30d1126dbefedc31a81dce065be907"
".intake\migration\venv-before-relocation\Lib\site-packages\scipy\_external\array_api_compat\cupy\fft.py","908","0984accb08e5b25650f8843c623b3798e8edaaef80dae14d2e4137e25c88a713"
".intake\migration\venv-before-relocation\Lib\site-packages\scipy\_external\array_api_compat\cupy\linalg.py","1913","c05b50c0ff4201eddd02484af84f9ce841074ca3ef681c6cf50d470e7282d051"
".intake\migration\venv-before-relocation\Lib\site-packages\scipy\_external\array_api_compat\dask\__init__.py","0","e3b0c44298fc1c149afbf4c8996fb92427ae41e4649b934ca495991b7852b855"
".intake\migration\venv-before-relocation\Lib\site-packages\scipy\_external\array_api_compat\dask\array\__init__.py","703","1ff03a6d5c89a4836db812f2eada5ced544afe9c077f597935f3d63fd02916e2"
".intake\migration\venv-before-relocation\Lib\site-packages\scipy\_external\array_api_compat\dask\array\_aliases.py","10801","5b806dafbd7f121b5c8de8fc45fb1cd76231d95962037b8b4f1d524336de9a4d"
".intake\migration\venv-before-relocation\Lib\site-packages\scipy\_external\array_api_compat\dask\array\_info.py","12649","b5daaf7fc51132bf5d84bccabf6ce2bb883a1e3af9284bb0a8916ab303f3ab93"
".intake\migration\venv-before-relocation\Lib\site-packages\scipy\_external\array_api_compat\dask\array\fft.py","349","24e8af1567689953a006b4bc7280a5585824f1e843f89b65bb6ce9b19c51cc13"
".intake\migration\venv-before-relocation\Lib\site-packages\scipy\_external\array_api_compat\dask\array\linalg.py","2204","aad57fbf817d3da8eddcdd2428cdbe613801107fc6e3d6881855a53bb9636d06"
".intake\migration\venv-before-relocation\Lib\site-packages\scipy\_external\array_api_compat\numpy\__init__.py","1102","dbad097bc612500145940458882d8725488fe0fa646b7b20da43d8f5f78aff96"
".intake\migration\venv-before-relocation\Lib\site-packages\scipy\_external\array_api_compat\numpy\_aliases.py","5857","1ce464cb295c9d04987fdc18004e58123ef4294353eb44a15baa89380b63012d"
".intake\migration\venv-before-relocation\Lib\site-packages\scipy\_external\array_api_compat\numpy\_info.py","11162","f37d1c725d25391c97c9a8fa5d052b1839097b112d07dfbec4477fa4a0896a4d"
".intake\migration\venv-before-relocation\Lib\site-packages\scipy\_external\array_api_compat\numpy\_typing.py","634","11e01ce414b4f95e1aafdb95a8b17385f110d8ffeda2ca7b592178ec59e613f1"
".intake\migration\venv-before-relocation\Lib\site-packages\scipy\_external\array_api_compat\numpy\fft.py","744","6984361e9cdea9fe28b4d1f3a5a9631e7096284de7485b9bc9f055e9020a2502"
".intake\migration\venv-before-relocation\Lib\site-packages\scipy\_external\array_api_compat\numpy\linalg.py","6725","18235c7741d838400f511319322024aa7706392f025720bb13a8046c1ea51475"
".intake\migration\venv-before-relocation\Lib\site-packages\scipy\_external\array_api_compat\torch\__init__.py","658","f7d9cfad3f46d4b25348f569f7edcbefe9bd80f63cb33447a7059ab6e0971e31"
".intake\migration\venv-before-relocation\Lib\site-packages\scipy\_external\array_api_compat\torch\_aliases.py","33861","624f1622f18e5f19dc0af59cb0e338f63b8079635921a594108a29c8cd027a9d"
".intake\migration\venv-before-relocation\Lib\site-packages\scipy\_external\array_api_compat\torch\_info.py","12265","5a2c86370526e130a30d260d4bc28bc47f7e87eaba23d9a068afbb66e2e5fcc2"
".intake\migration\venv-before-relocation\Lib\site-packages\scipy\_external\array_api_compat\torch\_typing.py","111","4540dcdd52d834f67841c6799820f47c0ae471fa421692205c3c155a7226c337"
".intake\migration\venv-before-relocation\Lib\site-packages\scipy\_external\array_api_compat\torch\fft.py","1915","31b38dab548f1e4fa423943e8faa260e1bbb46afd83800748d5af8041f672381"
".intake\migration\venv-before-relocation\Lib\site-packages\scipy\_external\array_api_compat\torch\linalg.py","4674","b892bb0d054dd412cb0fce05e9c1e67cf748b7661e6cde7a7a135580b9450622"
".intake\migration\venv-before-relocation\Lib\site-packages\scipy\_external\array_api_extra\__init__.py","991","061f2dc87e4e8865968603832b5c8b9f5458da3af0c9ba28240ab615a71f324f"
".intake\migration\venv-before-relocation\Lib\site-packages\scipy\_external\array_api_extra\_delegation.py","38410","7f140dabd58120375a50ffbcae1a0bcc15b4a529b4a681b73c5283c1eecfb0b2"
".intake\migration\venv-before-relocation\Lib\site-packages\scipy\_external\array_api_extra\_lib\__init__.py","37","e7836693c12ce771c0b75fab5ec7a8a44fc7a2c72b1b8db67ce261f4be86a156"
".intake\migration\venv-before-relocation\Lib\site-packages\scipy\_external\array_api_extra\_lib\_at.py","15779","a7c1cd638ac8bc3cbf264efe58bae729172bcf34482f12f26cb0be0294cc8d36"
".intake\migration\venv-before-relocation\Lib\site-packages\scipy\_external\array_api_extra\_lib\_backends.py","2194","3c7631488f3f2509cf265e99c8ca598c9aa01295bc5e2d4beaf40f97ffff880c"
".intake\migration\venv-before-relocation\Lib\site-packages\scipy\_external\array_api_extra\_lib\_funcs.py","26536","d870de73138733282c80ac20e97276e81f1707463df25d89f18844b75fbc2f30"
".intake\migration\venv-before-relocation\Lib\site-packages\scipy\_external\array_api_extra\_lib\_lazy.py","14168","3c5b803c86301c5168ffc74f4885c33ea85dc5e69e589f0e0c99bda6f253d27c"
".intake\migration\venv-before-relocation\Lib\site-packages\scipy\_external\array_api_extra\_lib\_testing.py","10594","aebf8d89cea1acc6a19ff7bd19050f1d71a2da6fcb76423cb7847bf4aee97129"
".intake\migration\venv-before-relocation\Lib\site-packages\scipy\_external\array_api_extra\_lib\_utils\__init__.py","50","5f83f8fc12fd4880fa22ed904cdf084cad1ed8999465c076ce0739214a47c1b9"
".intake\migration\venv-before-relocation\Lib\site-packages\scipy\_external\array_api_extra\_lib\_utils\_compat.py","1886","602504a9719bc9b264b684841951af0d6c317448cb33899795ac7eb74fb9b7d4"
".intake\migration\venv-before-relocation\Lib\site-packages\scipy\_external\array_api_extra\_lib\_utils\_helpers.py","20402","6d9f7dc0168bdfa1e6b2cdfb3cee0aeb5c23d0a1c75afe373ba3bf31a3704e4d"
".intake\migration\venv-before-relocation\Lib\site-packages\scipy\_external\array_api_extra\_lib\_utils\_typing.py","238","f8e020962a757637801807df0e1be201f78379fe79580bbcafaabc16e4a1cfb3"
".intake\migration\venv-before-relocation\Lib\site-packages\scipy\_external\array_api_extra\testing.py","19980","710f900e845069547cb464d93ad635aaf56300be7cdd4e4dfc4b126a400903bc"
".intake\migration\venv-before-relocation\Lib\site-packages\scipy\_external\cobyqa\__init__.py","598","e25f9537256f21fe34bc1332d63683cacbbe9d7ce33689695b96c0966046c9c5"
".intake\migration\venv-before-relocation\Lib\site-packages\scipy\_external\cobyqa\framework.py","40140","9c8cec29e94a2fcfb16bf40cbfc40a4eb6ddbd2b24e5f2d198238ec7a6328578"
".intake\migration\venv-before-relocation\Lib\site-packages\scipy\_external\cobyqa\main.py","59033","1d78a1cdf176bc2446507b018310493b363b17b79c166ac3a98b361f0cda12b4"
".intake\migration\venv-before-relocation\Lib\site-packages\scipy\_external\cobyqa\models.py","52225","ba644ec323fa7c2c2103e21aa0961040c4baafc97f5af6d164b6b0a9015022e4"
".intake\migration\venv-before-relocation\Lib\site-packages\scipy\_external\cobyqa\problem.py","41499","ad9c9426a20972cb8091e8d02bfc493043df90c8ce13cb879355ff941ea66fc0"
".intake\migration\venv-before-relocation\Lib\site-packages\scipy\_external\cobyqa\settings.py","3958","7d6bb434fc8588113ef0da3847d078a542928c46ee4a569ad005ad1c8cc76e50"
".intake\migration\venv-before-relocation\Lib\site-packages\scipy\_external\cobyqa\subsolvers\__init__.py","355","f7aca57a778987e62d32d09af2d1bc71fb0d33e63fd65177d23279b6720a2108"
".intake\migration\venv-before-relocation\Lib\site-packages\scipy\_external\cobyqa\subsolvers\geometry.py","14560","d633b7d28d8d9b80622a96fe180bfc52a8f54a70cd2e9a3d27b102a0e51d3f7a"
".intake\migration\venv-before-relocation\Lib\site-packages\scipy\_external\cobyqa\subsolvers\optim.py","46715","fad2557d9712ebabdf418ae2dbddc4e01c7bd7456a613f8dd346d837abe9a3d2"
".intake\migration\venv-before-relocation\Lib\site-packages\scipy\_external\cobyqa\utils\__init__.py","377","772736edbe4ce9b1a21fb7f595a79aa2a6907842a52af15ebd5821055ecbaed6"
".intake\migration\venv-before-relocation\Lib\site-packages\scipy\_external\cobyqa\utils\exceptions.py","505","ac532300b4cacfdc4d9dbe294d2e6ffd5217aa1d13ed0a709642bc61478dd34d"
".intake\migration\venv-before-relocation\Lib\site-packages\scipy\_external\cobyqa\utils\math.py","1688","421b1fcce6002672ed562b8c01728d430a5177964a30db3f7da789dd3290767c"
".intake\migration\venv-before-relocation\Lib\site-packages\scipy\_external\cobyqa\utils\versions.py","1532","4b6246e3ecebc8b06805fdb2cd594846cd6c5ba78c51e5857dc8d69f60f7f638"
".intake\migration\venv-before-relocation\Lib\site-packages\scipy\_external\packaging_version\_structures.py","1492","aaba2b13631f75f01d17826a74a0fe68b808a37b111026a586996313c01c731b"
".intake\migration\venv-before-relocation\Lib\site-packages\scipy\_external\packaging_version\version.py","17258","42902fc00708fa1b1ed168c418b60a35d25095fec7effa2efb29ee44cd97b65f"
".intake\migration\venv-before-relocation\Lib\site-packages\scipy\_external\pyprima\__init__.py","8673","6c818b0b2d05622fbc62b078050d23597033fc3e316fd632e440044a199e7ce5"
".intake\migration\venv-before-relocation\Lib\site-packages\scipy\_external\pyprima\cobyla\__init__.py","0","e3b0c44298fc1c149afbf4c8996fb92427ae41e4649b934ca495991b7852b855"
".intake\migration\venv-before-relocation\Lib\site-packages\scipy\_external\pyprima\cobyla\cobyla.py","22705","d65ab1538e9201f3b2e7dc261783ed6c76d8d5e9a281885ac0b19f7d461a9d83"
".intake\migration\venv-before-relocation\Lib\site-packages\scipy\_external\pyprima\cobyla\cobylb.py","41478","3d6a7fa5b33dddf4f4b72789ecc94280776adf8b29a7689d6bc65fcc08e7882d"
".intake\migration\venv-before-relocation\Lib\site-packages\scipy\_external\pyprima\cobyla\geometry.py","10871","3c203ec89bd53affff94ec992f32ed16705c52d3e2be64b5754b4607b338115e"
".intake\migration\venv-before-relocation\Lib\site-packages\scipy\_external\pyprima\cobyla\initialize.py","9624","f741db243ddfb371f429a779f4a75b06751d0756a820c2eda8211ba11ddea4e5"
".intake\migration\venv-before-relocation\Lib\site-packages\scipy\_external\pyprima\cobyla\trustregion.py","25692","e729aad5e2c9290ba4cb1e26649e3e3c0059c0077e34acc05510eda2615d9daf"
".intake\migration\venv-before-relocation\Lib\site-packages\scipy\_external\pyprima\cobyla\update.py","14171","512b0aea03da4c7a7bf68a863682d788ae26c00f7b4082061bb5fd28781dfdc9"
".intake\migration\venv-before-relocation\Lib\site-packages\scipy\_external\pyprima\common\__init__.py","0","e3b0c44298fc1c149afbf4c8996fb92427ae41e4649b934ca495991b7852b855"
".intake\migration\venv-before-relocation\Lib\site-packages\scipy\_external\pyprima\common\_bounds.py","1670","837d0ec05a51243b653cc12679d80dec4dd5d09ff70495682acd8392cf72fccd"
".intake\migration\venv-before-relocation\Lib\site-packages\scipy\_external\pyprima\common\_linear_constraints.py","2208","470e137f893b42e9f5c9423fe852a312f74845495d53798c13b256609bcdc3ec"
".intake\migration\venv-before-relocation\Lib\site-packages\scipy\_external\pyprima\common\_nonlinear_constraints.py","2204","34c26adf13e45f1783ff3788a5dad8b41aecb5b49202858abc9b85c09469e5d4"
".intake\migration\venv-before-relocation\Lib\site-packages\scipy\_external\pyprima\common\_project.py","8036","51fd01a40585faba85b88fb1665eacebe94b76f25f0e15fb039cb58d50a7da67"
".intake\migration\venv-before-relocation\Lib\site-packages\scipy\_external\pyprima\common\checkbreak.py","3544","779ea7e00d08811db6975ce48a0199343628d21e6fae66a0425a513a64965f8f"
".intake\migration\venv-before-relocation\Lib\site-packages\scipy\_external\pyprima\common\consts.py","1357","27f082d08419e7288fa74d62bdfd392e9505f4c6b9acc98944c61155c0d9c961"
".intake\migration\venv-before-relocation\Lib\site-packages\scipy\_external\pyprima\common\evaluate.py","3249","681f3cb93b80d39d426e72d0c920e2aadd88a6b1fda91144d2dae7be0773689b"
".intake\migration\venv-before-relocation\Lib\site-packages\scipy\_external\pyprima\common\history.py","1399","6edd76399bbb8b7fe1989c3b626291e8767398f4e20bfc0f9b95aeb4795545a3"
".intake\migration\venv-before-relocation\Lib\site-packages\scipy\_external\pyprima\common\infos.py","734","c241c506972aa757a4d0c0145585801dbda25e66988fb80288a107805ea4ad76"
".intake\migration\venv-before-relocation\Lib\site-packages\scipy\_external\pyprima\common\linalg.py","14715","803eb7d03ff9313f5bda9aa9d2b37fe773ea113d53ac05a784d90326bf08b4b1"
".intake\migration\venv-before-relocation\Lib\site-packages\scipy\_external\pyprima\common\message.py","9953","01a8a9f29295c936b031f9f812a14c28e3a00600ca738d33f7a7500f5368a00b"
".intake\migration\venv-before-relocation\Lib\site-packages\scipy\_external\pyprima\common\powalg.py","6916","d85be290d92baa74623a210558855d68caaf54d806af38d2a7270a6a48678e9b"
".intake\migration\venv-before-relocation\Lib\site-packages\scipy\_external\pyprima\common\preproc.py","14097","1d45af5c2e1f253ba1235fa695f53d5b5dcf8b9131374c7f84508f2d85b979a3"
".intake\migration\venv-before-relocation\Lib\site-packages\scipy\_external\pyprima\common\present.py","150","a9eddb5b88b9d51ef94628d2e5f5bdfb0d514fb095cadaf007c94f0fff4c9fa1"
".intake\migration\venv-before-relocation\Lib\site-packages\scipy\_external\pyprima\common\ratio.py","1877","1cb33f7d30dc89440ecc59cda4f19ee3d1fae79fb971e44a5272acf7804eb3d1"
".intake\migration\venv-before-relocation\Lib\site-packages\scipy\_external\pyprima\common\redrho.py","1305","768cc1895d6920e2eb81208ef42a653a23f23fa36085084e82367799ea16a475"
".intake\migration\venv-before-relocation\Lib\site-packages\scipy\_external\pyprima\common\selectx.py","14416","ef65c84be8c3bfffa68cb14a61e3e6e04aaee17b060d2d709b854cb60af86645"
".intake\migration\venv-before-relocation\Lib\site-packages\scipy\_lib\__init__.py","367","95c1dbc5ef4892ea146635c0f155faf926180911012ead5caa83e8da647a575c"
".intake\migration\venv-before-relocation\Lib\site-packages\scipy\_lib\_array_api_docs_tables.py","11106","a2faf95078376bea3b69006245c2d0fbce56faaf385df02124f9ae29b9a14eff"
".intake\migration\venv-before-relocation\Lib\site-packages\scipy\_lib\_array_api_no_0d.py","4528","a6d79877f3e2bd673c6042cdc25cadb2f3dd3403dfaecd4f02ed1a43f51213c6"
".intake\migration\venv-before-relocation\Lib\site-packages\scipy\_lib\_array_api_override.py","5794","5f9d5fcc03a44340f09d289df85be5d0be06a005dc08ce80cfbe3716bdcb5300"
".intake\migration\venv-before-relocation\Lib\site-packages\scipy\_lib\_array_api.py","45921","69d0c2a57ed99771c1d423232f32afac0126e8433cb2e0da545ba7aebe8e60d0"
".intake\migration\venv-before-relocation\Lib\site-packages\scipy\_lib\_bunch.py","8534","10e2539fb90024ed98530d9b74d4b5afc7a1be1eb0526c92c6e58a7166480028"
".intake\migration\venv-before-relocation\Lib\site-packages\scipy\_lib\_ccallback.py","7338","443cf959463f8e03ed525120b66f951b172e6fd9ef17895aa88b321312bc3739"
".intake\migration\venv-before-relocation\Lib\site-packages\scipy\_lib\_disjoint_set.py","6652","e30681d0c1cae24a2fa90a4ec4a105c94583db8a20bc054d99adc6741cb186f6"
".intake\migration\venv-before-relocation\Lib\site-packages\scipy\_lib\_docscrape.py","24601","b6685ee9f5cec205ea684080527d867f9420820731525a4cc4e460ce01d68be5"
".intake\migration\venv-before-relocation\Lib\site-packages\scipy\_lib\_elementwise_iterative_method.py","15843","5237c553a3d30556152000caf80a097c8143b7da0197d81afe96b1f58777166e"
".intake\migration\venv-before-relocation\Lib\site-packages\scipy\_lib\_gcutils.py","2545","8e6daf42739562f11150821b2693feb632af7178d4eb12004e1a4a2cbfbc26bd"
".intake\migration\venv-before-relocation\Lib\site-packages\scipy\_lib\_public_api.py","1892","ab9407a9a0394e959dbd657e3a1327f53c9c1ea78ff6d28248d6c4c269cbb40f"
".intake\migration\venv-before-relocation\Lib\site-packages\scipy\_lib\_sparse.py","988","a89c1c1eb856abe85d25f8beccb8781b82e58192cc8581454bba8484a9c90cc4"
".intake\migration\venv-before-relocation\Lib\site-packages\scipy\_lib\_testutils.py","12848","f4dd6d26dade5888a8e223a390b56b4fdab2dab91aef47dfc0a1bccd3cdb0dad"
".intake\migration\venv-before-relocation\Lib\site-packages\scipy\_lib\_uarray\__init__.py","4609","a5ec7bdc6818ed85160115601f3630fcacb67dd007eccf4172e0cc89ffe19b7f"
".intake\migration\venv-before-relocation\Lib\site-packages\scipy\_lib\_uarray\_backend.py","21238","bbda6526b9eff3220c6f4cd9c8279c9893e9fd922f502c10ed8dc7f9a8c65e1b"
".intake\migration\venv-before-relocation\Lib\site-packages\scipy\_lib\_util.py","48318","f817a92102229b51a3f1a2c0435f1347250ffe4812f4e5406a10e8a0e3c0eac2"
".intake\migration\venv-before-relocation\Lib\site-packages\scipy\_lib\deprecation.py","10128","3600ae6abc68a94b25d4be639089759ee4f5d92b1d6ab7a4807e14a7f1488fab"
".intake\migration\venv-before-relocation\Lib\site-packages\scipy\_lib\doccer.py","11087","a47dba3f7ba6aaa060f689d59ab9f898eb980a71045cf7a5a2e6133c8c54b5ac"
".intake\migration\venv-before-relocation\Lib\site-packages\scipy\_lib\tests\__init__.py","0","e3b0c44298fc1c149afbf4c8996fb92427ae41e4649b934ca495991b7852b855"
".intake\migration\venv-before-relocation\Lib\site-packages\scipy\_lib\tests\test__gcutils.py","3558","ea53625f1de02933556f9f35fac4780910cfb84b213e91662a7f9e0eead2df0b"
".intake\migration\venv-before-relocation\Lib\site-packages\scipy\_lib\tests\test__testutils.py","832","708ea82e29c9b190d7222fe998f313540613bdea5d76f85854610c7763255b64"
".intake\migration\venv-before-relocation\Lib\site-packages\scipy\_lib\tests\test__util.py","23164","f227e98abd88ce029f7a662ec9d3b7362db615bf60cba488a3181955ef2b6daa"
".intake\migration\venv-before-relocation\Lib\site-packages\scipy\_lib\tests\test_array_api.py","16088","8b800bff4e1e6db5da0d525a49acfd6fe6a518f50555ce257ea6e497247c635d"
".intake\migration\venv-before-relocation\Lib\site-packages\scipy\_lib\tests\test_bunch.py","6558","3b3726e63e554813ae41939ff906aad177881080e91dec8371b4792a7c0fc817"
".intake\migration\venv-before-relocation\Lib\site-packages\scipy\_lib\tests\test_ccallback.py","6236","0a2395712d62eab612a3ce9af6922b56c7485e34c3c87540725a5a6841250758"
".intake\migration\venv-before-relocation\Lib\site-packages\scipy\_lib\tests\test_config.py","1288","31aea332bf8ab88b83745173f3c64798571ac263ae8337c99eca59bfd02a75ae"
".intake\migration\venv-before-relocation\Lib\site-packages\scipy\_lib\tests\test_deprecation.py","450","e0c03447db03aa329071b6e8b6996a083b9a4d1a86d8ab9e780106aaf0573d9d"
".intake\migration\venv-before-relocation\Lib\site-packages\scipy\_lib\tests\test_doccer.py","4294","72a60be156c38aba90bd931af37ad678054099ec257f558a821edcf39ad17c88"
".intake\migration\venv-before-relocation\Lib\site-packages\scipy\_lib\tests\test_import_cycles.py","869","beaa07d4a63d5f3cc746509d6f993f0d70ed06a3ca92d0fdf9d79049afc84660"
".intake\migration\venv-before-relocation\Lib\site-packages\scipy\_lib\tests\test_public_api.py","18163","c72218dc29043aabefece2b73976f789b70b790c8847e492543b60b2d66fd972"
".intake\migration\venv-before-relocation\Lib\site-packages\scipy\_lib\tests\test_scipy_version.py","946","47fc16fda8e019b16ad1c97737cf0cb20f5b614bbafea24f1cecb002bb53f970"
".intake\migration\venv-before-relocation\Lib\site-packages\scipy\_lib\tests\test_warnings.py","5141","5a0b2c34875c341bf68a71f757442186fc136f22801b21da1bf0708cd74a9b1a"
".intake\migration\venv-before-relocation\Lib\site-packages\scipy\_lib\tests\test_xp_capabilities.py","2046","26048330480c315ccd8c2d6f056b586e835e0743c36acfc7c07ee97329fb7d9c"
".intake\migration\venv-before-relocation\Lib\site-packages\scipy\_lib\uarray.py","869","0218030ebba3f2931b1ec0c98393734969a686be9f5a88582e1202848c82a269"
".intake\migration\venv-before-relocation\Lib\site-packages\scipy\cluster\__init__.py","911","01634369fd8e8975c36df83f77d4aa0f1855ec313aa37e8adeed33c393bb8d70"
".intake\migration\venv-before-relocation\Lib\site-packages\scipy\cluster\hierarchy\__init__.py","2878","85d5e5e1260768c69eaf78a5545b831a33e7ff7bb2d84faecbb42c4de8835963"
".intake\migration\venv-before-relocation\Lib\site-packages\scipy\cluster\hierarchy\_hierarchy_impl.py","158999","71e8dfed31231026a9be62e21694db48c8413b6006ff203995f25e02dfc42b3f"
".intake\migration\venv-before-relocation\Lib\site-packages\scipy\cluster\hierarchy\tests\__init__.py","0","e3b0c44298fc1c149afbf4c8996fb92427ae41e4649b934ca495991b7852b855"
".intake\migration\venv-before-relocation\Lib\site-packages\scipy\cluster\hierarchy\tests\hierarchy_test_data.py","6995","96f54c9362f98842a5857df668544127772579cc7a0172d8c3be44a65d3b381a"
".intake\migration\venv-before-relocation\Lib\site-packages\scipy\cluster\hierarchy\tests\test_disjoint_set.py","5727","7dccc82fc84afc8084db78f9e1dc04767f4a04e8a93e7a7102158aef18fc5f8a"
".intake\migration\venv-before-relocation\Lib\site-packages\scipy\cluster\hierarchy\tests\test_hierarchy.py","52280","93b84ee2fa97572c8bc791f6f2e49946820d57dc70ae6623cc3acf9ba308267a"
".intake\migration\venv-before-relocation\Lib\site-packages\scipy\cluster\vq\__init__.py","3635","aec82eb2af3354c24c3ba7c8383e4d15a7fff30a5578826e8a0b5fc33a7d16d3"
".intake\migration\venv-before-relocation\Lib\site-packages\scipy\cluster\vq\_vq_impl.py","28912","02674e5f9739124a64e172624de22dd30d234f27ae8992ce24e18b174683b247"
".intake\migration\venv-before-relocation\Lib\site-packages\scipy\cluster\vq\tests\__init__.py","0","e3b0c44298fc1c149afbf4c8996fb92427ae41e4649b934ca495991b7852b855"
".intake\migration\venv-before-relocation\Lib\site-packages\scipy\cluster\vq\tests\test_vq.py","19531","408a12aa4f40841b9cdbffba3ded8a90eda96ed724226f4230a47cc82ab54684"
".intake\migration\venv-before-relocation\Lib\site-packages\scipy\conftest.py","31571","4856c6e0f3a89970e91a785bba5bf6446681e5b153f21513f9e9ec3726d7f9dd"
".intake\migration\venv-before-relocation\Lib\site-packages\scipy\constants\__init__.py","15161","7769c2a9ba09214e7c326a6e8c3e785786396c1c7b6d54be43419cd5ac56fb56"
".intake\migration\venv-before-relocation\Lib\site-packages\scipy\constants\_codata.py","204777","b77ad3347e93d33d107d254987401f6158c5f3f34d6b48780189d002cf5441a2"
".intake\migration\venv-before-relocation\Lib\site-packages\scipy\constants\_constants.py","10941","623ad90d22a0e8bb11ea9fb44eafe6696b2d63a16887d91d2e1668887316a5ce"
".intake\migration\venv-before-relocation\Lib\site-packages\scipy\constants\codata.py","635","15acb3f8792936a93c68e69d073ec07c5a4a8a74b825c6212819bf254c1e63ea"
".intake\migration\venv-before-relocation\Lib\site-packages\scipy\constants\constants.py","2303","bdd0bf8c34d0656425ae4619634523ecd28ed80b41c07e66736f09872ed4afdb"
".intake\migration\venv-before-relocation\Lib\site-packages\scipy\constants\tests\__init__.py","0","e3b0c44298fc1c149afbf4c8996fb92427ae41e4649b934ca495991b7852b855"
".intake\migration\venv-before-relocation\Lib\site-packages\scipy\constants\tests\test_codata.py","2932","ab89ebdbf21d3f2353d1558818f4cf7ece15cabe9b468848e597cba254f6a45b"
".intake\migration\venv-before-relocation\Lib\site-packages\scipy\constants\tests\test_constants.py","4330","0694904e780a803135512b17b36da6476f5e59ca78d6ed5d2b9ba7f37cd9e97c"
".intake\migration\venv-before-relocation\Lib\site-packages\scipy\datasets\__init__.py","2892","1141455cf6617216ac005156002cb5d92cf503ac37c205170480a07d39806871"
".intake\migration\venv-before-relocation\Lib\site-packages\scipy\datasets\_download_all.py","2256","55b1bc55d7e3ce55b5826eaf83a6f5d4364060ad1954c89fa3bb03af182c45a2"
".intake\migration\venv-before-relocation\Lib\site-packages\scipy\datasets\_fetchers.py","7331","b9c376ded285fa7a206c9bf2f97fa27b8ca1c36ab3546b0ed9e7e9d95622739e"
".intake\migration\venv-before-relocation\Lib\site-packages\scipy\datasets\_registry.py","1098","dff64d6297b79425ef5066a5a4db2b851c0a727140d8feb2595ecc15d29bd87c"
".intake\migration\venv-before-relocation\Lib\site-packages\scipy\datasets\_utils.py","3011","be41586ee8ce69ec3e531b361365f0a1e8373b4bf10c5e07406494ba80cd807b"
".intake\migration\venv-before-relocation\Lib\site-packages\scipy\datasets\tests\__init__.py","0","e3b0c44298fc1c149afbf4c8996fb92427ae41e4649b934ca495991b7852b855"
".intake\migration\venv-before-relocation\Lib\site-packages\scipy\datasets\tests\test_data.py","4140","20863eb1e07a7f3b331d7406102a3717cffb3cd32470884a4feec6165ad73755"
".intake\migration\venv-before-relocation\Lib\site-packages\scipy\differentiate\__init__.py","648","b3aec5ab1551cae2fe54a3e33b179a86538b5651c2c07a797ffeb11261a61ec8"
".intake\migration\venv-before-relocation\Lib\site-packages\scipy\differentiate\_differentiate.py","52780","85fa53c5aefd8d1e5139e2662a9012d5adb04e658c13b54638ccd354ec8ccd1e"
".intake\migration\venv-before-relocation\Lib\site-packages\scipy\differentiate\tests\__init__.py","0","e3b0c44298fc1c149afbf4c8996fb92427ae41e4649b934ca495991b7852b855"
".intake\migration\venv-before-relocation\Lib\site-packages\scipy\differentiate\tests\test_differentiate.py","28969","40414ded918ad8191b658e5cf7594ca65575db65406655f6c617221d2c4e8a85"
".intake\migration\venv-before-relocation\Lib\site-packages\scipy\fft\__init__.py","3744","618fe45184430db2fbece229593ce23227692714ca9dce6ac2b55e78d46e85cf"
".intake\migration\venv-before-relocation\Lib\site-packages\scipy\fft\_backend.py","7175","dc555a562abb1d07ae4ab835374edf219938ae884542a4fe23801790e9167d90"
".intake\migration\venv-before-relocation\Lib\site-packages\scipy\fft\_basic_backend.py","7598","eaaab55af371d9ce8e31a18e65b76488d0b10a870e850abb4ceaccec69ffb757"
".intake\migration\venv-before-relocation\Lib\site-packages\scipy\fft\_basic.py","66026","6537e1ce85cf5fd786232459155d3ba5e52e2879959cda2e48deebfa5981f1f4"
".intake\migration\venv-before-relocation\Lib\site-packages\scipy\fft\_debug_backends.py","620","474cc273f0a00ee6d89da19b4068e4d064e67791e5605a412f0ed64a5aa58e94"
".intake\migration\venv-before-relocation\Lib\site-packages\scipy\fft\_duccfft\__init__.py","214","e0fbb40f2274e8386acb520fb2459a756a63daed49601d9d273c9b85b463c07a"
".intake\migration\venv-before-relocation\Lib\site-packages\scipy\fft\_duccfft\basic.py","8905","f0598e1f0bcb0e98dda14830dc86c47f92a4f9f8ec5ed688b39ebea2b196e24a"
".intake\migration\venv-before-relocation\Lib\site-packages\scipy\fft\_duccfft\helper.py","7321","7aaf5509eb5f7922660749115f807ad4c47bdd11e5dcb50c37eb01137a067720"
".intake\migration\venv-before-relocation\Lib\site-packages\scipy\fft\_duccfft\LICENSE.md","1523","c04661685cff9d8035fe1c4c3ab357e7f7633cafc06a73e9d90c3c5fede8a86a"
".intake\migration\venv-before-relocation\Lib\site-packages\scipy\fft\_duccfft\realtransforms.py","3739","2f0cb652eee13d9640a29c5912715e50a322975c10394ff4555a705cd6c49505"
".intake\migration\venv-before-relocation\Lib\site-packages\scipy\fft\_duccfft\tests\__init__.py","0","e3b0c44298fc1c149afbf4c8996fb92427ae41e4649b934ca495991b7852b855"
".intake\migration\venv-before-relocation\Lib\site-packages\scipy\fft\_duccfft\tests\test_basic.py","36638","915b0718eb24402c22f401947508b53f7314e54c4cf105386433cbc6e5b70a8d"
".intake\migration\venv-before-relocation\Lib\site-packages\scipy\fft\_duccfft\tests\test_real_transforms.py","17368","9fd538a89a8d910052ae7ec35a427d5b9122b9cbc612ed56f799cd718b438e8f"
".intake\migration\venv-before-relocation\Lib\site-packages\scipy\fft\_fftlog_backend.py","5558","0f5a8788f3646d5115bc94b00d436c67b0db9060914cf74844950dfa5bcfeb93"
".intake\migration\venv-before-relocation\Lib\site-packages\scipy\fft\_fftlog.py","8226","2a96a02a790fe1c726ccf0f239df0c0e5e1f717a39f0e8f8ee6cf42026874af1"
".intake\migration\venv-before-relocation\Lib\site-packages\scipy\fft\_helper.py","11867","32127a2347e484fe380a037ad6f068bdf127887f25505da0d7be2dea25716622"
".intake\migration\venv-before-relocation\Lib\site-packages\scipy\fft\_realtransforms_backend.py","2430","56bbd4a79263537c9eeefd04028ccc9505730add43e2c1afbe201dbf96ba5115"
".intake\migration\venv-before-relocation\Lib\site-packages\scipy\fft\_realtransforms.py","29232","1ff154420f80160292adc21ab03176d558a398081cf6f1dcd1fbdbfccccd49a2"
".intake\migration\venv-before-relocation\Lib\site-packages\scipy\fft\tests\__init__.py","0","e3b0c44298fc1c149afbf4c8996fb92427ae41e4649b934ca495991b7852b855"
".intake\migration\venv-before-relocation\Lib\site-packages\scipy\fft\tests\mock_backend.py","2781","9a7538d932e894b07e7cd8b7b73c58fd014af6c9787f574db3034dafa430a481"
".intake\migration\venv-before-relocation\Lib\site-packages\scipy\fft\tests\test_backend.py","4369","95d386446657495286649f468d4a8792d1f2719c501f9d2c5f9e4aea1f35a94c"
".intake\migration\venv-before-relocation\Lib\site-packages\scipy\fft\tests\test_basic.py","23708","4716a71744e56be97bb6fe6866d87f5bc2f1ab8b7b8683b374c343eefdd986db"
".intake\migration\venv-before-relocation\Lib\site-packages\scipy\fft\tests\test_fftlog.py","8099","fa89f1365698d9327db8d333b585925e5f3c99afc1cdb03c3fe0b290338067ca"
".intake\migration\venv-before-relocation\Lib\site-packages\scipy\fft\tests\test_helper.py","20046","330d4ed7e91907209b8fdf9f7df6391748c67d3bee942daecfef2d7ebcd19c2a"
".intake\migration\venv-before-relocation\Lib\site-packages\scipy\fft\tests\test_multithreading.py","2234","84ca9811ac27a9aa024b77e9e9d3922c19f5978391e83eedc5c923a1df2f8a97"
".intake\migration\venv-before-relocation\Lib\site-packages\scipy\fft\tests\test_real_transforms.py","9532","e4c94762657177b748235754a65356292113edffa6f3652aef3442802bb614a0"
".intake\migration\venv-before-relocation\Lib\site-packages\scipy\fftpack\__init__.py","3258","34a4a7449e843033f79c3c464893327763c9041db2b4c00ed352aaf3ce0d5d7a"
".intake\migration\venv-before-relocation\Lib\site-packages\scipy\fftpack\_basic.py","13584","81d28bbff8eb19b5683fa6328aa86c78656284764321a32894dea27a86409ff2"
".intake\migration\venv-before-relocation\Lib\site-packages\scipy\fftpack\_helper.py","3461","526a8d5a1608b8b1aad086a29a61cdec37756536fd4b6bc580b63b803e66cd05"
".intake\migration\venv-before-relocation\Lib\site-packages\scipy\fftpack\_pseudo_diffs.py","16635","5154336bcb53ef0e971fcee7133563ab66d347421b55bb02835344e534790ad4"
".intake\migration\venv-before-relocation\Lib\site-packages\scipy\fftpack\_realtransforms.py","19802","5bf62b842e79d0230fa3075d2b5bd04bbd6d65ae7c2a8230ee9391aed520ace5"
".intake\migration\venv-before-relocation\Lib\site-packages\scipy\fftpack\basic.py","597","1459f62b1aec982e88b0e41d8dca15afc36fae59e0d85462bfb80d793d59ad8e"
".intake\migration\venv-before-relocation\Lib\site-packages\scipy\fftpack\helper.py","599","d5bd5bdbbf055b24dcd8c7808de2c507c7b257bea94713a2806b4152f0a9fe5a"
".intake\migration\venv-before-relocation\Lib\site-packages\scipy\fftpack\pseudo_diffs.py","680","a0b09c5ee7e947fc008f84ca8f7393ab22041976a0d714a5fee78ef375eca4c2"
".intake\migration\venv-before-relocation\Lib\site-packages\scipy\fftpack\realtransforms.py","614","a1425735be4a0324b893cc6e6e713b84613d0692c271d924fe28917b207c38e1"
".intake\migration\venv-before-relocation\Lib\site-packages\scipy\fftpack\tests\__init__.py","0","e3b0c44298fc1c149afbf4c8996fb92427ae41e4649b934ca495991b7852b855"
".intake\migration\venv-before-relocation\Lib\site-packages\scipy\fftpack\tests\test_basic.py","31349","64ede5999bb73438feb95b29401f865083e8ccede6d030548c9e678f89408dec"
".intake\migration\venv-before-relocation\Lib\site-packages\scipy\fftpack\tests\test_helper.py","1729","1ee0803f97ac4a6e25327c3d7fd8be072263d435119ed802eb8b367d7e515488"
".intake\migration\venv-before-relocation\Lib\site-packages\scipy\fftpack\tests\test_import.py","1189","bfadec0bb6072e239c68c599ef9fedd0d6accf643c4eafa5a3b6b00f80883702"
".intake\migration\venv-before-relocation\Lib\site-packages\scipy\fftpack\tests\test_pseudo_diffs.py","14121","d8d1a24793a55069fac9ba9bccb0f55974e5b56a5f06ebf77b4116f319357015"
".intake\migration\venv-before-relocation\Lib\site-packages\scipy\fftpack\tests\test_real_transforms.py","25296","087561850bd9e7f01f7fdc0e00d379305b8529d5b99ae3c22dad9cf574be0188"
".intake\migration\venv-before-relocation\Lib\site-packages\scipy\integrate\__init__.py","4495","448108eec91685bb784956cc955e019cfe0410e018f00572fa22762bea2fa78e"
".intake\migration\venv-before-relocation\Lib\site-packages\scipy\integrate\_bvp.py","42721","f8c4125dabc65bfcffbb9dcd2d1f438f6fc34089a4117af741a85ccc25506e92"
".intake\migration\venv-before-relocation\Lib\site-packages\scipy\integrate\_cubature.py","26497","21a761023a251fa6575c63d064c658e3082cc3f9a4eccbd4f0f2a899ec9d30a0"
".intake\migration\venv-before-relocation\Lib\site-packages\scipy\integrate\_ivp\__init__.py","264","5d5a319e3fb5ab55e6e12b568a3ba422822ba9ce8dcb50f18badb91aeac89d6b"
".intake\migration\venv-before-relocation\Lib\site-packages\scipy\integrate\_ivp\base.py","10844","5bd1a3ddb9fb986333d3d3cc2d2e00bc19efbda00169dcc5b82324aad9f198af"
".intake\migration\venv-before-relocation\Lib\site-packages\scipy\integrate\_ivp\bdf.py","18392","72a6db9b5237b901d3bfbbe1485c48983aa4296cb2aaaa945e9d98a4f1d912a4"
".intake\migration\venv-before-relocation\Lib\site-packages\scipy\integrate\_ivp\common.py","16368","741da5d84f09020c628a8b6e4cde6723fd11fdb4fc5e0c9a4816ca269bbdb706"
".intake\migration\venv-before-relocation\Lib\site-packages\scipy\integrate\_ivp\dop853_coefficients.py","7430","e283219a0f1e5f2cc37924ab961d9d24932f69a6d69fe68ee384b7c31f08839a"
".intake\migration\venv-before-relocation\Lib\site-packages\scipy\integrate\_ivp\ivp.py","32775","27b55eb57d7eb31685f884e9a5496954e285ac5d1f0d5018e0d84c750ab2a1ca"
".intake\migration\venv-before-relocation\Lib\site-packages\scipy\integrate\_ivp\lsoda.py","10463","0b6c4cc74b3ac7f0f92c48dcd1b82cef33142cbbf85e2264756230c0f11d654b"
".intake\migration\venv-before-relocation\Lib\site-packages\scipy\integrate\_ivp\radau.py","20721","232f08010ccaa736e16ca34afc888c69365352df58fffbf7aecba6f863a456c6"
".intake\migration\venv-before-relocation\Lib\site-packages\scipy\integrate\_ivp\rk.py","29289","54fb9365032395cd9c087df03b386972c6084108e1371b803d658ae97e171540"
".intake\migration\venv-before-relocation\Lib\site-packages\scipy\integrate\_ivp\tests\__init__.py","0","e3b0c44298fc1c149afbf4c8996fb92427ae41e4649b934ca495991b7852b855"
".intake\migration\venv-before-relocation\Lib\site-packages\scipy\integrate\_ivp\tests\test_ivp.py","44775","af5191d84f51cd10ec4b20d15ab9b01f586d6de2bba4a25049bd5d6548e98804"
".intake\migration\venv-before-relocation\Lib\site-packages\scipy\integrate\_ivp\tests\test_rk.py","1363","ffc9d02ada2d56f476d7c6ebfb498d49048467e493e0bd9381acf9c4a5c7809c"
".intake\migration\venv-before-relocation\Lib\site-packages\scipy\integrate\_lebedev.py","267559","38d9daac755a695ec6dedcfa7184f68ddc1773c2ee681b9ebb5ee87ed6b33487"
".intake\migration\venv-before-relocation\Lib\site-packages\scipy\integrate\_ode.py","52239","111a8787fb27c707eae8f204e55a2b323107309adb917a332b104912e4c97a5c"
".intake\migration\venv-before-relocation\Lib\site-packages\scipy\integrate\_odepack_py.py","11507","f8069eb8358936189159fe8e97517bfdea57eabe301909f0e8f91b646c2fbf4b"
".intake\migration\venv-before-relocation\Lib\site-packages\scipy\integrate\_quad_vec.py","22280","6e05ccb71a69ddca441ca4f78f75205511a5bf84f08fba5cf49ff278a9ec5a87"
".intake\migration\venv-before-relocation\Lib\site-packages\scipy\integrate\_quadpack_py.py","55925","92384d42718f3832429e34fc5ff4174e66f3ce11b2efc15badd9de1da450f806"
".intake\migration\venv-before-relocation\Lib\site-packages\scipy\integrate\_quadrature.py","50877","096d2dcb3a1d1175ab2c1ffd1d865dcd3b8c432a7202f382cc9dc16a64bfa7a7"
".intake\migration\venv-before-relocation\Lib\site-packages\scipy\integrate\_rules\__init__.py","340","1c51d80d8b3950e4258ed78a7835c691215bf93f5e848dcdde015613c40aeaf4"
".intake\migration\venv-before-relocation\Lib\site-packages\scipy\integrate\_rules\_base.py","18445","080007c95211701c82b1be4ff8b92f382bab1eaecc7279b0ba72e2ab2de64589"
".intake\migration\venv-before-relocation\Lib\site-packages\scipy\integrate\_rules\_gauss_kronrod.py","8675","b49e61d7169811d889ff9c0242c282bc4697074ca3025f65b88efcae0f6f5f13"
".intake\migration\venv-before-relocation\Lib\site-packages\scipy\integrate\_rules\_gauss_legendre.py","1795","27798aa13b5996fc547479c5630d9d3d2b160337555e8bd5ddfed44274f9053d"
".intake\migration\venv-before-relocation\Lib\site-packages\scipy\integrate\_rules\_genz_malik.py","7509","ca59787e5219d17197a77588b6a8542344de97528c0da0fcb1af0a8054a0483c"
".intake\migration\venv-before-relocation\Lib\site-packages\scipy\integrate\_tanhsinh.py","63348","9f068232cef5e9133fad83cbcd9aecb90bba4fa9d690e94ffdc4c24de7530a0e"
".intake\migration\venv-before-relocation\Lib\site-packages\scipy\integrate\dop.py","437","5c50a404bc9485d36211bdf50c661d8a2c18be6912ec53b0502e074b6440fe0d"
".intake\migration\venv-before-relocation\Lib\site-packages\scipy\integrate\lsoda.py","453","23b8813c9a78eb3a6cccff09cb9992d8d3f4c7f223ee88266335de6eb68bcbcc"
".intake\migration\venv-before-relocation\Lib\site-packages\scipy\integrate\odepack.py","562","4f1b1789d0f6e5ab4d30ae642970fe1723422d79f3af009d541d613f868b490f"
".intake\migration\venv-before-relocation\Lib\site-packages\scipy\integrate\quadpack.py","627","d031db337f73072c50901475d710a892ec2e254e35613f5b23be214b5a48ad72"
".intake\migration\venv-before-relocation\Lib\site-packages\scipy\integrate\tests\__init__.py","0","e3b0c44298fc1c149afbf4c8996fb92427ae41e4649b934ca495991b7852b855"
".intake\migration\venv-before-relocation\Lib\site-packages\scipy\integrate\tests\test__quad_vec.py","7369","80aa0848b92e23b3956bebe1836da2ca9afb4cfc0b0fadba66e88651fc9d4f4e"
".intake\migration\venv-before-relocation\Lib\site-packages\scipy\integrate\tests\test_banded_ode_solvers.py","9548","2d488ebae513de56eba7589b76fa117ea247e071109a11483cc570059ae80875"
".intake\migration\venv-before-relocation\Lib\site-packages\scipy\integrate\tests\test_bvp.py","20929","d1d85b9d42bbca73b79be155830b336590bdd9737195d47e46dc69c18193d27a"
".intake\migration\venv-before-relocation\Lib\site-packages\scipy\integrate\tests\test_cubature.py","38679","01f02e8d484a65cd9f3be1482b857bbeb6f4c9ff62580565eb6835fdb7232a76"
".intake\migration\venv-before-relocation\Lib\site-packages\scipy\integrate\tests\test_integrate.py","26499","bc8806dc24b7bfe32626f20fd08ded6dedc5fad3a9048ba732fde8b80f9510bd"
".intake\migration\venv-before-relocation\Lib\site-packages\scipy\integrate\tests\test_quadpack.py","30560","f463dda5ad5780064a7a188f110e20757b00cbdcd49bb77853c7adba08cb8920"
".intake\migration\venv-before-relocation\Lib\site-packages\scipy\integrate\tests\test_quadrature.py","32636","a7f1abd89e0cecb5dd13895177b1c2d5750ea67d417fb160720cae9da3a5c52b"
".intake\migration\venv-before-relocation\Lib\site-packages\scipy\integrate\tests\test_tanhsinh.py","46795","3acde52beb92b0b4323fb2620c9656c0d324329f39be847fb58d6c7866e0b03e"
".intake\migration\venv-before-relocation\Lib\site-packages\scipy\integrate\vode.py","439","1a4c749cadff51b3b39d2bdd8218c2b54431e2aa52699cc1eab825b4a8cfe945"
".intake\migration\venv-before-relocation\Lib\site-packages\scipy\interpolate\__init__.py","4301","5b87c4a23bf5c1673d6f971e0ef255c468a4e2087078ddf828bd75d2922ac7eb"
".intake\migration\venv-before-relocation\Lib\site-packages\scipy\interpolate\_bary_rational.py","30334","6a7436449ef788023f4a896ad27630f2898871c0737eac8dcc2bd75e95a4bd89"
".intake\migration\venv-before-relocation\Lib\site-packages\scipy\interpolate\_bsplines.py","101277","6c485563b651d8dcb0b55a63d2e4d17fbe50a0d532f4bd6ff2025b3ea2215082"
".intake\migration\venv-before-relocation\Lib\site-packages\scipy\interpolate\_cubic.py","41976","7ebd5f5026605ac5896944e1d4261e979fce3b9dd2f864586256aebbeb201879"
".intake\migration\venv-before-relocation\Lib\site-packages\scipy\interpolate\_fitpack_impl.py","29854","f16e665855b633d7c0a94bda4c204f8b64aa67fcd3e086c6fa1590c26b6c3b7e"
".intake\migration\venv-before-relocation\Lib\site-packages\scipy\interpolate\_fitpack_py.py","33438","d0e1c6ebcf6f5ef5a25d2ce0c9a9ff910111a26f272f017c182b6601f1013e78"
".intake\migration\venv-before-relocation\Lib\site-packages\scipy\interpolate\_fitpack_repro.py","53502","3d6c1b9264fa2ff1e0ff0dc9eceed7aee03e93d25abf9af1e0c991be98f7a060"
".intake\migration\venv-before-relocation\Lib\site-packages\scipy\interpolate\_fitpack2.py","104191","5533ef10843b1deb6096cdfcbfed9cff55b56b3a1f05a75d74e6009c819794f8"
".intake\migration\venv-before-relocation\Lib\site-packages\scipy\interpolate\_interpolate.py","100877","68bee3b69759f77acbfd5f137790f9d81d5ef7aad7f05d72e89af4ead9717adf"
".intake\migration\venv-before-relocation\Lib\site-packages\scipy\interpolate\_ndbspline.py","18362","98e446ff47a59591cc5614864bd140ba9f422e9b3f04bb281534b21546e89fbc"
".intake\migration\venv-before-relocation\Lib\site-packages\scipy\interpolate\_ndgriddata.py","13175","760ac10fc96016a44266c7d4735a8402c90ec7864c1091dca272ad11f38e30e8"
".intake\migration\venv-before-relocation\Lib\site-packages\scipy\interpolate\_pade.py","2391","702d5b4e9c6ff0f14899ba0bc7bebd6198307cb6a19f32e5f44903bc68665a9b"
".intake\migration\venv-before-relocation\Lib\site-packages\scipy\interpolate\_polyint.py","40961","54b8bb7db16b6351d49728345157535452bbcb269f8e10f958ca2be25aea7bbe"
".intake\migration\venv-before-relocation\Lib\site-packages\scipy\interpolate\_rbf.py","12059","a7850ea7b493b3615edf5b219bc50205297d1084c27d834a3f4b4e559e7d0357"
".intake\migration\venv-before-relocation\Lib\site-packages\scipy\interpolate\_rbfinterp_common.py","1005","6f6213bbcec147dd22070d2531e64497dcd96a03dcce6f101925c99c0a6ca301"
".intake\migration\venv-before-relocation\Lib\site-packages\scipy\interpolate\_rbfinterp_np.py","3151","d33b6a2df5e20b73cd2bb8b33ae9de801f7685538e4fc7ecc8716f1e28389323"
".intake\migration\venv-before-relocation\Lib\site-packages\scipy\interpolate\_rbfinterp_xp.py","7920","de0ba42c6dd5970cac23e40c292bcf4b70166a127c8811f1ee3bb32386e44d98"
".intake\migration\venv-before-relocation\Lib\site-packages\scipy\interpolate\_rbfinterp.py","19978","e566d6b1a43de7c3d5e387de9b9b59edd0f497408bf5f1ec70cc449f0dddd689"
".intake\migration\venv-before-relocation\Lib\site-packages\scipy\interpolate\_regrid.py","43336","5f74725fc258f0fdcd46ff870434955342940b9990d494b0e0aa2e4383bca3b7"
".intake\migration\venv-before-relocation\Lib\site-packages\scipy\interpolate\_rgi.py","34776","c7b4cbcbf25bff14de93026e2ecbe3cc9a28c4e353a841bfa71ddfc435606743"
".intake\migration\venv-before-relocation\Lib\site-packages\scipy\interpolate\dfitpack.py","617","6488fc7a1a59b42390c3223ca78c585cb433fb3cba89e5a03482494a940e87ca"
".intake\migration\venv-before-relocation\Lib\site-packages\scipy\interpolate\fitpack.py","733","c450ed231f8e32ee9022c1764b7c789c417b6734f6737e7119e40158325bf878"
".intake\migration\venv-before-relocation\Lib\site-packages\scipy\interpolate\fitpack2.py","846","e760331916cef8bdb70d2b4404bfe58adc6d30d20b40c58b3f1f5f990b724d7a"
".intake\migration\venv-before-relocation\Lib\site-packages\scipy\interpolate\interpnd.py","630","ec76b3ea5cab9d849206268caead84279dc7897fcc4cdc462b84a45fab71b6d0"
".intake\migration\venv-before-relocation\Lib\site-packages\scipy\interpolate\interpolate.py","784","d0cbe388f25fcf240ef7f144c716674c4abe7b047a2e3884b4517a3394426ff5"
".intake\migration\venv-before-relocation\Lib\site-packages\scipy\interpolate\ndgriddata.py","659","40da8b6cad5f9e0f938ccf36a6e3f4ebc4adceaf9398539291be265e8a542578"
".intake\migration\venv-before-relocation\Lib\site-packages\scipy\interpolate\polyint.py","696","cdf225713721dd92e16d3df812a86c7ec3ce8bc8765fc95b9c89fabb810c8102"
".intake\migration\venv-before-relocation\Lib\site-packages\scipy\interpolate\rbf.py","537","63b0117758617a3f50452591e83b91c38a3fb344dabe6e435d8214e4339da513"
".intake\migration\venv-before-relocation\Lib\site-packages\scipy\interpolate\tests\__init__.py","0","e3b0c44298fc1c149afbf4c8996fb92427ae41e4649b934ca495991b7852b855"
".intake\migration\venv-before-relocation\Lib\site-packages\scipy\interpolate\tests\test_bary_rational.py","17320","97fef541e61fae795928b2bbcd12e3372e624ce0a76500fbfad667e9c193ee68"
".intake\migration\venv-before-relocation\Lib\site-packages\scipy\interpolate\tests\test_bsplines.py","162332","90e2d6da9d48108592354ebe4af9c662c041190bd2fd99600a8cf4bdb3a0a46f"
".intake\migration\venv-before-relocation\Lib\site-packages\scipy\interpolate\tests\test_fitpack.py","18538","c91dcecacd9f09e1d971d008fc84c1660d774c241ec418c13862c504b5fe6d23"
".intake\migration\venv-before-relocation\Lib\site-packages\scipy\interpolate\tests\test_fitpack2.py","83608","7dfa83a5602e5784b23bf80ac836dddc42147e05a7c120a2b62c2d01557ab29e"
".intake\migration\venv-before-relocation\Lib\site-packages\scipy\interpolate\tests\test_gil.py","2464","eea408e27db17938a239121d846dd9214e68d5d334809268c9e8b5144c749cf5"
".intake\migration\venv-before-relocation\Lib\site-packages\scipy\interpolate\tests\test_interpnd.py","19005","75051ce34f410983f38f2ceb042ea8dca6de1d55f8b31ceb6325fa8b8f5c6425"
".intake\migration\venv-before-relocation\Lib\site-packages\scipy\interpolate\tests\test_interpolate.py","113778","f1721cb02aa973bdb1c0a17ce80aa9de77218b56ef2a0e7717d8ff2c77abf94c"
".intake\migration\venv-before-relocation\Lib\site-packages\scipy\interpolate\tests\test_ndgriddata.py","11301","fc0d250b4f12132d88cbaf10915eaec2273c410bbbf02eab70f5c787ea18aa5e"
".intake\migration\venv-before-relocation\Lib\site-packages\scipy\interpolate\tests\test_pade.py","4331","88871d49976778aa8d899003c805dfc44626c13792ee7b70c56df27f0f333513"
".intake\migration\venv-before-relocation\Lib\site-packages\scipy\interpolate\tests\test_polyint.py","38551","7917f00fe49b31a8a1e974045fb99ca5f4230cff5e917b403e8ca445a8fd408d"
".intake\migration\venv-before-relocation\Lib\site-packages\scipy\interpolate\tests\test_rbf.py","7248","558cfa51ef349e0cacd0397c75cfb22d949ee2172090bf376784e02f113d77e9"
".intake\migration\venv-before-relocation\Lib\site-packages\scipy\interpolate\tests\test_rbfinterp.py","21866","bb5fd570f72992ff25661626fced4d8a28b78d82c916c3fb6088abb7b8332a86"
".intake\migration\venv-before-relocation\Lib\site-packages\scipy\interpolate\tests\test_rgi.py","51984","7f5ca29430f188e9ab2b48b51ea9fa8a31c18b9e957830c4eece050f7ca7f335"
".intake\migration\venv-before-relocation\Lib\site-packages\scipy\io\__init__.py","2896","b95f9aa8883d5c02dc947f800675cd744907a4109b476caf44ab7d3c9edd477f"
".intake\migration\venv-before-relocation\Lib\site-packages\scipy\io\_fast_matrix_market\__init__.py","18997","bcdcdbbe83fe7caf6e5572d66000ec48d19de2b7452249066d0d1f568e5415ec"
".intake\migration\venv-before-relocation\Lib\site-packages\scipy\io\_fortran.py","11213","e19eabe9f4ce98fd2a6c5bb12c8be5001066223b72ba3bd1661f5cdc08a88f2b"
".intake\migration\venv-before-relocation\Lib\site-packages\scipy\io\_harwell_boeing\__init__.py","171","6cf294fb9f42a2152886e6e1241a4316ab456c2a37bf73ed97d85bf851da162f"
".intake\migration\venv-before-relocation\Lib\site-packages\scipy\io\_harwell_boeing\_fortran_format_parser.py","9319","ea364a138a18c4bb4464794aa2706e0f61ca6f7a609ddf8953aedf705b56e54e"
".intake\migration\venv-before-relocation\Lib\site-packages\scipy\io\_harwell_boeing\hb.py","21217","31721bd32a8531a73ede6a5e7be82cabdfff5dc544dde6c490adca693dc8494e"
".intake\migration\venv-before-relocation\Lib\site-packages\scipy\io\_harwell_boeing\tests\__init__.py","0","e3b0c44298fc1c149afbf4c8996fb92427ae41e4649b934ca495991b7852b855"
".intake\migration\venv-before-relocation\Lib\site-packages\scipy\io\_harwell_boeing\tests\test_fortran_format.py","2457","137b87ad641d5178dd8db369918519e75e948389cf8d6b9c2bc7c9f5906defb2"
".intake\migration\venv-before-relocation\Lib\site-packages\scipy\io\_harwell_boeing\tests\test_hb.py","3104","3435a77319459d02c2ba207e3559115afe1e2816dd4649754505f0456123d6db"
".intake\migration\venv-before-relocation\Lib\site-packages\scipy\io\_idl.py","27936","f65a75d02fb8bcab344a600ac2ca5c36f20eb77bfc6c03972fc1526d497bfe15"
".intake\migration\venv-before-relocation\Lib\site-packages\scipy\io\_mmio.py","34653","148f9c88a52d5580801567e610bba0225eda1c6c846da7de7e32b1817dd3a7e7"
".intake\migration\venv-before-relocation\Lib\site-packages\scipy\io\_netcdf.py","40605","0fa5dd2664204f047fce7f2cd11bf65276d1c7730b3af7281dcae8361b5438cf"
".intake\migration\venv-before-relocation\Lib\site-packages\scipy\io\arff\__init__.py","833","dc5d32bea8b3253ec7ab9832829999c3658cbb2d2bf5a0a66fa1b6c8d367f3e2"
".intake\migration\venv-before-relocation\Lib\site-packages\scipy\io\arff\_arffread.py","27181","ea94b578360d1eedfc5960e85de2033759ecf29db05ac177d33cb3eeca2e34ef"
".intake\migration\venv-before-relocation\Lib\site-packages\scipy\io\arff\arffread.py","594","44cb1d9b9adac947427ddafda6cabce416f5e4dc4b934cfc03a9c179a0a8a4dc"
".intake\migration\venv-before-relocation\Lib\site-packages\scipy\io\arff\tests\__init__.py","0","e3b0c44298fc1c149afbf4c8996fb92427ae41e4649b934ca495991b7852b855"
".intake\migration\venv-before-relocation\Lib\site-packages\scipy\io\arff\tests\test_arffread.py","13515","c79388812d245be3ed06532e77802e4ebbcf6036786aa98fcc29f9e490045a53"
".intake\migration\venv-before-relocation\Lib\site-packages\scipy\io\harwell_boeing.py","555","b99ecd6412d1c10dfd1a510b1986f2fc9b081e3303a753466dcedc8d6aba385b"
".intake\migration\venv-before-relocation\Lib\site-packages\scipy\io\idl.py","521","160202b9c165fad47de1045db71d3df5c143f1811b189fdf1fd035713e6a4468"
".intake\migration\venv-before-relocation\Lib\site-packages\scipy\io\matlab\__init__.py","2313","2ab292e3a52875d96a3763279237a1c5c23895cc04061f5b2c69f166ba34c19a"
".intake\migration\venv-before-relocation\Lib\site-packages\scipy\io\matlab\_byteordercodes.py","2058","e502f989056fdd48ff7648b534eb359b97f5ca2bb654d17cde45cd358384ff9f"
".intake\migration\venv-before-relocation\Lib\site-packages\scipy\io\matlab\_mio.py","15802","625813bb02b4a85904a09c050ed1279e482d106f1346339a05e802132d167369"
".intake\migration\venv-before-relocation\Lib\site-packages\scipy\io\matlab\_mio4.py","21625","dbc50f4c5639d4c19c021d1cebe6e32ca00549c826a9838c88d878270db6f7cc"
".intake\migration\venv-before-relocation\Lib\site-packages\scipy\io\matlab\_mio5_params.py","8936","2a2928ca6897afb33dcb1f8f25c28192eeb62613d0ddd011f0a1351d894d2074"
".intake\migration\venv-before-relocation\Lib\site-packages\scipy\io\matlab\_mio5.py","35632","d08ff89fbbc668d513cf6d5cfe2a202dc2284d5439eb7edadb6277c6e7e8a427"
".intake\migration\venv-before-relocation\Lib\site-packages\scipy\io\matlab\_miobase.py","13538","3990817b3d77e995703ecd4b25fa8d93109cb97dedd22d12055b69f3013568cc"
".intake\migration\venv-before-relocation\Lib\site-packages\scipy\io\matlab\byteordercodes.py","545","8b2ab033edd8214087f4b25d3846ef309ee7da0bba9f129dc9bd33b295dec80e"
".intake\migration\venv-before-relocation\Lib\site-packages\scipy\io\matlab\mio_utils.py","535","dd88ce460b76326999bf15cb9e4ebcd185feddcb3b615bcac51c8ca947c7a383"
".intake\migration\venv-before-relocation\Lib\site-packages\scipy\io\matlab\mio.py","555","45dfb913c149fffe329507ea04bb22657b8774eb3f929a96d60bba53cbae1230"
".intake\migration\venv-before-relocation\Lib\site-packages\scipy\io\matlab\mio4.py","525","fabdd33f2a0e40bd891697e0fd3924ab54cb195c14e69b857927e90df3f6fea7"
".intake\migration\venv-before-relocation\Lib\site-packages\scipy\io\matlab\mio5_params.py","611","93f0ee46ec66c0c0570dd2abae96b6803994d192ee773c72289866883677d9f8"
".intake\migration\venv-before-relocation\Lib\site-packages\scipy\io\matlab\mio5_utils.py","537","cc018650f4707814a72b655c95f2de3e89dcdcdeb75b01fbab8aed6b85450733"
".intake\migration\venv-before-relocation\Lib\site-packages\scipy\io\matlab\mio5.py","657","2c36298bcc92e5287fd67f94ebae482f18e1bf693868475ea5be23bfaa5d2147"
".intake\migration\venv-before-relocation\Lib\site-packages\scipy\io\matlab\miobase.py","581","b9cc85aeaa6e5a6d8635ea42dcf07d660d31b366c656abd83ec729865c551db4"
".intake\migration\venv-before-relocation\Lib\site-packages\scipy\io\matlab\streams.py","529","4236c5561a9f937211d68c3948fa44dfb05ee3b8c9af9d7af6c3530b5861a666"
".intake\migration\venv-before-relocation\Lib\site-packages\scipy\io\matlab\tests\__init__.py","0","e3b0c44298fc1c149afbf4c8996fb92427ae41e4649b934ca495991b7852b855"
".intake\migration\venv-before-relocation\Lib\site-packages\scipy\io\matlab\tests\data\japanese_utf8.txt","270","ae0c62047ef1984285f75664077a0c2eba800415c83443073d70ca7595cd0446"
".intake\migration\venv-before-relocation\Lib\site-packages\scipy\io\matlab\tests\test_byteordercodes.py","967","60a3c0b04dfa3113c38b726c87642b8a7bcb384bc33e6b01ca5930533aa80d38"
".intake\migration\venv-before-relocation\Lib\site-packages\scipy\io\matlab\tests\test_mio_funcs.py","1441","d5cc8d0ace720ece6aa1992030c337f30e319c4d7b77ff41b88dbf4b7866abf3"
".intake\migration\venv-before-relocation\Lib\site-packages\scipy\io\matlab\tests\test_mio_utils.py","1639","238ff3f0ccbf243cba8ef7ab5f86e6f867833679c2ea35fbd61a6bb064a7085f"
".intake\migration\venv-before-relocation\Lib\site-packages\scipy\io\matlab\tests\test_mio.py","51827","41996fd82d47ae43ce862fe45aec107ca7c6e022cb585f922c570c9c1e593f09"
".intake\migration\venv-before-relocation\Lib\site-packages\scipy\io\matlab\tests\test_mio5_utils.py","5568","675072af400932476589d3844ea22c009742642c744c6a91e0ec8523848305a6"
".intake\migration\venv-before-relocation\Lib\site-packages\scipy\io\matlab\tests\test_miobase.py","1492","26ed922b08627ae02cd80667b7c361130d4355cfc1a4bb6ce01bd89f649a68e1"
".intake\migration\venv-before-relocation\Lib\site-packages\scipy\io\matlab\tests\test_pathological.py","1088","f2572f797cf3927407ff4d3d90d4efadfe1a02bfaa81ab6b5cf12e459b71438c"
".intake\migration\venv-before-relocation\Lib\site-packages\scipy\io\matlab\tests\test_streams.py","7784","3820477d26e98deae9b56dd8cb7e41c941b23cb6ea84e76ad9a5247d77964295"
".intake\migration\venv-before-relocation\Lib\site-packages\scipy\io\mmio.py","543","a831da9666688ff5592d371a3bae73017b3ed5917af5a78aa05f69d51f8c875c"
".intake\migration\venv-before-relocation\Lib\site-packages\scipy\io\netcdf.py","550","61a46d1d23348dd6850795be3a0eef53a0ac81a56110e6a8813c0e6e1b874ce0"
".intake\migration\venv-before-relocation\Lib\site-packages\scipy\io\tests\__init__.py","0","e3b0c44298fc1c149afbf4c8996fb92427ae41e4649b934ca495991b7852b855"
".intake\migration\venv-before-relocation\Lib\site-packages\scipy\io\tests\data\test-1234Hz-le-1ch-10S-20bit-extra.wav","74","87c097b16e7f4a1291d7deedfddf935139600ea399fbbc0afc47151ae711f9a6"
".intake\migration\venv-before-relocation\Lib\site-packages\scipy\io\tests\data\test-44100Hz-2ch-32bit-float-be.wav","3586","823bfffe783dc47fec9b7e21cb109b0a03b800ffbe3d901f0ce02b1f9a269233"
".intake\migration\venv-before-relocation\Lib\site-packages\scipy\io\tests\data\test-44100Hz-2ch-32bit-float-le.wav","3586","1f42cbcafda573682ecd81a7c780d65d4eaf079ec9ad15fe1bd0dde2a1a1d213"
".intake\migration\venv-before-relocation\Lib\site-packages\scipy\io\tests\data\test-44100Hz-be-1ch-4bytes.wav","17720","28acfd497bff477817fc055e103dafca16278f806f0f5bb20e22a9093dee959d"
".intake\migration\venv-before-relocation\Lib\site-packages\scipy\io\tests\data\test-44100Hz-le-1ch-4bytes-early-eof-no-data.wav","72","617d60f2a7423801b5eaf5fd1baab84ac7c28f6655935f7d8f30d0f12d335982"
".intake\migration\venv-before-relocation\Lib\site-packages\scipy\io\tests\data\test-44100Hz-le-1ch-4bytes-early-eof.wav","1024","6c5aec46ac344179ac683b630fa4c53fc859e631183326829adfa46bf0ba18d9"
".intake\migration\venv-before-relocation\Lib\site-packages\scipy\io\tests\data\test-44100Hz-le-1ch-4bytes-incomplete-chunk.wav","13","ccc9e1bd9beb3f893239629529f6c19decafd37c6fce0a976211cdc6c0310c9e"
".intake\migration\venv-before-relocation\Lib\site-packages\scipy\io\tests\data\test-44100Hz-le-1ch-4bytes-rf64.wav","17756","1922690ae7b396f1db84fdc2af88cd5a6cf8cc6e3a5d9ea3722d9f5ad88c3749"
".intake\migration\venv-before-relocation\Lib\site-packages\scipy\io\tests\data\test-44100Hz-le-1ch-4bytes.wav","17720","f6a4c2be981dcf7ada79c54dd558a08073e742305fe3bc665e877d8820ec1229"
".intake\migration\venv-before-relocation\Lib\site-packages\scipy\io\tests\data\test-48000Hz-2ch-64bit-float-le-wavex.wav","7792","12a6019c4813c532af69302d740e47225e3b0821488def77cb885ac11e8fcaed"
".intake\migration\venv-before-relocation\Lib\site-packages\scipy\io\tests\data\test-8000Hz-be-3ch-5S-24bit.wav","90","84661c8714058ebb6f642068d142e2fb1759f24aea5dc29d4e5dcd4947ea7bc9"
".intake\migration\venv-before-relocation\Lib\site-packages\scipy\io\tests\data\test-8000Hz-le-1ch-1byte-ulaw.wav","70","0685020dcb771a263f24957f1e88211779b301e6d3d7c8f4d9cf8c3a7d7d2b15"
".intake\migration\venv-before-relocation\Lib\site-packages\scipy\io\tests\data\test-8000Hz-le-2ch-1byteu.wav","1644","47a109b21bd0a79615478181f6ee0a867e4733554c7c9523d3cda2f2d901209f"
".intake\migration\venv-before-relocation\Lib\site-packages\scipy\io\tests\data\test-8000Hz-le-3ch-5S-24bit-inconsistent.wav","90","b76320ae2de1e892d00de92bc0884304e686e3a394cc7ca7533d2929bbcea4d5"
".intake\migration\venv-before-relocation\Lib\site-packages\scipy\io\tests\data\test-8000Hz-le-3ch-5S-24bit-rf64.wav","126","8921b2aa8b97e7735a101df7b732976b5d4d44863dec61b8d3fa6a585fe4e4b4"
".intake\migration\venv-before-relocation\Lib\site-packages\scipy\io\tests\data\test-8000Hz-le-3ch-5S-24bit.wav","90","c82bf4ba1faec7fb2426cc5e3a3ce88346019376503bf930e4724732ab55c88d"
".intake\migration\venv-before-relocation\Lib\site-packages\scipy\io\tests\data\test-8000Hz-le-3ch-5S-36bit.wav","120","a22315b1057dfaa181cff670b1f024800f416573635db1f8cf1086bef753d116"
".intake\migration\venv-before-relocation\Lib\site-packages\scipy\io\tests\data\test-8000Hz-le-3ch-5S-45bit.wav","134","7bded7a0facf1890c887c9ceea68a2fff562639c95966b783a73d0a03375763b"
".intake\migration\venv-before-relocation\Lib\site-packages\scipy\io\tests\data\test-8000Hz-le-3ch-5S-53bit.wav","150","c1ba272a5cefcd0fdb418c81b23f86c278a164e867d2ec5f2a12ff9c434218d7"
".intake\migration\venv-before-relocation\Lib\site-packages\scipy\io\tests\data\test-8000Hz-le-3ch-5S-64bit.wav","164","52ee503d071bb671659f139de33146c698930b8c20769e893a8609d95319214d"
".intake\migration\venv-before-relocation\Lib\site-packages\scipy\io\tests\data\test-8000Hz-le-4ch-9S-12bit.wav","116","d45ebb87cb6bdb1cf40b92b6d53f72f60b29706034aa748ecec976be302b00cb"
".intake\migration\venv-before-relocation\Lib\site-packages\scipy\io\tests\data\test-8000Hz-le-5ch-9S-5bit.wav","89","4c9bc653b1a9817742addae3ccc943b6989e0cc9c32be95630caa55a34f6dc16"
".intake\migration\venv-before-relocation\Lib\site-packages\scipy\io\tests\test_fortran.py","11707","ac4b1d82cffccab64142975b294705a4a8b30a9413f662a8b7cd75a7c3b3313a"
".intake\migration\venv-before-relocation\Lib\site-packages\scipy\io\tests\test_idl.py","21758","a0f8e32f9c889f742612e9ab66a3fdbd0ed18cbfc4bed1cad69301e015cad9b9"
".intake\migration\venv-before-relocation\Lib\site-packages\scipy\io\tests\test_mmio.py","30895","73080f44d3a32c3031af6f7f5d463ddacca5dc106dff86b7b3cad0b9dd1e8635"
".intake\migration\venv-before-relocation\Lib\site-packages\scipy\io\tests\test_netcdf.py","20109","0121f246f68b34ece4c2215f58a254a665bcc4b15cb0d46ef551284cde8df9c5"
".intake\migration\venv-before-relocation\Lib\site-packages\scipy\io\tests\test_paths.py","3371","021ca2228dc34c649ecc97175cd74aae113b9b6895694c0d715ada4d09bedb48"
".intake\migration\venv-before-relocation\Lib\site-packages\scipy\io\tests\test_wavfile.py","19289","d007da2a9c8738c30be7c5adf0d605cdc4eff4de6e34a0d1cf4c509ae372525f"
".intake\migration\venv-before-relocation\Lib\site-packages\scipy\io\wavfile.py","31629","ff72efe99aca7fe3ba1a26f2bae67c2d5c4bf87bef8a699f196496e494eb733f"
".intake\migration\venv-before-relocation\Lib\site-packages\scipy\linalg\__init__.py","7660","91604d8726c12c89bda30609d2662e1aa7cf7f8b37a6393c8761110b21b502d7"
".intake\migration\venv-before-relocation\Lib\site-packages\scipy\linalg\_basic.py","78191","cf2429926e41a67bd0b776c4662665eac10ec0eeb2ee7eb0513e4b3eeb2f0260"
".intake\migration\venv-before-relocation\Lib\site-packages\scipy\linalg\_decomp_cholesky.py","17218","17b24e05e46c69e1a94fc98ff4acbc3f022811cd3337106ad60146ae57300e4d"
".intake\migration\venv-before-relocation\Lib\site-packages\scipy\linalg\_decomp_cossin.py","9839","c3b8a5af709ec50e71c997766b9f734a828937dd191aded5a4c1454dfcee496e"
".intake\migration\venv-before-relocation\Lib\site-packages\scipy\linalg\_decomp_ldl.py","13027","3218a5551a5509cac38ab31e83059a06afbcb02be50abf0177b1cc9e31b11c7a"
".intake\migration\venv-before-relocation\Lib\site-packages\scipy\linalg\_decomp_lu.py","12871","d7607b5324a27272d479e7b0452bf3bfd0c91174084842285c83c24e13c34a8b"
".intake\migration\venv-before-relocation\Lib\site-packages\scipy\linalg\_decomp_polar.py","3767","893067af75be87473bd36074d6c76762e8fb823eace6a93c112ddec6c848be58"
".intake\migration\venv-before-relocation\Lib\site-packages\scipy\linalg\_decomp_qr.py","17063","eee0f78b1f33900f66d28db06d35d7932ab198616504d6d8f1b274916dffcc66"
".intake\migration\venv-before-relocation\Lib\site-packages\scipy\linalg\_decomp_qz.py","17112","f3ca2d721220ae234f0dc12070c5e44ce50334e732b4e6548ee11255f41372bd"
".intake\migration\venv-before-relocation\Lib\site-packages\scipy\linalg\_decomp_schur.py","12567","a0e8c6d6d65ca280981494308f1c8f6ef57fda6393b5b1b3cece7914efe48116"
".intake\migration\venv-before-relocation\Lib\site-packages\scipy\linalg\_decomp_svd.py","19827","81d2cf8b8c04bf1db8d09290ce00bdce7a9b212edb1b10352b5ce4e80ff71dac"
".intake\migration\venv-before-relocation\Lib\site-packages\scipy\linalg\_decomp.py","67002","75f5ce85364850c34ac621e033bc2eeb22dd370904df72f7630780c9bb5d8270"
".intake\migration\venv-before-relocation\Lib\site-packages\scipy\linalg\_expm_frechet.py","12832","289ff3742f5b44b748e47eb1dedf6a9c1b00e7a3ba1b13fb1925f97a37a00273"
".intake\migration\venv-before-relocation\Lib\site-packages\scipy\linalg\_matfuncs_inv_ssq.py","28971","32148b074723317ebd919dc105c5eed2d616a60535b699ea247efeba6fa81b08"
".intake\migration\venv-before-relocation\Lib\site-packages\scipy\linalg\_matfuncs_sqrtm.py","3490","265d79ee7a8664c4766a427f73d8dfbaae015c6aa2d9c0530794a6821df5671a"
".intake\migration\venv-before-relocation\Lib\site-packages\scipy\linalg\_matfuncs.py","27449","c401b97eca6361814a400ec06b9670441c0315c845d67749a5a7f987462256e6"
".intake\migration\venv-before-relocation\Lib\site-packages\scipy\linalg\_misc.py","9701","12d793c44980f0be2e3afcc25d2a979a64714a48ec5a1a939e18d1756c504774"
".intake\migration\venv-before-relocation\Lib\site-packages\scipy\linalg\_procrustes.py","3978","de69265bf5acce6c917376d03e5036336887df730deae7feb484ff54de44cc4d"
".intake\migration\venv-before-relocation\Lib\site-packages\scipy\linalg\_sketches.py","7398","5cead92521ca9d3fc03cc7ac228c884b2849376e4b3d4075da3ec1d28b477208"
".intake\migration\venv-before-relocation\Lib\site-packages\scipy\linalg\_solvers.py","31002","0022aa8d9374c57550b3174ac9e7b4fbdbb4e02e25bd47f360422318a3d148ed"
".intake\migration\venv-before-relocation\Lib\site-packages\scipy\linalg\_special_matrices.py","42603","960148766004267dcb83d4dc647adebf77b7de860c969f32e3f48923333d8120"
".intake\migration\venv-before-relocation\Lib\site-packages\scipy\linalg\_testutils.py","2016","7eb91ed721630c1ff5da7a4817635dabe2a02a770965060144bff95443f8fe6e"
".intake\migration\venv-before-relocation\Lib\site-packages\scipy\linalg\basic.py","776","718d50ec65a339bc6f74e1e007c110593dd38906e65f359fc8b3803a9bc018de"
".intake\migration\venv-before-relocation\Lib\site-packages\scipy\linalg\blas.py","13465","27e55f13129b8d3695a337a2f6d0d1460d2bacf35c04a70078a81fa87a808d3b"
".intake\migration\venv-before-relocation\Lib\site-packages\scipy\linalg\decomp_cholesky.py","670","6964165694a65eec4e96689b7f8c1ea2401b72e9b3b770786d61cd71a49e2935"
".intake\migration\venv-before-relocation\Lib\site-packages\scipy\linalg\decomp_lu.py","614","3a9021921f4bb86cde177c6c36b57b2e72cd1f5afd04a2118c4ca43eae89eccc"
".intake\migration\venv-before-relocation\Lib\site-packages\scipy\linalg\decomp_qr.py","587","763f48a7f34bf7f0e16d332f3aedd47fbdca171cc05b0f199390245bfc7c220e"
".intake\migration\venv-before-relocation\Lib\site-packages\scipy\linalg\decomp_schur.py","623","053488eb0a543197b03c6b1a63fb7f8895561f4d183b5ba79f727c3397040341"
".intake\migration\venv-before-relocation\Lib\site-packages\scipy\linalg\decomp_svd.py","652","eaf4c0ba32623430aed7e51390f70f996913f6cd815d28bd1fd77fa3e4590a8c"
".intake\migration\venv-before-relocation\Lib\site-packages\scipy\linalg\decomp.py","731","9478e247b82238b00b1554549da2e0519b7390996c3af75b81dc4949ecd6cc92"
".intake\migration\venv-before-relocation\Lib\site-packages\scipy\linalg\interpolative.py","32110","07b65dca7f9fa03dfb2a6394297837e532b202e05bf6c4e579dabe50dd5d000e"
".intake\migration\venv-before-relocation\Lib\site-packages\scipy\linalg\lapack.py","20840","335454e0ca801553691bf28a5a0550ab0b00c02e3682eeb52b4f2f9cc5987a2b"
".intake\migration\venv-before-relocation\Lib\site-packages\scipy\linalg\matfuncs.py","767","bd2d8bd0d2034c4e10f0549e137ba58cb554aa686c4d763f2546d32ef6d8b2e0"
".intake\migration\venv-before-relocation\Lib\site-packages\scipy\linalg\misc.py","613","498deba2796fd392911148b4be1c53debb923d483a319991a195a05c987eed94"
".intake\migration\venv-before-relocation\Lib\site-packages\scipy\linalg\special_matrices.py","771","f247a3d7253af5b75354836ea821fb06d7a871506b1a8f1062473e9e809d86bb"
".intake\migration\venv-before-relocation\Lib\site-packages\scipy\linalg\tests\__init__.py","0","e3b0c44298fc1c149afbf4c8996fb92427ae41e4649b934ca495991b7852b855"
".intake\migration\venv-before-relocation\Lib\site-packages\scipy\linalg\tests\cython_abi_signatures.json","393796","1b2cf1ee0adb802907cba594e1384095a6dbc31a8aa846bb71ed83e7966e3ace"
".intake\migration\venv-before-relocation\Lib\site-packages\scipy\linalg\tests\test_basic.py","118742","d40ba24f428b409d9dc8787b33a14927268ebc6e94209560f0cd696484636eee"
".intake\migration\venv-before-relocation\Lib\site-packages\scipy\linalg\tests\test_batch.py","33749","4027cd0313acd8be2f977d17b0a55ceb8f7d73ee3fd67ecea531a8757f148b3a"
".intake\migration\venv-before-relocation\Lib\site-packages\scipy\linalg\tests\test_blas.py","42011","386ff2bd810f8ebfc5005f0990233b9f5d1a5925c141bf1082960c46e3cb9596"
".intake\migration\venv-before-relocation\Lib\site-packages\scipy\linalg\tests\test_cython_abi.py","4164","2829f2e4d0fb13dd3db5ef79bdd37685040e3e6ef59196c867af3e45d814fce9"
".intake\migration\venv-before-relocation\Lib\site-packages\scipy\linalg\tests\test_cython_blas.py","5426","e6a41d2b6c4f1501ca5bbc766e3c9cdd857d68d72a296f91f66f3bf8f25554ad"
".intake\migration\venv-before-relocation\Lib\site-packages\scipy\linalg\tests\test_cython_lapack.py","2203","2727c928d53cd01ffc2870caecb65ad4ea1c372abfb5c015b1572b3d496c9135"
".intake\migration\venv-before-relocation\Lib\site-packages\scipy\linalg\tests\test_cythonized_array_utils.py","5297","508b6ed6a6b6b7dfcd1a305e4b671bc6d0ed49d0e4aa8d09c0822da06dde6222"
".intake\migration\venv-before-relocation\Lib\site-packages\scipy\linalg\tests\test_decomp_cholesky.py","17472","f910e6e03e9efacdb5e9834e67943e7f328eefee93400d9a80a737304b352165"
".intake\migration\venv-before-relocation\Lib\site-packages\scipy\linalg\tests\test_decomp_cossin.py","12874","3249d0d7a7c92b2161fa8a98998fc18bdb0cc5f1514ccfc24173a5197636e8fb"
".intake\migration\venv-before-relocation\Lib\site-packages\scipy\linalg\tests\test_decomp_ldl.py","5170","8c34396c04f58d617cf5c551e0fa6ba6b581e012fea28b563321c9a21ec2d86a"
".intake\migration\venv-before-relocation\Lib\site-packages\scipy\linalg\tests\test_decomp_lu.py","13070","80373c63623ca611a0f100455aec0ab40d2d70bac1b9a27d3cf4b9b0a08167f0"
".intake\migration\venv-before-relocation\Lib\site-packages\scipy\linalg\tests\test_decomp_polar.py","3397","41bcf8d7dfbf44193ad3db2bb606043012398b45e4bccdbae0d78c7223207101"
".intake\migration\venv-before-relocation\Lib\site-packages\scipy\linalg\tests\test_decomp_update.py","70328","1357aed67c19fcc24148c8c6eafce41135db891cde38b1a193be9051c7be79a6"
".intake\migration\venv-before-relocation\Lib\site-packages\scipy\linalg\tests\test_decomp.py","137038","65926c3670cd2d17d95ed808cd932d02563a19250dd1add41a6e8e5ad3e2b26d"
".intake\migration\venv-before-relocation\Lib\site-packages\scipy\linalg\tests\test_deprecations.py","7197","b1f2b442b34c1c49e335340b830d01a51d08f06111e2f93bdb6005ef4dc6340c"
".intake\migration\venv-before-relocation\Lib\site-packages\scipy\linalg\tests\test_extending.py","2287","da67107d6e2d049f181b8eb016882dee402181defba7c5bb61fd53b5c7e42b1f"
".intake\migration\venv-before-relocation\Lib\site-packages\scipy\linalg\tests\test_fblas.py","19536","0cf495f9323dce032e365604bd5cd37d8e78fa919b757a16dc0a52305fb0c0f9"
".intake\migration\venv-before-relocation\Lib\site-packages\scipy\linalg\tests\test_interpolative.py","8848","b99843d59315028d75d75ed7c755b1195fab505ca6af41ec912293f5d8a80328"
".intake\migration\venv-before-relocation\Lib\site-packages\scipy\linalg\tests\test_lapack.py","142388","f6e084016d10d94a1122085e0f1365ef7020725378370dce598801ce17438a56"
".intake\migration\venv-before-relocation\Lib\site-packages\scipy\linalg\tests\test_matfuncs.py","46889","e69b83c3acf3d14c4630e35fc084313213827777c046e9f8293756e9a86a4998"
".intake\migration\venv-before-relocation\Lib\site-packages\scipy\linalg\tests\test_matmul_toeplitz.py","4224","5397b2cf40a07da9aa76b66c5c2bd8feacbbdfac616f02a033439eddec9b91d3"
".intake\migration\venv-before-relocation\Lib\site-packages\scipy\linalg\tests\test_procrustes.py","9267","b240958d170f0e5e5887d14773ea00e74b2c8a71cd9c00eca6a0c63a55a32ff5"
".intake\migration\venv-before-relocation\Lib\site-packages\scipy\linalg\tests\test_sketches.py","4058","96f7a54510534eef28e5ff79c049cc3d0864f9826b0485ab2679407e67860c0f"
".intake\migration\venv-before-relocation\Lib\site-packages\scipy\linalg\tests\test_solve_toeplitz.py","4716","9afa3cc91129c539fb934d9a36edb20ddd4fcf90d4b62197a5938cba15536943"
".intake\migration\venv-before-relocation\Lib\site-packages\scipy\linalg\tests\test_solvers.py","35472","fe70d28e16a185fbdc6d9271ddd2ee6cfa605a5da0d4d3e96f40f62da8d6d6cd"
".intake\migration\venv-before-relocation\Lib\site-packages\scipy\linalg\tests\test_special_matrices.py","25526","1344ea770cda2bf4b86eb136cbe60d87b7d1972e803ae84bd35e23424d16c90f"
".intake\migration\venv-before-relocation\Lib\site-packages\scipy\misc\__init__.py","141","43142a9d80917625a9ebf8eca0e2873f8ca9b87ced6e1fb7cf4afa7ddc4de20c"
".intake\migration\venv-before-relocation\Lib\site-packages\scipy\misc\common.py","148","dfe09cd8df6013fc94a3df1a797a8d804fc907058b2d639126e9988817cf1ee4"
".intake\migration\venv-before-relocation\Lib\site-packages\scipy\misc\doccer.py","148","99f071207c0e18322bc5124dde787677d6d2a371ae77559dd3293eb7e090655a"
".intake\migration\venv-before-relocation\Lib\site-packages\scipy\ndimage\__init__.py","5381","80ad9f3187bdd48c014b9cac985ae885c68b7bbc2670dab2e85e2090e70e41b0"
".intake\migration\venv-before-relocation\Lib\site-packages\scipy\ndimage\_delegators.py","9713","4894aaa5e54c9174cef3965a40a9f9a54c5033bafd2f062511072c6a0c7d3912"
".intake\migration\venv-before-relocation\Lib\site-packages\scipy\ndimage\_filters.py","95819","b83ba559da8ab41d1aa0b4beecf93b01ccb0064ed5bc56a45798ecf6c7041f35"
".intake\migration\venv-before-relocation\Lib\site-packages\scipy\ndimage\_fourier.py","11572","3d3728cb2b6065cfdd141b0fb98ae20b2ea826fe47573f39cdd4a9a6de06a203"
".intake\migration\venv-before-relocation\Lib\site-packages\scipy\ndimage\_interpolation.py","38730","b5416f83a8f6aac833ffc9ab34a7300f110d95132accefb9955c8a8f957674cb"
".intake\migration\venv-before-relocation\Lib\site-packages\scipy\ndimage\_measurements.py","57963","7c0ae574a7b0d8609da230c282d4182b12a61d3463c58857b68991d57956e397"
".intake\migration\venv-before-relocation\Lib\site-packages\scipy\ndimage\_morphology.py","103595","acc30fc9bf11de6fef46353bb26dd0a86a3917945fd185a9a50534bde779d8ba"
".intake\migration\venv-before-relocation\Lib\site-packages\scipy\ndimage\_ndimage_api.py","602","1af939ed138e9726a415896c9392ced77c62946f46d1e6cb0ece4dc978dcedd0"
".intake\migration\venv-before-relocation\Lib\site-packages\scipy\ndimage\_ni_docstrings.py","9266","c3f0379e5c0b5689cdabd77448a1372d34004e98230ebf18671411573114bd93"
".intake\migration\venv-before-relocation\Lib\site-packages\scipy\ndimage\_ni_support.py","5355","936622ef7b7e7ab7a9db20201f93afceea81c0f80f551b27fd35580fae4c7373"
".intake\migration\venv-before-relocation\Lib\site-packages\scipy\ndimage\_support_alternative_backends.py","4363","5a5cf3e24afe2ba93cbd261d282beba075e9b5028e891e17983d852da3053fd6"
".intake\migration\venv-before-relocation\Lib\site-packages\scipy\ndimage\filters.py","1003","a414930597946375c024220574bd5466607738ce8a2657768e1ccf5561e9398b"
".intake\migration\venv-before-relocation\Lib\site-packages\scipy\ndimage\fourier.py","620","320f329ba7ddd815c1152ad48b0ad6dc65287834d85db74ea907bbe44262298c"
".intake\migration\venv-before-relocation\Lib\site-packages\scipy\ndimage\interpolation.py","686","b79fe16c20c4dc6d3a15df80ef0a33b7f4e776395b8f7cfa8d140fb6388145ea"
".intake\migration\venv-before-relocation\Lib\site-packages\scipy\ndimage\measurements.py","812","34d4eb64b6526d4ea13b8d938f8f667be4b503e57ea673836e9c649b87a12ce2"
".intake\migration\venv-before-relocation\Lib\site-packages\scipy\ndimage\morphology.py","992","e9ac675bea7f169dc19bedb5cd8a1a6b3fb549d37110f60297c4a87915f00d04"
".intake\migration\venv-before-relocation\Lib\site-packages\scipy\ndimage\tests\__init__.py","326","9e7db6b00cfbeba0bc153ca4b7e7b635d099ea0674e35eda06b685b89096f353"
".intake\migration\venv-before-relocation\Lib\site-packages\scipy\ndimage\tests\data\label_inputs.txt","315","a0128e8e5c8eaa40c444579fbb28e5b0f7957c64727e60dcfae89ac2e31ecb80"
".intake\migration\venv-before-relocation\Lib\site-packages\scipy\ndimage\tests\data\label_results.txt","4603","84d3c4f1838f9b9319d7af48e1ce499c6d9c5b195e3a529d746d55740f859f76"
".intake\migration\venv-before-relocation\Lib\site-packages\scipy\ndimage\tests\data\label_strels.txt","294","7cb8cb0826fbd90757e7990ab2c65dc20dbad92695e4d81d206fc19ff80f1d28"
".intake\migration\venv-before-relocation\Lib\site-packages\scipy\ndimage\tests\dots.png","2114","b20b56fadc7471c0694d3e8148d9e28a83d7967bac16bf8852094afea3950414"
".intake\migration\venv-before-relocation\Lib\site-packages\scipy\ndimage\tests\test_c_api.py","3840","879021f8ad707bf7777f24324bb285332e8eaecaf9e81c4f9d2c79a8405819a4"
".intake\migration\venv-before-relocation\Lib\site-packages\scipy\ndimage\tests\test_datatypes.py","2886","aef9bca651d68e2855ab1535ab5c46e37b336c2e1c93776afd58b304c09b946d"
".intake\migration\venv-before-relocation\Lib\site-packages\scipy\ndimage\tests\test_filters.py","148860","4ede77003abf94cfa32e1f8e1d3dfd07b6f7fb3d4c0bd908bd87b0e1dcc2e4e1"
".intake\migration\venv-before-relocation\Lib\site-packages\scipy\ndimage\tests\test_fourier.py","8277","68ffbaad28b96b4694461d432939f9fff041c61156227987c133f1be78b65a58"
".intake\migration\venv-before-relocation\Lib\site-packages\scipy\ndimage\tests\test_interpolation.py","64296","4b2c81430e3e6dc033b073e14ddb6bd76f525133fdff0f85c99944a6dabfe35c"
".intake\migration\venv-before-relocation\Lib\site-packages\scipy\ndimage\tests\test_measurements.py","64193","528a2505f7c2e2772612814036056a68d38472bfc2dd43551653bf9f12067aac"
".intake\migration\venv-before-relocation\Lib\site-packages\scipy\ndimage\tests\test_morphology.py","141257","335d90046ba1429b5c2761904fe4f2a90be56491f93fcf45ba1ac164c6facdee"
".intake\migration\venv-before-relocation\Lib\site-packages\scipy\ndimage\tests\test_ni_support.py","2561","2810c79527cb79fd8c961341c33a1a2d56acfb707434ad7f329c8796c5c675fe"
".intake\migration\venv-before-relocation\Lib\site-packages\scipy\ndimage\tests\test_splines.py","3325","18bbc860563c119d8ee658bb9a1ca536e73377eac69c8de85f0b879cd7c7623a"
".intake\migration\venv-before-relocation\Lib\site-packages\scipy\odr\__init__.py","6391","374605579bbe12d15323f4b4b4b1f976c55714e25f0095dcc2ee453cb04aaa47"
".intake\migration\venv-before-relocation\Lib\site-packages\scipy\odr\_add_newdocs.py","1367","7e07d1198bfe7c6be09b3a07aa888b12ac38df13e628c5b8e63c24f535f115e2"
".intake\migration\venv-before-relocation\Lib\site-packages\scipy\odr\_models.py","9114","95205b8f2a2321446873526949d204c4254fcfa9c3db3e79d4b69021d279f0a7"
".intake\migration\venv-before-relocation\Lib\site-packages\scipy\odr\_odrpack.py","45507","c59ad11fde2a3eff085d21229cafe975083a734ebfbf14d991028c05e62c2df5"
".intake\migration\venv-before-relocation\Lib\site-packages\scipy\odr\models.py","812","5daa265b850a458256a6eff2ec01755b534fa5ed821c35c514a2e20664c46d5d"
".intake\migration\venv-before-relocation\Lib\site-packages\scipy\odr\odrpack.py","856","4a9a939202c1b56944b3d69f748a55ea2508c571bdeb029bcff439161043bc0a"
".intake\migration\venv-before-relocation\Lib\site-packages\scipy\odr\tests\__init__.py","0","e3b0c44298fc1c149afbf4c8996fb92427ae41e4649b934ca495991b7852b855"
".intake\migration\venv-before-relocation\Lib\site-packages\scipy\odr\tests\test_odr.py","23099","78e954cc92aa5aa385bb23aa1f6deffb899ccdc98b97c16458e90e0f64626ad6"
".intake\migration\venv-before-relocation\Lib\site-packages\scipy\optimize\__init__.py","13739","386c0ca12008b1da344df26284cb7806d5b92f12c98bde043e464b65faa99f6c"
".intake\migration\venv-before-relocation\Lib\site-packages\scipy\optimize\_basinhopping.py","30719","ccf52060e2627a0d0bbeabf916d0758c51666f67b2f1bf161b1dd2382a96e8a1"
".intake\migration\venv-before-relocation\Lib\site-packages\scipy\optimize\_bracket.py","32051","35d780d2e321060aed87046de07c2fa3fbe4eb416ecea9b5bbe93ad434ad62cd"
".intake\migration\venv-before-relocation\Lib\site-packages\scipy\optimize\_chandrupatla.py","25298","9034754d85e1d6f028fc4be3e879611786f35576b9d2339920d558b9f796813e"
".intake\migration\venv-before-relocation\Lib\site-packages\scipy\optimize\_cobyla_py.py","11304","1e2e943bca624ef7d129d46aff926447286f5505054c060f33f13822cc43ae13"
".intake\migration\venv-before-relocation\Lib\site-packages\scipy\optimize\_cobyqa_py.py","2999","7d2172c81d9283a557e691d59f329f012da4dafce074372ac291fabc1519ad1d"
".intake\migration\venv-before-relocation\Lib\site-packages\scipy\optimize\_constraints.py","25902","b490e0e96ca59cfb4ffaafb11e3ccb7b398680b34abb01c43c7ddd7644d89809"
".intake\migration\venv-before-relocation\Lib\site-packages\scipy\optimize\_dcsrch.py","25962","9a413b3f462fb5312501c7894efb2fa591066069663d3918f57c9d2e045d576e"
".intake\migration\venv-before-relocation\Lib\site-packages\scipy\optimize\_differentiable_functions.py","30809","2f62c728fa4daed54d783601726107d6c287e0c00e5c17016d7e3afba5c7bef6"
".intake\migration\venv-before-relocation\Lib\site-packages\scipy\optimize\_differentialevolution.py","92056","04134c8ce29e7f02c9af6902bea5f16ff09d82147df5b1dffb295b8ac2b6f6d5"
".intake\migration\venv-before-relocation\Lib\site-packages\scipy\optimize\_direct_py.py","12128","b22b67ca91f0cf4e473f180feba1c9811f47cc1d4652e223c99f6fef4290af37"
".intake\migration\venv-before-relocation\Lib\site-packages\scipy\optimize\_dual_annealing.py","31967","b210664685e7507bb59edcfc33e7f441c2822dce9a267ad2e701303d66ab01c6"
".intake\migration\venv-before-relocation\Lib\site-packages\scipy\optimize\_elementwise.py","35567","fd299a43d6f013425a9df73024887a6cd3a4462f70677edf96ba329d5ca6dfcd"
".intake\migration\venv-before-relocation\Lib\site-packages\scipy\optimize\_hessian_update_strategy.py","18902","891551c990c13796cd2712804beba98f2aaf1a7b1909fabfa01fa7a0eb39ec41"
".intake\migration\venv-before-relocation\Lib\site-packages\scipy\optimize\_highspy\__init__.py","0","e3b0c44298fc1c149afbf4c8996fb92427ae41e4649b934ca495991b7852b855"
".intake\migration\venv-before-relocation\Lib\site-packages\scipy\optimize\_highspy\_highs_wrapper.py","11632","1f2a701c25725dc78b53f0185ac802e74f74d484695c6c2127d51d907302994d"
".intake\migration\venv-before-relocation\Lib\site-packages\scipy\optimize\_isotonic.py","6234","e1b3790ef7d79fe213500f16d310e5e31a074a73638b20075fe279b8cad5be56"
".intake\migration\venv-before-relocation\Lib\site-packages\scipy\optimize\_lbfgsb_py.py","21662","1add9425fb6c634339839a2f20c16c7a6a14f68db6f38e4f57e3366006439fd4"
".intake\migration\venv-before-relocation\Lib\site-packages\scipy\optimize\_linesearch.py","28771","03a1fcd1dda084f295d062689f8cf651e783e529e7cb19c2e45ea09c67b305ff"
".intake\migration\venv-before-relocation\Lib\site-packages\scipy\optimize\_linprog_doc.py","63363","e83978b6a320988a7062f73f6312421fcd1a3575655c5a79307b00c05257a82c"
".intake\migration\venv-before-relocation\Lib\site-packages\scipy\optimize\_linprog_highs.py","17567","7f6acb007a35617222845b56c9919d5f549ce3744e5154c3bf0f12934dcf7f9b"
".intake\migration\venv-before-relocation\Lib\site-packages\scipy\optimize\_linprog_ip.py","47792","78c11ac578a2018b0b4f91cc1de14332bbde2c6f129bd6f83cc56a6391003bda"
".intake\migration\venv-before-relocation\Lib\site-packages\scipy\optimize\_linprog_rs.py","23718","047575127581a8d50c0767ec4fab3a0397647b8c3619ab83b81a2f151beb07f7"
".intake\migration\venv-before-relocation\Lib\site-packages\scipy\optimize\_linprog_simplex.py","25411","f2859720062d354d1eb6ff0f10977d123570038787ac2ab2c8c03420be532d5e"
".intake\migration\venv-before-relocation\Lib\site-packages\scipy\optimize\_linprog_util.py","64259","57a6498a7441613a0e3825e33d994787ee62bcbde940dec5aabad7fd616b3777"
".intake\migration\venv-before-relocation\Lib\site-packages\scipy\optimize\_linprog.py","30973","883172f6c372b656187a3e5da92998b3e10c608c502de8ce8c27c8a8309a9a15"
".intake\migration\venv-before-relocation\Lib\site-packages\scipy\optimize\_lsq\__init__.py","177","73857eb673328b675734d5e48c543c49dbc600db606eba9710cf8ea5d05d6694"
".intake\migration\venv-before-relocation\Lib\site-packages\scipy\optimize\_lsq\bvls.py","5378","87d6d88776acb4846f32d306821b441a91b97c3b21ef848c45b9a01771cdf183"
".intake\migration\venv-before-relocation\Lib\site-packages\scipy\optimize\_lsq\common.py","21212","538075ef250c1936456aeab1be8f5697196a777b4fcc9f4c4b68e5fb4064cb1e"
".intake\migration\venv-before-relocation\Lib\site-packages\scipy\optimize\_lsq\dogbox.py","12522","05fdcf0b75a5250eed2ebbe5e11dd613811a1aae0c262dbc5609c0f7c2a736de"
".intake\migration\venv-before-relocation\Lib\site-packages\scipy\optimize\_lsq\least_squares.py","43856","b768b647932fea1329a9e44df3b3b1cc69635dc79a43ad36e402f41799dbe7b8"
".intake\migration\venv-before-relocation\Lib\site-packages\scipy\optimize\_lsq\lsq_linear.py","15636","9a6e3a1e3f965510ec49c193d86543f897e6d7a89f2962aec4eb9e0b73af3b9d"
".intake\migration\venv-before-relocation\Lib\site-packages\scipy\optimize\_lsq\trf_linear.py","7891","184306c8ca96c1a54b51aeec0a8f62c0399492e4fbe3aa1c8b588ae8a8e72500"
".intake\migration\venv-before-relocation\Lib\site-packages\scipy\optimize\_lsq\trf.py","21103","a174a6e79b67067823804666c9e97413dd0d432c7ac7cd148c0c9ee5cfa9732b"
".intake\migration\venv-before-relocation\Lib\site-packages\scipy\optimize\_milp.py","15647","803785ebcc365d1c04967a267650953da01ed285ee8be1c7a66a9fe3dbf75c3c"
".intake\migration\venv-before-relocation\Lib\site-packages\scipy\optimize\_minimize.py","54249","1e557fd87a76a768bef65a8191f9e81a56edf7b96d3e0eddafb452dfe6fdb895"
".intake\migration\venv-before-relocation\Lib\site-packages\scipy\optimize\_minpack_py.py","46764","0040c87c28ee04be39c51120e0155e37541b41792f9bf71d8070f42272fe9ecf"
".intake\migration\venv-before-relocation\Lib\site-packages\scipy\optimize\_nnls.py","2699","9e5fdc27e228c4754606c3232a379c2f3ce29b57b31567f090e968f6866d9de6"
".intake\migration\venv-before-relocation\Lib\site-packages\scipy\optimize\_nonlin.py","54081","26b0ac1940ceeb62b3013a90f8da9c5389d4e07de423ff071e1fcdd808e3e16e"
".intake\migration\venv-before-relocation\Lib\site-packages\scipy\optimize\_numdiff.py","38227","c030c88bb0e54b4851b9e91460861e3807073cb48d982dab08ac690465f1922b"
".intake\migration\venv-before-relocation\Lib\site-packages\scipy\optimize\_optimize.py","154034","2333b2f730c1cbf97f5d93d74a9157e23d3856ae43489e3053ad467690366ffa"
".intake\migration\venv-before-relocation\Lib\site-packages\scipy\optimize\_qap.py","28078","3ecaeddc015b820c46f7095e5f16adcc48278ddcb5f52f28b9f7da67a7cca1bb"
".intake\migration\venv-before-relocation\Lib\site-packages\scipy\optimize\_remove_redundancy.py","19279","ebb4910f5d61e41fe7cfdeb09daea52f0c22726cbeee0ddb7cc027f9b6924e4e"
".intake\migration\venv-before-relocation\Lib\site-packages\scipy\optimize\_root_scalar.py","20920","da7191bb5faf8c28953c0271a295495703fe76f6343e2e43dc2a802faca91c01"
".intake\migration\venv-before-relocation\Lib\site-packages\scipy\optimize\_root.py","29439","1a9740149847cb569aa0c06473f478a647f9488288ca456d9610cb0d216031f3"
".intake\migration\venv-before-relocation\Lib\site-packages\scipy\optimize\_shgo_lib\__init__.py","0","e3b0c44298fc1c149afbf4c8996fb92427ae41e4649b934ca495991b7852b855"
".intake\migration\venv-before-relocation\Lib\site-packages\scipy\optimize\_shgo_lib\_complex.py","51485","1a2396fe8f44f43667a13ebbcb07e529eca56e8338c0824b5bfe9be27701ffd3"
".intake\migration\venv-before-relocation\Lib\site-packages\scipy\optimize\_shgo_lib\_vertex.py","14456","cfd6be517a4c543f0d5daff2d5e3e9f956b76fb075b5c0103e645c932d56d880"
".intake\migration\venv-before-relocation\Lib\site-packages\scipy\optimize\_shgo.py","65114","9ca44de85d48514c5ed6757d88e063eec7d4d7aedad203ff5077a6fe4bd9c5c1"
".intake\migration\venv-before-relocation\Lib\site-packages\scipy\optimize\_slsqp_py.py","25050","3971def62a3f336021b06cbac7b788ba554176cee76130c5e01ca902130afee4"
".intake\migration\venv-before-relocation\Lib\site-packages\scipy\optimize\_spectral.py","8388","53c467d3b73d4289591a96d58d43e74ec286c66c1a0ea6c0860cb5b6edd37ef7"
".intake\migration\venv-before-relocation\Lib\site-packages\scipy\optimize\_tnc.py","17782","3a2305bc2b6502d51adde2a7865addc7618bdecb4fb84b6856c94d853fc13f80"
".intake\migration\venv-before-relocation\Lib\site-packages\scipy\optimize\_trlib\__init__.py","536","e536d5f14252484c16fea38d833a33a070e0be186e833ab2909cf26c30ab363d"
".intake\migration\venv-before-relocation\Lib\site-packages\scipy\optimize\_trustregion_constr\__init__.py","186","63638b9f61c1439af1a407c8f948d665ce23fec0ea8ce0469a0752db3002ff6e"
".intake\migration\venv-before-relocation\Lib\site-packages\scipy\optimize\_trustregion_constr\canonical_constraint.py","12932","2e2617c7ede17d5ada87d965f90cd57dddcd6b4e003aaef77ab477dda93b205f"
".intake\migration\venv-before-relocation\Lib\site-packages\scipy\optimize\_trustregion_constr\equality_constrained_sqp.py","9391","e6c51c6572d3d4a6371ecfe373e5d0ad7c9c1616603ee315bb59dee817e7967b"
".intake\migration\venv-before-relocation\Lib\site-packages\scipy\optimize\_trustregion_constr\minimize_trustregion_constr.py","27165","6d22bb391f205ec2177923ae3adb779055c1d18f8c2d532f14748a63f253136b"
".intake\migration\venv-before-relocation\Lib\site-packages\scipy\optimize\_trustregion_constr\projections.py","13925","1d758d70122b18a3a032cd406b7c18828076529c7bbbeb45046db339588d83e0"
".intake\migration\venv-before-relocation\Lib\site-packages\scipy\optimize\_trustregion_constr\qp_subproblem.py","23228","5e362a407088e4696b79685f826f52de1ae19217500c814ea9fb58d35a0006e0"
".intake\migration\venv-before-relocation\Lib\site-packages\scipy\optimize\_trustregion_constr\report.py","1831","628c9d1d5453c4ee69f2367d259522657e279cb930a3ebac22c92c144cf407a6"
".intake\migration\venv-before-relocation\Lib\site-packages\scipy\optimize\_trustregion_constr\tests\__init__.py","0","e3b0c44298fc1c149afbf4c8996fb92427ae41e4649b934ca495991b7852b855"
".intake\migration\venv-before-relocation\Lib\site-packages\scipy\optimize\_trustregion_constr\tests\test_canonical_constraint.py","10165","cfc30a37a35b6b1b07ee98f6adb08674e4388d713e78cf923eefc870d32d21a2"
".intake\migration\venv-before-relocation\Lib\site-packages\scipy\optimize\_trustregion_constr\tests\test_nested_minimize.py","1255","7d17abae52f8f06b24b9dade5bd62eed823b3c6f7f6cbb90e594fdec2064b3ba"
".intake\migration\venv-before-relocation\Lib\site-packages\scipy\optimize\_trustregion_constr\tests\test_projections.py","9083","dfabe507c4979b7ab3fc84c98b995251b251b5edee6ff01a7a581c4189c5e936"
".intake\migration\venv-before-relocation\Lib\site-packages\scipy\optimize\_trustregion_constr\tests\test_qp_subproblem.py","28287","ab06800592a8b54a49135c5e019cdfe4aadd3d4ba95a768e5088c14818a112ee"
".intake\migration\venv-before-relocation\Lib\site-packages\scipy\optimize\_trustregion_constr\tests\test_report.py","1138","eac9f7de5927fbf849a39ff98bbbc63d9b6582e1748a47f1014ff4fc62e430da"
".intake\migration\venv-before-relocation\Lib\site-packages\scipy\optimize\_trustregion_constr\tr_interior_point.py","15109","512a5c5f4e8b5557de9f2ec406c67d2408b8fecc9bcb34cccab26106e6a948cb"
".intake\migration\venv-before-relocation\Lib\site-packages\scipy\optimize\_trustregion_dogleg.py","4511","5d3bcd42d79b6533f397ac46b731c12c37050f6a9ee6c48e14e4db9ad0d6b30a"
".intake\migration\venv-before-relocation\Lib\site-packages\scipy\optimize\_trustregion_exact.py","17161","90070fe63ebbf1762f236984943d7a3123047bb0b4ea10ad903b1a632b746659"
".intake\migration\venv-before-relocation\Lib\site-packages\scipy\optimize\_trustregion_krylov.py","3095","384e8004dd7fa1e4545015d6181036405973c4ee0625506c7a834e301d9be12c"
".intake\migration\venv-before-relocation\Lib\site-packages\scipy\optimize\_trustregion_ncg.py","4706","3b6ffca7dda5fdf6941cb236e861cadb0574453740475b1c962d178574d3b12a"
".intake\migration\venv-before-relocation\Lib\site-packages\scipy\optimize\_trustregion.py","12198","9b62a2b052a840fa3b126d524794b06a7469ca6c46e1eb5bb40db5c558242282"
".intake\migration\venv-before-relocation\Lib\site-packages\scipy\optimize\_tstutils.py","35032","95a08f8897212bc3a93095bf7da359a9474ecb27938253cb459f4ad39fdce701"
".intake\migration\venv-before-relocation\Lib\site-packages\scipy\optimize\_zeros_py.py","58518","a9159901a6928511baed2a64245638a37fb775e1621d1be5989e1558e1285c0e"
".intake\migration\venv-before-relocation\Lib\site-packages\scipy\optimize\cobyla.py","576","08739e6bf6223a908d2796e5448e98aa8622782a2153de8c35857e6225800c67"
".intake\migration\venv-before-relocation\Lib\site-packages\scipy\optimize\cython_optimize\__init__.py","5020","2c4c94719fed51f44d318832141614b077f3b6e8b5e53be22652c2b1b656ac3c"
".intake\migration\venv-before-relocation\Lib\site-packages\scipy\optimize\elementwise.py","1228","3d0ac6279ed44422deeb41f7a204bed1a613d7c97c63c8ffd8134cff641a7db9"
".intake\migration\venv-before-relocation\Lib\site-packages\scipy\optimize\lbfgsb.py","624","c115d09d471cf3e78f40e326a953350f487e821ba10ffab25bf777e67afa61e0"
".intake\migration\venv-before-relocation\Lib\site-packages\scipy\optimize\linesearch.py","553","2a2a2bc57636d2a97e995903414754a694e583f281112de909f24734bf176700"
".intake\migration\venv-before-relocation\Lib\site-packages\scipy\optimize\minpack.py","691","bb1027086ed2bbd1b18b9bbc3fe0426c07bea8ac2434ab4cbc8911a0f76b4519"
".intake\migration\venv-before-relocation\Lib\site-packages\scipy\optimize\minpack2.py","531","353af19f4b6f37fbc14c7c0fbb9997355ef830a8fd312115b7cc501f3a4eb96a"
".intake\migration\venv-before-relocation\Lib\site-packages\scipy\optimize\moduleTNC.py","526","d0166d8f8d4d11ad673365d837d0dffa4986ed6d50246e0f59c638d19a2eafeb"
".intake\migration\venv-before-relocation\Lib\site-packages\scipy\optimize\nonlin.py","739","9ad8f89807d98548d317fd763f7770cb7656832b5eba0caa1bca0904ac24867d"
".intake\migration\venv-before-relocation\Lib\site-packages\scipy\optimize\optimize.py","917","209770172fed61fb54f655c879c41a0695965cdb1b7964d8b992743f92a460d2"
".intake\migration\venv-before-relocation\Lib\site-packages\scipy\optimize\slsqp.py","591","45ee650c8f2f76ecaec34c77cad82d0d0e712cfc912921f81d59107b16c4f982"
".intake\migration\venv-before-relocation\Lib\site-packages\scipy\optimize\tests\__init__.py","0","e3b0c44298fc1c149afbf4c8996fb92427ae41e4649b934ca495991b7852b855"
".intake\migration\venv-before-relocation\Lib\site-packages\scipy\optimize\tests\cython_abi_signatures.json","892","1264b20f5d6518ec695652a5a4f7a22ed4fc75203d85ab424aeb7bd11204532e"
".intake\migration\venv-before-relocation\Lib\site-packages\scipy\optimize\tests\test__basinhopping.py","19767","5514ce415633688db35be1251e81170aba75131f1cf0821786d185a30cab2c89"
".intake\migration\venv-before-relocation\Lib\site-packages\scipy\optimize\tests\test__differential_evolution.py","73327","b4abd9f6ffee85a72ca4e6f15a794c28351a6d1e18964a18e289b5f686ffb1a6"
".intake\migration\venv-before-relocation\Lib\site-packages\scipy\optimize\tests\test__dual_annealing.py","17018","c769286758f2db87059b0fa5f879acb205fa2752e8b7a61eff09dd6cc1570edb"
".intake\migration\venv-before-relocation\Lib\site-packages\scipy\optimize\tests\test__linprog_clean_inputs.py","12196","ec68995bd873bc8706ad80cb43ad67a6616e220dcfe1a9c8d583d0447b0de03f"
".intake\migration\venv-before-relocation\Lib\site-packages\scipy\optimize\tests\test__numdiff.py","37879","0ddbfcbe21a1fe6dbee8d2ab43667b8e124f98544512dc6aae7a1cb12531684d"
".intake\migration\venv-before-relocation\Lib\site-packages\scipy\optimize\tests\test__remove_redundancy.py","7110","6402a7882c3ac5b3e07c40244196c160b283958e55411ac0e3fb98fe439e65a6"
".intake\migration\venv-before-relocation\Lib\site-packages\scipy\optimize\tests\test__root.py","4322","aa381dbadb03e8b39080731e4ae3b1259152706a34869c99d46f8ca1adefc944"
".intake\migration\venv-before-relocation\Lib\site-packages\scipy\optimize\tests\test__shgo.py","43422","b42dcda43a9d98b293948668bb0dfc88ac0c41408390b6a4423c13f604a5eb4f"
".intake\migration\venv-before-relocation\Lib\site-packages\scipy\optimize\tests\test__spectral.py","6864","6df0e96d99198dea1c2e1a3a2be90467e91a9504639fc05897907180952f5dd3"
".intake\migration\venv-before-relocation\Lib\site-packages\scipy\optimize\tests\test_bracket.py","38347","5a978e1fd1202897e2a95f72625e0120b1f0a32036f78fca8cf0cb14fcecfa7f"
".intake\migration\venv-before-relocation\Lib\site-packages\scipy\optimize\tests\test_chandrupatla.py","39620","dd0ecebf15439a453ac2437e355b7ef2b13252152f1f72e155ff1f2cfd59733c"
".intake\migration\venv-before-relocation\Lib\site-packages\scipy\optimize\tests\test_cobyla.py","7017","74e6e8dd4d180a32d413d63b7d428b371bd163e62c349e3f8dd7a8a6efad7923"
".intake\migration\venv-before-relocation\Lib\site-packages\scipy\optimize\tests\test_cobyqa.py","8395","077064057131344100908cfe7ab9a2abc8bf0e120e1d1369a2ad55d72ec007da"
".intake\migration\venv-before-relocation\Lib\site-packages\scipy\optimize\tests\test_constraint_conversion.py","12806","cc5713daea54a0ec91fcd87acaa33d3db41ada404908e0096135699dc443b345"
".intake\migration\venv-before-relocation\Lib\site-packages\scipy\optimize\tests\test_constraints.py","9946","a39a02bfedc0cebde4c076f767317d5ea63bd0f33ae7f79bd3a6f86d07be9fad"
".intake\migration\venv-before-relocation\Lib\site-packages\scipy\optimize\tests\test_cython_abi.py","3068","188284b827226ead109b4a4042e289fb9cf3e216e018595a527b2991d8877e97"
".intake\migration\venv-before-relocation\Lib\site-packages\scipy\optimize\tests\test_cython_optimize.py","2730","5e652b9c9af158a59f1f9df7ec588201f095e9d8df7e3a50595835a251b5be0d"
".intake\migration\venv-before-relocation\Lib\site-packages\scipy\optimize\tests\test_differentiable_functions.py","39624","e1a0c29187df8358fb27785133a4edd4ea428d881caf3a8ff4c70e72275156ff"
".intake\migration\venv-before-relocation\Lib\site-packages\scipy\optimize\tests\test_direct.py","14081","6efd93131b27cc00ddf8c0b82491d49f004f11c72b7b1bf600b12990a78dc7ef"
".intake\migration\venv-before-relocation\Lib\site-packages\scipy\optimize\tests\test_extending.py","1132","e9b5260ea4764c244c42160f35c24be1012447b26c889be460641ace96fa4760"
".intake\migration\venv-before-relocation\Lib\site-packages\scipy\optimize\tests\test_hessian_update_strategy.py","14637","146c5007e229ba8a949086bd2de3fcf5a04f5788e218ca8bafccc2c3d6a0354e"
".intake\migration\venv-before-relocation\Lib\site-packages\scipy\optimize\tests\test_isotonic_regression.py","7280","eff946ba85b063039d2db502b9ece8ba6423f2168014c7bb44998ae73b6ca0e9"
".intake\migration\venv-before-relocation\Lib\site-packages\scipy\optimize\tests\test_lbfgsb_hessinv.py","1999","8047f08015ce2a299b6751b2afdfce78d6c84c1d17a0581fe36d4fb3b31fed22"
".intake\migration\venv-before-relocation\Lib\site-packages\scipy\optimize\tests\test_lbfgsb_setulb.py","3808","c0a60524c7d6d87bb958f0d705a2995ccdc6f7915b29ca36e2514199898ceb77"
".intake\migration\venv-before-relocation\Lib\site-packages\scipy\optimize\tests\test_least_squares.py","39296","f2bd702a36b80c3a904fb2f23f1fca928c824a8155be241c59c2ba24f47dda2b"
".intake\migration\venv-before-relocation\Lib\site-packages\scipy\optimize\tests\test_linear_assignment.py","4219","5558a256ee17f226998030bf3b0f55edf2c255d0965b27ad457af7ac920dfe7a"
".intake\migration\venv-before-relocation\Lib\site-packages\scipy\optimize\tests\test_linesearch.py","11932","9b017e8948aacc0a3b950f597ce5ddd6623212c7fdd3c7f8838ad2d6103c4703"
".intake\migration\venv-before-relocation\Lib\site-packages\scipy\optimize\tests\test_linprog.py","107728","a9f211e78869efb7669e8990be10a5fef28a5749f3c7e1d9ad8ad86e25b9380a"
".intake\migration\venv-before-relocation\Lib\site-packages\scipy\optimize\tests\test_lsq_common.py","9797","01775fcc89423b98106b7832ecebbd9a9d520070fcfaa30fd720b27cad64688e"
".intake\migration\venv-before-relocation\Lib\site-packages\scipy\optimize\tests\test_lsq_linear.py","11290","ff719a91fa9c8a7eeaa9dfea3c8ef33327d49063581f7dee6a8d76967ac7bf52"
".intake\migration\venv-before-relocation\Lib\site-packages\scipy\optimize\tests\test_milp.py","19288","a402b9f1456401e5d008ab0b47514ff5826f8c1648090c38348814f80bdf56d5"
".intake\migration\venv-before-relocation\Lib\site-packages\scipy\optimize\tests\test_minimize_constrained.py","35782","e64b287508a9b34649e571ad827415fdf2559c287ea2fb230c67bcb4e4470250"
".intake\migration\venv-before-relocation\Lib\site-packages\scipy\optimize\tests\test_minpack.py","46074","f77697af607df20012ae36e332901580729ae63f0e23e9c0f026eb6ec4962802"
".intake\migration\venv-before-relocation\Lib\site-packages\scipy\optimize\tests\test_nnls.py","27554","a11e5299dad2e5332e50ee5b478808ea3ba09897788b6739cef08c724a2ac00c"
".intake\migration\venv-before-relocation\Lib\site-packages\scipy\optimize\tests\test_nonlin.py","20821","6fb8d1487c306e2db784eeb8315805a817b22656f3dce52607e55ba0de44bbc1"
".intake\migration\venv-before-relocation\Lib\site-packages\scipy\optimize\tests\test_optimize.py","146794","18e1ba5e852676418abdd4b1ceef001406aea206d67e5258c258963072128a62"
".intake\migration\venv-before-relocation\Lib\site-packages\scipy\optimize\tests\test_quadratic_assignment.py","16861","564a4cad0180428ca39552f5b8177d77e3d2646ce530ec66c0d4cd88eb7ad111"
".intake\migration\venv-before-relocation\Lib\site-packages\scipy\optimize\tests\test_regression.py","1117","8dcfae57cf506af0217f7e23f09dab88dc5863d80822039d76b44c57996d0b46"
".intake\migration\venv-before-relocation\Lib\site-packages\scipy\optimize\tests\test_slsqp.py","26341","cb52bb5ef6ab2315b9bb9ccecaac6ab85869fe34d03e83dece46d26612daa2c6"
".intake\migration\venv-before-relocation\Lib\site-packages\scipy\optimize\tests\test_tnc.py","13045","5d62f58ffbbff59ae450139fc85572b4801d0ff770e6b468fb4c39207c7fecf3"
".intake\migration\venv-before-relocation\Lib\site-packages\scipy\optimize\tests\test_trustregion_exact.py","22288","ff4063e7e6ab8fe324ee98f00ea5947428d949592384f7cbe676557d01171929"
".intake\migration\venv-before-relocation\Lib\site-packages\scipy\optimize\tests\test_trustregion_krylov.py","6739","32df349849a86a9952542045947478fe6cd4098bda51dd6a362120a0c75635c0"
".intake\migration\venv-before-relocation\Lib\site-packages\scipy\optimize\tests\test_trustregion.py","4747","3b2199099e87fa3cb3a63365782510f7a7f94bde032e16398e2473bb6e3a382a"
".intake\migration\venv-before-relocation\Lib\site-packages\scipy\optimize\tests\test_zeros.py","40099","d873567a7147d095d5ac3f969f1e62392496c020c16107437064fc97d7fc7739"
".intake\migration\venv-before-relocation\Lib\site-packages\scipy\optimize\tnc.py","582","ce78631f8215d7b895ea085dc701346a3eb5ee2a1d1fa38f3cbfc07eb8fcf0b5"
".intake\migration\venv-before-relocation\Lib\site-packages\scipy\optimize\zeros.py","646","c9983fbedeeb47ff33e4dda2f8e6a6deb6cc88f75ab3c97dc6089bfec0004e19"
".intake\migration\venv-before-relocation\Lib\site-packages\scipy\signal\__init__.py","14022","8b2349c36c1cea4fb9d597860eaeee512de87f8f8e1a221bad95c200a7e13394"
".intake\migration\venv-before-relocation\Lib\site-packages\scipy\signal\_arraytools.py","8558","5bb93fd1edc05bc2f3dd12cf0268b84979c93207bd377cb5f9565cbdeb66da33"
".intake\migration\venv-before-relocation\Lib\site-packages\scipy\signal\_czt.py","20152","a8e4b6853e07f9f4468cd8cd7d838c6474314907400ff23549085d979735d859"
".intake\migration\venv-before-relocation\Lib\site-packages\scipy\signal\_delegators.py","15224","1d26ece9ee012869883c6a37ae968d4873170e9d7c2f262298b20438039fe072"
".intake\migration\venv-before-relocation\Lib\site-packages\scipy\signal\_filter_design.py","211042","bde198e0ad7e215a0d332f5897967a55722ca1a4a8b1f0a6d8da216c58006ae0"
".intake\migration\venv-before-relocation\Lib\site-packages\scipy\signal\_fir_filter_design.py","65721","964f1b765b86ec44b9f548fbf50cacdadd6b25100639f91f0f1ea36bc7981796"
".intake\migration\venv-before-relocation\Lib\site-packages\scipy\signal\_lti_conversion.py","20234","73790204a81e3724c335e68411f5692c4ddd3e3a03218b0f6a2278671ce6f3c4"
".intake\migration\venv-before-relocation\Lib\site-packages\scipy\signal\_ltisys.py","136228","355a9bfa9b47a4e466b268c24f777c179c7d1d46c754ae6eaf90a85b13b7c201"
".intake\migration\venv-before-relocation\Lib\site-packages\scipy\signal\_max_len_seq.py","5199","a155242f7a927ccd7f143598fc07142397c58b6bc1407d1fd625e20d53ab21b1"
".intake\migration\venv-before-relocation\Lib\site-packages\scipy\signal\_peak_finding.py","50069","73ca23aba0863ac8db9442b6e483865cf95d5f11f307e3dd5ca4519015fb076e"
".intake\migration\venv-before-relocation\Lib\site-packages\scipy\signal\_polyutils.py","8567","3a7fde7b1088fdbc3bee64ab251a95b9d399f5ae9f2e86692ad166a282ca0253"
".intake\migration\venv-before-relocation\Lib\site-packages\scipy\signal\_savitzky_golay.py","15073","5d07c9008b018df3edee9dd54fd98bd53fff7630caf5ec140da9322928e62559"
".intake\migration\venv-before-relocation\Lib\site-packages\scipy\signal\_short_time_fft.py","105461","f85dd915d7377f2136383b0dd8c976da22f2a73b80f31200e488ec4c060fa24b"
".intake\migration\venv-before-relocation\Lib\site-packages\scipy\signal\_signal_api.py","1326","ac58ddf3ea60a011c326d192cf40d905df17b2b52c04e1a8628f8a49987b343e"
".intake\migration\venv-before-relocation\Lib\site-packages\scipy\signal\_signaltools.py","203726","3f49179f82f7cfc94cffbe6d90ad4529a51492c3e5f92a4992cde218da1795e8"
".intake\migration\venv-before-relocation\Lib\site-packages\scipy\signal\_spectral_py.py","99636","e5ad1caf4747f3c4e83ef0c8cb8f92f1e22803f3d46a3fbd825c894d4e7ebdc2"
".intake\migration\venv-before-relocation\Lib\site-packages\scipy\signal\_spline_filters.py","26305","0ee640163e3fce9d2c3e05ec07d2ac37a3f6419519362d6dc57942bd2ea9ccea"
".intake\migration\venv-before-relocation\Lib\site-packages\scipy\signal\_support_alternative_backends.py","18704","aa2d4a31d1c10adbcbefcc2996e9da7f5a0db1c1323c46aeb2d2619702b3f322"
".intake\migration\venv-before-relocation\Lib\site-packages\scipy\signal\_upfirdn.py","8195","e93ad2616d74b50bae5db2a472b5df9e7ea6cb5198b036888e582e1274cf3cdf"
".intake\migration\venv-before-relocation\Lib\site-packages\scipy\signal\_waveforms.py","23639","d636897b980c7da6519234094740e1ab6f6eb58da4eedfed4c9bb3c165ac81f7"
".intake\migration\venv-before-relocation\Lib\site-packages\scipy\signal\_wavelets.py","915","fc1159736d48c5fc6ca2d0e2762717c415a5490b6d372390e569722c4c10ba5f"
".intake\migration\venv-before-relocation\Lib\site-packages\scipy\signal\_whittaker.py","18547","b424959440eff0ead7c3256e6112d0eba60f5ef122dd8bf925a162a8bd44c52d"
".intake\migration\venv-before-relocation\Lib\site-packages\scipy\signal\bsplines.py","672","96879ffa200c415d5112be44c1b08d0d24f41472c78079f04b6e3a7e48199d27"
".intake\migration\venv-before-relocation\Lib\site-packages\scipy\signal\filter_design.py","1140","37a3c757c036e966ada17f34ca0fb48857ee0c2d7eb0f8b21ece051ecae14356"
".intake\migration\venv-before-relocation\Lib\site-packages\scipy\signal\fir_filter_design.py","678","9e18358b1457a0605d4a2f7442f1e37033ccffb4499c2711da8f242280fcfc38"
".intake\migration\venv-before-relocation\Lib\site-packages\scipy\signal\lti_conversion.py","659","eb00958ccf718329f7cb962b5d3e9a3c53941d22120e434569216c5667bc0529"
".intake\migration\venv-before-relocation\Lib\site-packages\scipy\signal\ltisys.py","894","840f50eaa722aa028744b79448e79d1b1f6af63374756c84449dc5d7dfe26bfb"
".intake\migration\venv-before-relocation\Lib\site-packages\scipy\signal\signaltools.py","1065","21af3c38da97a57e2a67261ddfae08d82650caa9f632ac1ae6b08e8a11210f37"
".intake\migration\venv-before-relocation\Lib\site-packages\scipy\signal\spectral.py","683","5dfdf40dd655cddfaca781883ef0a2cae95424860da3ec7b2f17aa97240b4081"
".intake\migration\venv-before-relocation\Lib\site-packages\scipy\signal\spline.py","554","e9326c5b5a0d557f6c98c732909f69fd4699337146e25d81151daad8acdcf89a"
".intake\migration\venv-before-relocation\Lib\site-packages\scipy\signal\tests\__init__.py","0","e3b0c44298fc1c149afbf4c8996fb92427ae41e4649b934ca495991b7852b855"
".intake\migration\venv-before-relocation\Lib\site-packages\scipy\signal\tests\_scipy_spectral_test_shim.py","12988","89d2a78ca98e215cdfeee3b4f86f8b6a606f50664b84f303d2937cc880e7e429"
".intake\migration\venv-before-relocation\Lib\site-packages\scipy\signal\tests\data\GLB.Ts+dSST.csv","13028","50f7eb91b8240c422430b94ec030ff97ad44355d09e5abd494a289d69ef1b05c"
".intake\migration\venv-before-relocation\Lib\site-packages\scipy\signal\tests\mpsig.py","3430","ddc77f58f833f5d9236a5aee857c7100f60257c2b3b342fc087e21fb45bc8d7e"
".intake\migration\venv-before-relocation\Lib\site-packages\scipy\signal\tests\test_array_tools.py","3700","bdda6c883130022c88efa6757078d3cb8428f26549bd6634d68cba12deaaf48c"
".intake\migration\venv-before-relocation\Lib\site-packages\scipy\signal\tests\test_bsplines.py","19892","e332441c374d67fc3b3002b6e8483292275bccaec02686b388de14e5eff4763a"
".intake\migration\venv-before-relocation\Lib\site-packages\scipy\signal\tests\test_cont2discrete.py","15980","33f78361e4953fdffbff0ecf2527bb377b8b6a75556ab98e320f750c0c49bb7c"
".intake\migration\venv-before-relocation\Lib\site-packages\scipy\signal\tests\test_czt.py","7377","ba284d2af1f1656244fff277e9332d13ef59a3ec369cc33e641f4db3b3fceb9f"
".intake\migration\venv-before-relocation\Lib\site-packages\scipy\signal\tests\test_dltisys.py","22168","d84ca89dc5ed7934d0a97fd5b2a29df0554a5515dcfc571dd61e4878488e0656"
".intake\migration\venv-before-relocation\Lib\site-packages\scipy\signal\tests\test_filter_design.py","236803","85ebec235dcc024c82e18236e859083dad1efa14c0a8ec74f289e377c121d949"
".intake\migration\venv-before-relocation\Lib\site-packages\scipy\signal\tests\test_fir_filter_design.py","38759","0ec154df27546da61141290a36779ef7101d74e80d916242c9c5daaa1937f9aa"
".intake\migration\venv-before-relocation\Lib\site-packages\scipy\signal\tests\test_ltisys.py","49002","74d9c8c4ca8589438bb2f8e05722e487bea1a2c07a167f54126b5c65fd7da148"
".intake\migration\venv-before-relocation\Lib\site-packages\scipy\signal\tests\test_max_len_seq.py","3389","d27bbd64fec1cf269440a14869c180b726034d960d5755f79854534c9997acbb"
".intake\migration\venv-before-relocation\Lib\site-packages\scipy\signal\tests\test_peak_finding.py","39299","eb57dcc59dc2196b5e80ddb07702e091f3eaedbc616a1e86e784d0be329ebfd0"
".intake\migration\venv-before-relocation\Lib\site-packages\scipy\signal\tests\test_result_type.py","1624","c8f20a8e03ac1bc6a5dd391c780eeea1ef4ddb87054ccd3be6c57c59563f6fd4"
".intake\migration\venv-before-relocation\Lib\site-packages\scipy\signal\tests\test_savitzky_golay.py","14726","8cbb2db134dadd315ccb7fb7e05f660da628adda8c15527966aaf31a5a2978cb"
".intake\migration\venv-before-relocation\Lib\site-packages\scipy\signal\tests\test_short_time_fft.py","49410","f551b9cb748554a07818358ffa0f7cabd392ca55a98b17b02e0fa66512f8e539"
".intake\migration\venv-before-relocation\Lib\site-packages\scipy\signal\tests\test_signaltools.py","202053","29a6fbe450d4e3dafba98341ea43374906464b91b9d57a837d00a48b4973a461"
".intake\migration\venv-before-relocation\Lib\site-packages\scipy\signal\tests\test_spectral.py","85572","f535a735ddad6b28516eb08538888407a1546c481d942b3f2b884ab97e3d7a9a"
".intake\migration\venv-before-relocation\Lib\site-packages\scipy\signal\tests\test_splines.py","17437","619dda94203c36aa710cfeca05215171e95b5bd03aa26e50d208049b18deb74f"
".intake\migration\venv-before-relocation\Lib\site-packages\scipy\signal\tests\test_upfirdn.py","13362","de5f140b5dcd0b99c2bfe621ccb753d963043c671202d7c156677b93ef0d46d7"
".intake\migration\venv-before-relocation\Lib\site-packages\scipy\signal\tests\test_waveforms.py","17467","6065762212141ce5205db8287aff1711980b962e0d345117d16313d6509abcb7"
".intake\migration\venv-before-relocation\Lib\site-packages\scipy\signal\tests\test_wavelets.py","2204","258c88098ece314064990d8633345ea9e5eaa9f33deb4abdaec0dab7f476a60c"
".intake\migration\venv-before-relocation\Lib\site-packages\scipy\signal\tests\test_whittaker.py","16138","f27f1ff695c7779dd41a2122e28a3fa028efbc392fe518d701612db3d8612aaf"
".intake\migration\venv-before-relocation\Lib\site-packages\scipy\signal\tests\test_windows.py","59906","1c6c901f49d307baab53427660c10ec997c25f382cdb7999b428b9aac37efe73"
".intake\migration\venv-before-relocation\Lib\site-packages\scipy\signal\waveforms.py","619","188cc9eb4cb9b1dd4f7985821074497b2a9bfc428b2caa235e396e30cee3baf2"
".intake\migration\venv-before-relocation\Lib\site-packages\scipy\signal\wavelets.py","527","4711da5b5c811869eb03ab0c1dcf6bc8c4e77fc43420cbc3b8f020a9ac417bb8"
".intake\migration\venv-before-relocation\Lib\site-packages\scipy\signal\windows\__init__.py","2178","e315c2ac196ddc0210dd65ceb196b0a952144df9d7c344f17acf3a8b05ed24eb"
".intake\migration\venv-before-relocation\Lib\site-packages\scipy\signal\windows\_windows.py","97653","d13b43af959d3a79b48edbb4b124e5ce185101a2a0f0f70cd0bdaa728a428134"
".intake\migration\venv-before-relocation\Lib\site-packages\scipy\signal\windows\windows.py","862","ef27cfeacc1d19975323b377eff1a0f0f590cf4f87c98a8c91f5aa007c225538"
".intake\migration\venv-before-relocation\Lib\site-packages\scipy\sparse\__init__.py","8466","86b73ca13b743554ae1b835760893f6f31a675509ee3f0c26f0430aa115da4cf"
".intake\migration\venv-before-relocation\Lib\site-packages\scipy\sparse\_base.py","65516","f6e4a282f2088664d8021dd46c6785f54ab33d68af95749ea8754eafe9b6292a"
".intake\migration\venv-before-relocation\Lib\site-packages\scipy\sparse\_bsr.py","33312","ab1ea216f1aac34698b9bb6243f28baec546a861ec466ae086d54a564b1d5917"
".intake\migration\venv-before-relocation\Lib\site-packages\scipy\sparse\_compressed.py","54001","9b960cf9e25068bc31fd5f4f07edb2b883a84714992172e9d50e36a62814ab0e"
".intake\migration\venv-before-relocation\Lib\site-packages\scipy\sparse\_construct.py","67182","40bed38f27ea420827c732718785a975524ea8688bcb3c2f566275304ce2deb7"
".intake\migration\venv-before-relocation\Lib\site-packages\scipy\sparse\_coo.py","79442","bc0027293b0b94af08d9270182d1accc53dca9c48177b2cedbfe6dc344069e95"
".intake\migration\venv-before-relocation\Lib\site-packages\scipy\sparse\_csc.py","13374","e2a5f253810073e12222445529a011b3a6417a901e301c1358f1697f6af4de7c"
".intake\migration\venv-before-relocation\Lib\site-packages\scipy\sparse\_csr.py","21014","e0845b485389bb9c482f6a8d9952d0785a07b222d64dcc5a69817c91922f0c9f"
".intake\migration\venv-before-relocation\Lib\site-packages\scipy\sparse\_data.py","21923","4ccc5815d663200ac13e0a18c4e011ee108330a88e1f5a25c0b7556abc5f8ea4"
".intake\migration\venv-before-relocation\Lib\site-packages\scipy\sparse\_dia.py","27973","86746a6a7d85ffe0443b9179cdd64de72bb1942765a327ddfe65d164e3dba073"
".intake\migration\venv-before-relocation\Lib\site-packages\scipy\sparse\_dok.py","28654","1704b086943c639af3e243d47ae33c8a43e8903aef1f5f83cb851fb7bb8aa2cc"
".intake\migration\venv-before-relocation\Lib\site-packages\scipy\sparse\_extract.py","8461","647666756ff6557ea8d8821dbaa17a80455165cc1fa82bd8255e591ed61d4529"
".intake\migration\venv-before-relocation\Lib\site-packages\scipy\sparse\_index.py","18713","5064fe6c39e9fccdfc8d1513579a032ce60efcf6e47877dd19bae8b582e970b3"
".intake\migration\venv-before-relocation\Lib\site-packages\scipy\sparse\_lil.py","23458","3a9c65075698faf40e77cf05fd35ffc39979b05ce6ada1abfb883bb12899be2b"
".intake\migration\venv-before-relocation\Lib\site-packages\scipy\sparse\_matrix_io.py","6402","2a0ddc909325ab8ea2a6fac356be78dfbc7660df0c77865b95323be877344566"
".intake\migration\venv-before-relocation\Lib\site-packages\scipy\sparse\_matrix.py","5743","93628ff95c319017c1b24cca5f03aebfc2eae346e503b7f5af8e09d7e0bffd7a"
".intake\migration\venv-before-relocation\Lib\site-packages\scipy\sparse\_spfuncs.py","2063","bf00448fac4d1a1d55d7b74e3495fbeb00808fd8857e6b5e1aa878f0367fbe78"
".intake\migration\venv-before-relocation\Lib\site-packages\scipy\sparse\_sputils.py","21078","ead9bb722d5e83c4c8181f4ed2234cd0f902074f7e5869feb35ea7aafdeaac40"
".intake\migration\venv-before-relocation\Lib\site-packages\scipy\sparse\base.py","633","8fd6c4b2f3ffb701bf2cca5a54d3141ceefd5299d34579c491b9a89f61786394"
".intake\migration\venv-before-relocation\Lib\site-packages\scipy\sparse\bsr.py","583","8dbbf43c2844c05713376e60f063dd8ee165c4b7dfa28478146891d5781afaf2"
".intake\migration\venv-before-relocation\Lib\site-packages\scipy\sparse\compressed.py","570","8da7f6ecaafbd9843c9020ea6b880b740f155298cce4e5214812d1216dd5b0b6"
".intake\migration\venv-before-relocation\Lib\site-packages\scipy\sparse\construct.py","850","3e918c819471834907c0ce9e8cf05226440b7e0ac951d22cd2435c3cc93816a0"
".intake\migration\venv-before-relocation\Lib\site-packages\scipy\sparse\coo.py","615","7857e3f59e4f27946609007cb75d7fff65b464473679da03b34b001b52d2eddb"
".intake\migration\venv-before-relocation\Lib\site-packages\scipy\sparse\csc.py","583","38e2124ac68db0aa7858577322e3a0fabe28d84258028b6c8bc6005dc8aa0a2a"
".intake\migration\venv-before-relocation\Lib\site-packages\scipy\sparse\csgraph\__init__.py","8052","12bb57daca660adbc9762558b47d7da22de6c3c4d22b8947b271384657823835"
".intake\migration\venv-before-relocation\Lib\site-packages\scipy\sparse\csgraph\_laplacian.py","18840","efc7715a5799c3b48d60e0ed2e9d10d01d9d3f65443abb197834a258cd937f11"
".intake\migration\venv-before-relocation\Lib\site-packages\scipy\sparse\csgraph\_validation.py","2925","84d3e61ffbf7d2994cf5fee36e430d8fc34869a0dee92dbd2b791205ee3e8f48"
".intake\migration\venv-before-relocation\Lib\site-packages\scipy\sparse\csgraph\tests\__init__.py","0","e3b0c44298fc1c149afbf4c8996fb92427ae41e4649b934ca495991b7852b855"
".intake\migration\venv-before-relocation\Lib\site-packages\scipy\sparse\csgraph\tests\test_connected_components.py","5554","2574bf9146f48e970c6ce4303c21327b74f14b47608e00587d40398ccd709b26"
".intake\migration\venv-before-relocation\Lib\site-packages\scipy\sparse\csgraph\tests\test_conversions.py","2415","a2b4f0f3ba794bf214a3678f2494b151831ac2e69fd8c8d5f995c25d1e72e09b"
".intake\migration\venv-before-relocation\Lib\site-packages\scipy\sparse\csgraph\tests\test_flow.py","7927","bc45dcb45a201694ab4a6fcd321e17a9a99daebcdd859c57bd6fd9c3c6762d22"
".intake\migration\venv-before-relocation\Lib\site-packages\scipy\sparse\csgraph\tests\test_graph_laplacian.py","11314","fe5ab1613fb541f6392bdf786bb6ecbe041d2de85f59c9b04a719fb946cef6c2"
".intake\migration\venv-before-relocation\Lib\site-packages\scipy\sparse\csgraph\tests\test_index_arrays_dtype.py","3191","1c2ad60ffbf6fc60adc858860d4f3e921dd9dfd72ec038fdd4e11f5c3dccfd82"
".intake\migration\venv-before-relocation\Lib\site-packages\scipy\sparse\csgraph\tests\test_matching.py","12679","0750e1a82840f395255fe91a376152a36e3cd4e523c000ab22c90f25db3d6d64"
".intake\migration\venv-before-relocation\Lib\site-packages\scipy\sparse\csgraph\tests\test_pydata_sparse.py","5187","57dc4128d338a678eef0ebc8779080fc93c29bfa5c23dd584d5f74f340c58b82"
".intake\migration\venv-before-relocation\Lib\site-packages\scipy\sparse\csgraph\tests\test_reordering.py","2639","efc666a1eaa4341e1aeb3c85577ec8028f9ff91e3c80f7bc1bd83c985faca65b"
".intake\migration\venv-before-relocation\Lib\site-packages\scipy\sparse\csgraph\tests\test_shortest_path.py","19290","b598bb9dfaa64ff259d3808349409906550c6136afcfc750acd3b64f96a5f55c"
".intake\migration\venv-before-relocation\Lib\site-packages\scipy\sparse\csgraph\tests\test_spanning_tree.py","2230","bce3d56690fb53c5a18629edd8b993faf7a30be45db916950b3a97d97fabd665"
".intake\migration\venv-before-relocation\Lib\site-packages\scipy\sparse\csgraph\tests\test_traversal.py","6362","ff5fb1a258d7eda7becbc86dffe3a5fa4b1590a2576454841544228d845965a4"
".intake\migration\venv-before-relocation\Lib\site-packages\scipy\sparse\csr.py","583","296dd81efcda55c090b160c85ce2b53c33d67129d6beec7233eee5094e81d337"
".intake\migration\venv-before-relocation\Lib\site-packages\scipy\sparse\data.py","522","385db655aa126895ea82ded81f3a61769f313c47ddec75d5aa108cd8f4fbe0a1"
".intake\migration\venv-before-relocation\Lib\site-packages\scipy\sparse\dia.py","583","138f76524eb05b07594b9219d8620cfacf60b696011b37033f1b2001fd649129"
".intake\migration\venv-before-relocation\Lib\site-packages\scipy\sparse\dok.py","583","e8a60101836cbbd778989d5bf127622c707ac7a155607197d866b17f6ddc0807"
".intake\migration\venv-before-relocation\Lib\site-packages\scipy\sparse\extract.py","590","b5cc1791fddfbf12a0e0fa2d5ccaefae378ccc282abd44016c3073aca74b109a"
".intake\migration\venv-before-relocation\Lib\site-packages\scipy\sparse\lil.py","584","9ae7401473774e4d9e412d5c5934110100171ae3e78a43ad616356611bf042ab"
".intake\migration\venv-before-relocation\Lib\site-packages\scipy\sparse\linalg\__init__.py","4378","1c0450dce2ff5c8805a14203e6e20d7ab6aeb60a80f290d45356ab254aab29b8"
".intake\migration\venv-before-relocation\Lib\site-packages\scipy\sparse\linalg\_dsolve\__init__.py","2110","05bdb3fa011132e8b95d945b4fab4e8d425b4cb935bff97684b15647bcb22583"
".intake\migration\venv-before-relocation\Lib\site-packages\scipy\sparse\linalg\_dsolve\_add_newdocs.py","3890","dabcc0b0ddba161a55e20c52c8278dd585dbde67959bf731e5bc78f17361d69e"
".intake\migration\venv-before-relocation\Lib\site-packages\scipy\sparse\linalg\_dsolve\linsolve.py","34569","1a9d680532ef45a9ee18d9467603d647dadeb8d4f55d21b8a63026bab193d4af"
".intake\migration\venv-before-relocation\Lib\site-packages\scipy\sparse\linalg\_dsolve\tests\__init__.py","0","e3b0c44298fc1c149afbf4c8996fb92427ae41e4649b934ca495991b7852b855"
".intake\migration\venv-before-relocation\Lib\site-packages\scipy\sparse\linalg\_dsolve\tests\test_linsolve.py","35379","ae7e204e8b96b899eca2e6269c57c13c6e0b9c7f61f86a7f49a533244599b6d5"
".intake\migration\venv-before-relocation\Lib\site-packages\scipy\sparse\linalg\_eigen\__init__.py","482","d35dc5deeea931ed09d302a3305abf6b58d2b8efa9c12fe1fd7ce6248df17cc3"
".intake\migration\venv-before-relocation\Lib\site-packages\scipy\sparse\linalg\_eigen\_svds_doc.py","15385","41755492e74c080dc1afb4e0835a0ba9dcf84866f1b9d66e886b7bf5d996c3d5"
".intake\migration\venv-before-relocation\Lib\site-packages\scipy\sparse\linalg\_eigen\_svds.py","20325","c99d11f8cc0c45260e5fc780c37ae7a3840eaa705e6b178691a3a1d94c2a3092"
".intake\migration\venv-before-relocation\Lib\site-packages\scipy\sparse\linalg\_eigen\arpack\__init__.py","582","114d2f5ee4e567331c5f10884d44d5c5467f374120703174e90dab333cb4437a"
".intake\migration\venv-before-relocation\Lib\site-packages\scipy\sparse\linalg\_eigen\arpack\arpack.py","72031","a543eaf37e47be53870a7aadec0a48198913ba6fda1086c07a3d5dd7301d8777"
".intake\migration\venv-before-relocation\Lib\site-packages\scipy\sparse\linalg\_eigen\arpack\tests\__init__.py","0","e3b0c44298fc1c149afbf4c8996fb92427ae41e4649b934ca495991b7852b855"
".intake\migration\venv-before-relocation\Lib\site-packages\scipy\sparse\linalg\_eigen\arpack\tests\test_arpack.py","25809","04cec60b5d75b034eed28514a001c157e6374282bfc31fa7b9562b88143cc98e"
".intake\migration\venv-before-relocation\Lib\site-packages\scipy\sparse\linalg\_eigen\lobpcg\__init__.py","436","f1ac3ae78da03c736b88544110d4d9e6b6f533772a24a4e81befa969aaa96b13"
".intake\migration\venv-before-relocation\Lib\site-packages\scipy\sparse\linalg\_eigen\lobpcg\lobpcg.py","43091","f57a90b4582b92c777761228dd1ad491539651db78194e5a12d065fbd4c35ea3"
".intake\migration\venv-before-relocation\Lib\site-packages\scipy\sparse\linalg\_eigen\lobpcg\tests\__init__.py","0","e3b0c44298fc1c149afbf4c8996fb92427ae41e4649b934ca495991b7852b855"
".intake\migration\venv-before-relocation\Lib\site-packages\scipy\sparse\linalg\_eigen\lobpcg\tests\test_lobpcg.py","28197","86a02085ba311999e1f010112604e0cf2d1269feb9628e1d7b44a76feeb37031"
".intake\migration\venv-before-relocation\Lib\site-packages\scipy\sparse\linalg\_eigen\tests\__init__.py","0","e3b0c44298fc1c149afbf4c8996fb92427ae41e4649b934ca495991b7852b855"
".intake\migration\venv-before-relocation\Lib\site-packages\scipy\sparse\linalg\_eigen\tests\test_svds.py","38046","1aa62dfb7f5a82daef0d6837e81c4f28fe787b9943da96eac33e1a5dcdff7bb2"
".intake\migration\venv-before-relocation\Lib\site-packages\scipy\sparse\linalg\_expm_multiply.py","27300","265294cd3ecc5e197752b502c97d5c894a571efd30362d010228e9df38b70b82"
".intake\migration\venv-before-relocation\Lib\site-packages\scipy\sparse\linalg\_funm_multiply_krylov.py","12522","2c3f00994ba7c37eaf9e90cd601e5d119893327fe5ea9933e5cf1add519caa66"
".intake\migration\venv-before-relocation\Lib\site-packages\scipy\sparse\linalg\_interface.py","42611","21c9a35a714f63113d6fcebe24632b543462feb650f6003fda28ef5fb2ad07f1"
".intake\migration\venv-before-relocation\Lib\site-packages\scipy\sparse\linalg\_isolve\__init__.py","499","ac572831833bd136ed8e5737c615a182374d1d43b07384d2575b0e159c0be86c"
".intake\migration\venv-before-relocation\Lib\site-packages\scipy\sparse\linalg\_isolve\_gcrotmk.py","16374","2d9f0c77e4d0a0a43c261f13dced3132c576e8d2fdf88e0fc8f0d3a724e7c9c3"
".intake\migration\venv-before-relocation\Lib\site-packages\scipy\sparse\linalg\_isolve\iterative.py","34677","b467009e4c8853579bd8966002a017b761d4a1979df6eb0b8a62114b3ddab848"
".intake\migration\venv-before-relocation\Lib\site-packages\scipy\sparse\linalg\_isolve\lgmres.py","8936","aaa76a71764529d1627855b2b2d9c7c7af1c3b0ac0886f7f184ed15c59e9c27a"
".intake\migration\venv-before-relocation\Lib\site-packages\scipy\sparse\linalg\_isolve\lsmr.py","16335","73d4b3c402e20dd08e8e7690184253c4b755dc75c2b98f76361dee798596bb9a"
".intake\migration\venv-before-relocation\Lib\site-packages\scipy\sparse\linalg\_isolve\lsqr.py","22016","bdafb08dae382d3c78978eb5f5f4741dab5c88e62886f4db979cee98a77dac01"
".intake\migration\venv-before-relocation\Lib\site-packages\scipy\sparse\linalg\_isolve\minres.py","11562","c70c91f54e40a469750448b9b44ffa95ad85442e107443c4423ff6b765252b05"
".intake\migration\venv-before-relocation\Lib\site-packages\scipy\sparse\linalg\_isolve\tests\__init__.py","0","e3b0c44298fc1c149afbf4c8996fb92427ae41e4649b934ca495991b7852b855"
".intake\migration\venv-before-relocation\Lib\site-packages\scipy\sparse\linalg\_isolve\tests\test_gcrotmk.py","6258","4131687442f5fa5275ab56deac44afca8ae84564e97b899f69f7d5a95b5a5bee"
".intake\migration\venv-before-relocation\Lib\site-packages\scipy\sparse\linalg\_isolve\tests\test_iterative.py","33127","319b2032c2cc38b6b469c58c29e3b4081d15cc1c84da6d4c89c512a328136f10"
".intake\migration\venv-before-relocation\Lib\site-packages\scipy\sparse\linalg\_isolve\tests\test_lgmres.py","7740","f22ca1c6563ae720720bc95b44e8c949fc738cd0d1eb27464217813e28aa34c6"
".intake\migration\venv-before-relocation\Lib\site-packages\scipy\sparse\linalg\_isolve\tests\test_lsmr.py","7284","3ea7f021ca03f9c5c8c4cc2494f10060a50ef5deb6db39d874d6568732df1ac5"
".intake\migration\venv-before-relocation\Lib\site-packages\scipy\sparse\linalg\_isolve\tests\test_lsqr.py","4152","ca3e1ad834d141d9d41313a4ecb8b6f6166ce32257c1d6c436242e7cfbb63d18"
".intake\migration\venv-before-relocation\Lib\site-packages\scipy\sparse\linalg\_isolve\tests\test_minres.py","4559","bf4fe500f9fb9914e35f25c37388ff6c0301f52e731ce65d95c55ccd918988eb"
".intake\migration\venv-before-relocation\Lib\site-packages\scipy\sparse\linalg\_isolve\tests\test_utils.py","274","5bf111a4f57865fc5386f8011f1bb28624c19a67d26d02851596922b6e661818"
".intake\migration\venv-before-relocation\Lib\site-packages\scipy\sparse\linalg\_isolve\tfqmr.py","6413","3bb42fe05946cf6c7dfb97f197dc8fca6286d65e565989155081211d9308d88b"
".intake\migration\venv-before-relocation\Lib\site-packages\scipy\sparse\linalg\_isolve\utils.py","3613","7d39bdcb1dbd552a117a48821fa328af60565187ee854803010b33caabe38bd7"
".intake\migration\venv-before-relocation\Lib\site-packages\scipy\sparse\linalg\_matfuncs.py","30272","76af98e92e31b18d47e762990580f0cc11301cf5904ea5d3b60b67344bc135d2"
".intake\migration\venv-before-relocation\Lib\site-packages\scipy\sparse\linalg\_norm.py","6508","eaa3add5349403ad1c620d4004d3f434a804481ffd1eb557591bc9e9f070a731"
".intake\migration\venv-before-relocation\Lib\site-packages\scipy\sparse\linalg\_onenormest.py","12309","fcc27c1fc5e19e06f58c121067499f0eb3dea1269b1c35afd455bad195903d8e"
".intake\migration\venv-before-relocation\Lib\site-packages\scipy\sparse\linalg\_special_sparse_arrays.py","35302","772c2fecc0197975d6b40e8c8babef30bc40a90066de60fa8b06f84f2953b90b"
".intake\migration\venv-before-relocation\Lib\site-packages\scipy\sparse\linalg\_svdp.py","11224","77413c957e5cba804bb390fe93fde34686912518f4b2b457e1d2e5fe66ee4d80"
".intake\migration\venv-before-relocation\Lib\site-packages\scipy\sparse\linalg\dsolve.py","676","16a081a2348c58a7d728bf14d8ab7eba14d08f2d9b1512b88dd9bed2ebe670b4"
".intake\migration\venv-before-relocation\Lib\site-packages\scipy\sparse\linalg\eigen.py","647","45d0fceefa26c1a9997d688a55cc575fb960234a27efd3362bf8f353dc26afb9"
".intake\migration\venv-before-relocation\Lib\site-packages\scipy\sparse\linalg\interface.py","593","a54437f7a1a8f34a03e4d867c35391034ba0de294e109d34b5aafa733438255c"
".intake\migration\venv-before-relocation\Lib\site-packages\scipy\sparse\linalg\isolve.py","671","adaf602213b9a9f14f30ab16f0e81049fe107a9772919a5350c6975cb6a410e6"
".intake\migration\venv-before-relocation\Lib\site-packages\scipy\sparse\linalg\matfuncs.py","588","e35e22708ae241b036330ae8d9323530c912b55e85d5f462f4786cf66ae9b019"
".intake\migration\venv-before-relocation\Lib\site-packages\scipy\sparse\linalg\tests\__init__.py","0","e3b0c44298fc1c149afbf4c8996fb92427ae41e4649b934ca495991b7852b855"
".intake\migration\venv-before-relocation\Lib\site-packages\scipy\sparse\linalg\tests\test_expm_multiply.py","15391","8efb3380cd4a94b30f6acf543c6c3ba40199af79bbefafbb49484cf51edb068d"
".intake\migration\venv-before-relocation\Lib\site-packages\scipy\sparse\linalg\tests\test_funm_multiply_krylov.py","7486","7158131e60cf37e166eb64a78688e70dee57e71e5ae3810af9d14c5ddf791bb9"
".intake\migration\venv-before-relocation\Lib\site-packages\scipy\sparse\linalg\tests\test_interface.py","52197","ab5edea5df0695324b3934b101708b34cee7e86d499552e6bddfbce380c93414"
".intake\migration\venv-before-relocation\Lib\site-packages\scipy\sparse\linalg\tests\test_matfuncs.py","22616","68a92dbd4af581d3d64b94455bba7aa74748db0a35802e2674dcc340b41dfc88"
".intake\migration\venv-before-relocation\Lib\site-packages\scipy\sparse\linalg\tests\test_norm.py","6722","c3d543d9a19b0456849c1173ada7d7d9d1a4ffb24c790190403606a227d54893"
".intake\migration\venv-before-relocation\Lib\site-packages\scipy\sparse\linalg\tests\test_onenormest.py","8866","eb256662bdf7d1471a49a74cb07d6e595efad31d67acf45af2d2f3ba4662a9b4"
".intake\migration\venv-before-relocation\Lib\site-packages\scipy\sparse\linalg\tests\test_propack.py","7656","ffb3355cdedcab0213f548abd3fa87381e322b053e840e2ea019e6bccf2ef2d8"
".intake\migration\venv-before-relocation\Lib\site-packages\scipy\sparse\linalg\tests\test_pydata_sparse.py","7574","10819714a087feb5f1b3dcdd7e863a1c9f608dc8ad17194ee4719b48b6801302"
".intake\migration\venv-before-relocation\Lib\site-packages\scipy\sparse\linalg\tests\test_special_sparse_arrays.py","13467","0151255da0dd094d2220dd0c75ac96336ad9757362a8ed61b1f32ce8176bea09"
".intake\migration\venv-before-relocation\Lib\site-packages\scipy\sparse\sparsetools.py","533","b0a57a76235a1f8af8075055f85fb502fb86007c36229cab6922650685d9f586"
".intake\migration\venv-before-relocation\Lib\site-packages\scipy\sparse\spfuncs.py","525","14ad5c79c7e18c72e4dbf8120284d2b2f79de4781c3b050faed3529c6edfdbfa"
".intake\migration\venv-before-relocation\Lib\site-packages\scipy\sparse\sputils.py","525","724b947a3e23474f4caefca725367d73afd008a4c79feed951e05c05fe8c533b"
".intake\migration\venv-before-relocation\Lib\site-packages\scipy\sparse\tests\__init__.py","0","e3b0c44298fc1c149afbf4c8996fb92427ae41e4649b934ca495991b7852b855"
".intake\migration\venv-before-relocation\Lib\site-packages\scipy\sparse\tests\test_64bit.py","13462","bc979127068ba0b49e6d720afaacf79148fa657a42319b68f66c111243ce8677"
".intake\migration\venv-before-relocation\Lib\site-packages\scipy\sparse\tests\test_arithmetic1d.py","12325","a32aeacf996d2a795dedaba9cabe4ab5b6496c8173def42370c0b3c8267f5616"
".intake\migration\venv-before-relocation\Lib\site-packages\scipy\sparse\tests\test_array_api.py","15387","2ced5fbcc2cb48451168fc6a729c5fbdadfaa6561bd13b77c2e3b644b9dd0dd3"
".intake\migration\venv-before-relocation\Lib\site-packages\scipy\sparse\tests\test_base.py","233375","c5f99678c0b73e76ff1df15c3bdf7512d4fa182ca5fb90ed35e2435d4e5d8192"
".intake\migration\venv-before-relocation\Lib\site-packages\scipy\sparse\tests\test_common1d.py","16097","448755c2dadf65d8f577173d2a3f3c519973e3acfa9112d46a9b5942c6adcdd6"
".intake\migration\venv-before-relocation\Lib\site-packages\scipy\sparse\tests\test_construct.py","52092","44343693d4d9a9380c30b52883854a7dd650e3818302b7db629f3a96980175aa"
".intake\migration\venv-before-relocation\Lib\site-packages\scipy\sparse\tests\test_coo.py","50459","84c7ea6213d93284d8b95c5955a6756a7e7dec4377fffb9f834505bf60861ca3"
".intake\migration\venv-before-relocation\Lib\site-packages\scipy\sparse\tests\test_csc.py","4444","f79a1eab8118b6e2782eeb14d329e1196f79c604ccde9390ea33a5503d224769"
".intake\migration\venv-before-relocation\Lib\site-packages\scipy\sparse\tests\test_csr.py","10501","399ae6022c720ce4354ac534fddc153fe440a1ce11b4b756daae7db36dad0450"
".intake\migration\venv-before-relocation\Lib\site-packages\scipy\sparse\tests\test_dok.py","6908","e14909f74b1d6f0406c450df78a9c505e7114358ac8ca013f29b7d5dc7d31b27"
".intake\migration\venv-before-relocation\Lib\site-packages\scipy\sparse\tests\test_extract.py","2061","67e9a4c9c6b2f8cc5640802ec6e9e4745ae9a6efe7d001d396e7385a86edf396"
".intake\migration\venv-before-relocation\Lib\site-packages\scipy\sparse\tests\test_indexing1d.py","21678","325f7d84e1f85df7769c99dc1370fc278e1bf30ac13e4615a73290591cca6506"
".intake\migration\venv-before-relocation\Lib\site-packages\scipy\sparse\tests\test_matrix_io.py","3565","7b462aff726ea4e78cdc68f4817a8990bf71f54845cbc62c69f21c885d76afa6"
".intake\migration\venv-before-relocation\Lib\site-packages\scipy\sparse\tests\test_minmax1d.py","4397","09e69c83d0b91ffa8c5c4b222ebc69c3351e0d4ca18af11808a94d18037093b6"
".intake\migration\venv-before-relocation\Lib\site-packages\scipy\sparse\tests\test_sparsetools.py","10953","bf6ce81234a1de5d6ec9471da7450f1afa8b37a181c764307f42a99fde63e0f9"
".intake\migration\venv-before-relocation\Lib\site-packages\scipy\sparse\tests\test_spfuncs.py","3355","8d43e126319ab746237047995ab0fa233d86dde974b9b032b6ce1ecef6eb08cf"
".intake\migration\venv-before-relocation\Lib\site-packages\scipy\sparse\tests\test_sputils.py","17461","717cf377ebe3fddaea7847620533d28280ff4b7ba37fe0e5187057b84f1bf2db"
".intake\migration\venv-before-relocation\Lib\site-packages\scipy\spatial\__init__.py","3910","9055db278ade26c71aadb6aa2250d1357691806f9e5d58502befa782aea9dcb1"
".intake\migration\venv-before-relocation\Lib\site-packages\scipy\spatial\_geometric_slerp.py","8875","73003b4e208f5dbe072b6d26f8097b726fecb15446bd438018823360bb213e14"
".intake\migration\venv-before-relocation\Lib\site-packages\scipy\spatial\_kdtree.py","38903","ea803bb9d0cb3dbe8639708038fdd9e45a28545cf5474795596a7a2809ac61ae"
".intake\migration\venv-before-relocation\Lib\site-packages\scipy\spatial\_plotutils.py","7454","c71833a9a8b7264da9ea5c953a749b39a087a80ed685dd2ef58835a62d100a00"
".intake\migration\venv-before-relocation\Lib\site-packages\scipy\spatial\_procrustes.py","4559","ec2f6fde8fc09f2d4bed2342a44ef588b25a57c9d75197e9bf2102eccbb88bbf"
".intake\migration\venv-before-relocation\Lib\site-packages\scipy\spatial\_spherical_voronoi.py","13851","76007bd1bf1e4a95724cd21ca6923b78cc9fb33c6137cb0d2086bdba0a9ffcb2"
".intake\migration\venv-before-relocation\Lib\site-packages\scipy\spatial\ckdtree.py","541","3a9b32cfa5a962257edbb5b918975f3964139104e85a776b784c781a7c13daa3"
".intake\migration\venv-before-relocation\Lib\site-packages\scipy\spatial\distance.py","94977","795042ebc259d0bc1cd7578c0f770d45925df872c6e230ef647ed58c13be70c2"
".intake\migration\venv-before-relocation\Lib\site-packages\scipy\spatial\kdtree.py","661","cdce0a83e6bb12f37685726ae87b8274f97a71c11b8391b20d5ebb5eae67b220"
".intake\migration\venv-before-relocation\Lib\site-packages\scipy\spatial\qhull_src\COPYING_QHULL.txt","1759","2a6ebb495e26dd5f88cbc40c593733da6edb27b64936f70409cd5a1acafb1c32"
".intake\migration\venv-before-relocation\Lib\site-packages\scipy\spatial\qhull.py","647","d749f5783705f6aad4986a6aac46fcb0b8f0fdc5df492813fd6534fb3e2e714e"
".intake\migration\venv-before-relocation\Lib\site-packages\scipy\spatial\tests\__init__.py","0","e3b0c44298fc1c149afbf4c8996fb92427ae41e4649b934ca495991b7852b855"
".intake\migration\venv-before-relocation\Lib\site-packages\scipy\spatial\tests\data\cdist-X1.txt","5760","2d3c5f243e47cf18b49a63338730a0a7475425f96b83a3b976e8fc2d5c5af650"
".intake\migration\venv-before-relocation\Lib\site-packages\scipy\spatial\tests\data\cdist-X2.txt","11520","4dbdaaf2229b3ef525c4efe7d6905f6245afbb5cff2ee05cc055c221166004e8"
".intake\migration\venv-before-relocation\Lib\site-packages\scipy\spatial\tests\data\iris.txt","15150","b1689ce7802e0c4dc8c8b93a5cec3405cc824b3af90645eba4325cec1d343934"
".intake\migration\venv-before-relocation\Lib\site-packages\scipy\spatial\tests\data\pdist-boolean-inp.txt","50020","0fa90c0bc38ae47d99e86d3b979f7656d1043677a1c32f30b8cd6b8d5abbc175"
".intake\migration\venv-before-relocation\Lib\site-packages\scipy\spatial\tests\data\pdist-chebyshev-ml-iris.txt","178802","62cc35f7aff143f029c0a89a07b39767e815be1be1147f30519030ec47da713b"
".intake\migration\venv-before-relocation\Lib\site-packages\scipy\spatial\tests\data\pdist-chebyshev-ml.txt","3042","8ed3e667083901fa48a26fb0323b72f3fead23af5e3d49c9ede61d17216af46e"
".intake\migration\venv-before-relocation\Lib\site-packages\scipy\spatial\tests\data\pdist-cityblock-ml-iris.txt","178802","59fddd56685a9fc104622280b2b80de5634c980987f6ff4d8c9a4ee3145d98f1"
".intake\migration\venv-before-relocation\Lib\site-packages\scipy\spatial\tests\data\pdist-cityblock-ml.txt","3042","68c192576f1c8ca215d8245f751db366c8ac967ea8c62d6d6106f167db6e30ca"
".intake\migration\venv-before-relocation\Lib\site-packages\scipy\spatial\tests\data\pdist-correlation-ml-iris.txt","178802","3dd541ff7d0ee421cbf66b3c2910759058acc29f5279df02579e34590bcd6897"
".intake\migration\venv-before-relocation\Lib\site-packages\scipy\spatial\tests\data\pdist-correlation-ml.txt","3042","543817ab1def527dbaaf511915c4a4fabab5fb079fd965457280562c6f33beba"
".intake\migration\venv-before-relocation\Lib\site-packages\scipy\spatial\tests\data\pdist-cosine-ml-iris.txt","178802","ab99ebbc3cb2a9d96dae3051c93e5e1554085becb62206f625d0bcb4101797b1"
".intake\migration\venv-before-relocation\Lib\site-packages\scipy\spatial\tests\data\pdist-cosine-ml.txt","3042","9cb2b9c83b5c994facbe861e2cfb99668a25669c66a4e69e2ecc0b2d1e50a063"
".intake\migration\venv-before-relocation\Lib\site-packages\scipy\spatial\tests\data\pdist-double-inp.txt","50020","d94ccc22fcffafb653d93c2dfa31fea6cb7402fb9ee2e78665ece4ed3dbfeaad"
".intake\migration\venv-before-relocation\Lib\site-packages\scipy\spatial\tests\data\pdist-euclidean-ml-iris.txt","178802","556326ccbda33ffbe10f34c1858b591fbf9504a245a5a7d144eade7c37a89162"
".intake\migration\venv-before-relocation\Lib\site-packages\scipy\spatial\tests\data\pdist-euclidean-ml.txt","3042","2a7f2f1ead7b21b5ad8f51bd5f308563512e5c54cf9c3ee05fd1705b62929b8e"
".intake\migration\venv-before-relocation\Lib\site-packages\scipy\spatial\tests\data\pdist-hamming-ml.txt","3042","3aa8c7c2ba860709b0b1f4de3767c8d44162592a4e03a665658c0dd76d58b35a"
".intake\migration\venv-before-relocation\Lib\site-packages\scipy\spatial\tests\data\pdist-jaccard-ml.txt","3042","9e3fc9610e9b7ef8651432aee4e0bfcc178eccf2a07b0926a7149c2443c0ce1b"
".intake\migration\venv-before-relocation\Lib\site-packages\scipy\spatial\tests\data\pdist-jensenshannon-ml-iris.txt","172739","c33d4ef841d94f6703c05b68c386682d64204bc598e833f36ff224f525c0f05b"
".intake\migration\venv-before-relocation\Lib\site-packages\scipy\spatial\tests\data\pdist-jensenshannon-ml.txt","2819","ae9b3903050ae14a7da82477c00135c1fc2e284e5fb4a6531c284f607d21b1f0"
".intake\migration\venv-before-relocation\Lib\site-packages\scipy\spatial\tests\data\pdist-minkowski-3.2-ml-iris.txt","178802","adf5ae43846049f634928fe3aa54938d02096060877846c4c231d8a400bd22fa"
".intake\migration\venv-before-relocation\Lib\site-packages\scipy\spatial\tests\data\pdist-minkowski-3.2-ml.txt","3042","8ca940f3b95d1a87fc9dd64b915f65f7bf93b21dae5d3225c9946c3285abd200"
".intake\migration\venv-before-relocation\Lib\site-packages\scipy\spatial\tests\data\pdist-minkowski-5.8-ml-iris.txt","178802","6d660d4fb5eaa4b4c691004c7e708527b6e7a31a28665cdf234fcee7850eaae2"
".intake\migration\venv-before-relocation\Lib\site-packages\scipy\spatial\tests\data\pdist-seuclidean-ml-iris.txt","178802","6c6201ef28090bc0861c0a152adc0e74f800a833396f37dfa60c5831308a8264"
".intake\migration\venv-before-relocation\Lib\site-packages\scipy\spatial\tests\data\pdist-seuclidean-ml.txt","3042","83dfaabd2038a9ee12d313f19d36b5ef3a9ae19f8fe52d13575800b1bafe440b"
".intake\migration\venv-before-relocation\Lib\site-packages\scipy\spatial\tests\data\pdist-spearman-ml.txt","3042","be98017cc96b5141fe9d89672ea9bf32cf8c223ae03a53425be4d6f02e186a7d"
".intake\migration\venv-before-relocation\Lib\site-packages\scipy\spatial\tests\data\random-bool-data.txt","6100","b327511bd68be821fd8bbf8db795f698dc900ecbbd382d5f6d40fe31176de5b7"
".intake\migration\venv-before-relocation\Lib\site-packages\scipy\spatial\tests\data\random-double-data.txt","75100","39c9ac28949b8bf798eb995de748806ada1d4b3c3637115f0c92031f1d253a94"
".intake\migration\venv-before-relocation\Lib\site-packages\scipy\spatial\tests\data\random-int-data.txt","10366","b1a1d890ad02311cd5efc455d7cb54188178b8a4253aa90de1c116a83e209c5c"
".intake\migration\venv-before-relocation\Lib\site-packages\scipy\spatial\tests\data\random-uint-data.txt","8811","6816c4b75b6575722f02f90331b4abf5675d9315ed3136b4e50abc8f8b39e421"
".intake\migration\venv-before-relocation\Lib\site-packages\scipy\spatial\tests\data\selfdual-4d-polytope.txt","507","c7e73fb0333c6a54f075a8fbbd8bc601012c8eb83a9f92f2706aeb3d1e1d958d"
".intake\migration\venv-before-relocation\Lib\site-packages\scipy\spatial\tests\test__plotutils.py","3905","9fd3820c3822a6c1c9cb695ef8ffbc7dc4ba3c3f08437df39a2cf6640cdbb256"
".intake\migration\venv-before-relocation\Lib\site-packages\scipy\spatial\tests\test__procrustes.py","5090","899ca9c378debf338f887bf5e54647c1cdec5c4de936552509e29365fa0be6f1"
".intake\migration\venv-before-relocation\Lib\site-packages\scipy\spatial\tests\test_distance.py","87024","c71c088d3c503aabc3df86052d419556d45e13ec7147ee945fdc9754d39f81c9"
".intake\migration\venv-before-relocation\Lib\site-packages\scipy\spatial\tests\test_hausdorff.py","8416","15386432e27c5db55768685d0227acab90198669d656c095b9aae134e2ec7c31"
".intake\migration\venv-before-relocation\Lib\site-packages\scipy\spatial\tests\test_kdtree.py","54704","0d373201115b4799da00d8b3cb3609c3c521847c8ec37ef5457ca4402baee22f"
".intake\migration\venv-before-relocation\Lib\site-packages\scipy\spatial\tests\test_qhull.py","51520","3c915af57a117292ec2f6e88841fe9411b000c985c84a5d627347747f9d30a06"
".intake\migration\venv-before-relocation\Lib\site-packages\scipy\spatial\tests\test_slerp.py","18920","ee552bfa79cbbd0df851249f3290f4a15c494f13857d17e1b06079925b6406ac"
".intake\migration\venv-before-relocation\Lib\site-packages\scipy\spatial\tests\test_spherical_voronoi.py","14858","9d3f3c099ceafd6f2c3dd7a3ca2ff6393f00f1bed8c3caac03b75366a1bad462"
".intake\migration\venv-before-relocation\Lib\site-packages\scipy\spatial\transform\__init__.py","857","305c5baab68b3b9d4bbf03685e1e928b36d5764503107d4c9465939d0b59f6d2"
".intake\migration\venv-before-relocation\Lib\site-packages\scipy\spatial\transform\_rigid_transform_xp.py","17297","072074633fc82d34617c38408461286122a657ad700540c69e8ba74f3b267f2d"
".intake\migration\venv-before-relocation\Lib\site-packages\scipy\spatial\transform\_rigid_transform.py","74951","8798b96d0776ff73029a2249bd41cc206897816a67b31fd0bfd977c9168992c2"
".intake\migration\venv-before-relocation\Lib\site-packages\scipy\spatial\transform\_rotation_groups.py","4562","5c111acd3b0c83bd5578369ec62be4f556265438073e43638bd16b951ca98f27"
".intake\migration\venv-before-relocation\Lib\site-packages\scipy\spatial\transform\_rotation_spline.py","14709","95a8cd26c5e4f43f38e6102f0a678c0f702cdb342589782cb4cee78672b9e80b"
".intake\migration\venv-before-relocation\Lib\site-packages\scipy\spatial\transform\_rotation_xp.py","45527","f4c29c9e8c70cbdde5d062a0dc33f2ea93b07244cad2e4dd0e6ba5136cebcea2"
".intake\migration\venv-before-relocation\Lib\site-packages\scipy\spatial\transform\_rotation.py","110011","4a89827114ec2a3d0af3f847a225663e97778df79ae2daa07c042437ae595c33"
".intake\migration\venv-before-relocation\Lib\site-packages\scipy\spatial\transform\rotation.py","577","669069f4e82122f03363ad3565bffd4dac30cf14604bdc9d451e5a35c6e87a48"
".intake\migration\venv-before-relocation\Lib\site-packages\scipy\spatial\transform\tests\__init__.py","0","e3b0c44298fc1c149afbf4c8996fb92427ae41e4649b934ca495991b7852b855"
".intake\migration\venv-before-relocation\Lib\site-packages\scipy\spatial\transform\tests\test_rigid_transform.py","62462","7873f104bdc4bc32b779316407c43c0b41ba0c966f16666a22abed4f7fa2f25c"
".intake\migration\venv-before-relocation\Lib\site-packages\scipy\spatial\transform\tests\test_rotation_groups.py","5745","9957bbf43379ebcb0ab342af07e5d3f1f1c369443ae51c26801db3d8f59cc7fa"
".intake\migration\venv-before-relocation\Lib\site-packages\scipy\spatial\transform\tests\test_rotation_spline.py","6074","624d75e495e142c84a08391f359de9ab40092dc672a66ae8c5e1076108fd60e8"
".intake\migration\venv-before-relocation\Lib\site-packages\scipy\spatial\transform\tests\test_rotation.py","121118","5c1423cb507ea28291f5d9db59653082bdd16c0f897f0f6c2139063ee4e5aeb2"
".intake\migration\venv-before-relocation\Lib\site-packages\scipy\special\__init__.py","32693","34f678a1008a6903b6a42a0c1b6ee2a2546c9beafa28fabe59dbd3b64ebc1950"
".intake\migration\venv-before-relocation\Lib\site-packages\scipy\special\_add_newdocs.py","250693","ac8f928322d7847f0499e7a883ff6dbc3a454b1eb59a38043b48e95d129aed37"
".intake\migration\venv-before-relocation\Lib\site-packages\scipy\special\_basic.py","111699","5ee2c7f6fc3b7611172b7fed2af3bf7a8d2f0d252d803931a8cedbb1a3a5835a"
".intake\migration\venv-before-relocation\Lib\site-packages\scipy\special\_ellip_harm.py","5610","ceed6e67d87a8a467f743260c566586d3f39a6c85c174dd14039c8f8821b8032"
".intake\migration\venv-before-relocation\Lib\site-packages\scipy\special\_input_validation.py","491","4415f4a76dce8b383a7726c348a089186742a275c334ac9fe34bd53febf4bda8"
".intake\migration\venv-before-relocation\Lib\site-packages\scipy\special\_lambertw.py","4111","2189b2d189a393e97b4fce2e1ebf3f3800e0a6c50fcb52b8175ed0191c165ee1"
".intake\migration\venv-before-relocation\Lib\site-packages\scipy\special\_logsumexp.py","14857","e66dc03ecdde481065c749aa93fc7824536a7d62015cbc9083674de7f809a388"
".intake\migration\venv-before-relocation\Lib\site-packages\scipy\special\_mptestutils.py","14894","2d706ab4f816cd7bdd0ae423f4729c7986923f0fd477422e77e51bc4b1f571e2"
".intake\migration\venv-before-relocation\Lib\site-packages\scipy\special\_multiufuncs.py","23449","3339aafc2baecb7ed11746243a737196bfe50a2d8fab967d237eda2e6119b3f6"
".intake\migration\venv-before-relocation\Lib\site-packages\scipy\special\_orthogonal.py","85224","f130c32ef3022f21397e30a186f96c4d2353fb68fccb94ff027b49a2c38d84cf"
".intake\migration\venv-before-relocation\Lib\site-packages\scipy\special\_precompute\__init__.py","0","e3b0c44298fc1c149afbf4c8996fb92427ae41e4649b934ca495991b7852b855"
".intake\migration\venv-before-relocation\Lib\site-packages\scipy\special\_precompute\cosine_cdf.py","371","ec58e5c7bdb55ab15c50c49487a56fe3434c891d505fbd7deb75f5b4739de793"
".intake\migration\venv-before-relocation\Lib\site-packages\scipy\special\_precompute\expn_asy.py","1319","b6b7c54fb3bb13078eec37d01c81c2ce4c1636eaa6eec4ed0a8f878ec510b616"
".intake\migration\venv-before-relocation\Lib\site-packages\scipy\special\_precompute\gammainc_asy.py","2618","f17068e91054cddc54847ec6ad57954f3b0c2604a719bf4da649c501d1f07016"
".intake\migration\venv-before-relocation\Lib\site-packages\scipy\special\_precompute\gammainc_data.py","4201","845164aa351449dc20932ba5a7ea7fe4b08c6afdc21cbfda0ecfc96dc41697f3"
".intake\migration\venv-before-relocation\Lib\site-packages\scipy\special\_precompute\hyp2f1_data.py","15191","acaf286c6ef6a7e526a5d8d2be14bafb19b80384d1b1cb1434030a3ae2995be4"
".intake\migration\venv-before-relocation\Lib\site-packages\scipy\special\_precompute\lambertw.py","2029","52c4a2afabfdbdfc98ae5bb91775be427dcc316e51ceaa9fb5f6400be9131fc2"
".intake\migration\venv-before-relocation\Lib\site-packages\scipy\special\_precompute\loggamma.py","1137","2768f3eb69c13beec910e03b9c6e09410b7906e5d27d43d18a4dabde9c13affb"
".intake\migration\venv-before-relocation\Lib\site-packages\scipy\special\_precompute\struve_convergence.py","3755","7f6d4db8ca091350e2e0c1769197dde9bff08b0aa697eb903f29567699dc2bf4"
".intake\migration\venv-before-relocation\Lib\site-packages\scipy\special\_precompute\utils.py","925","b49a6370d4ba59a5f3a8fedc2da73bc85c977dbfe97dedc02af0c26b49b08bd0"
".intake\migration\venv-before-relocation\Lib\site-packages\scipy\special\_precompute\wright_bessel_data.py","5799","4c8c04cb128b4e5d83a9b2efa69c5d5560758c9bbe84bd79eccdc932314ae9e2"
".intake\migration\venv-before-relocation\Lib\site-packages\scipy\special\_precompute\wright_bessel.py","13210","e081ce0e8618ac014ac3c9e525600fceb39dba21c831420b4c96aab40e236eae"
".intake\migration\venv-before-relocation\Lib\site-packages\scipy\special\_precompute\wrightomega.py","996","840297cf72a4f4bfb924e040f3a53afb20bfb6c17c80ecf4a7c635be659c0331"
".intake\migration\venv-before-relocation\Lib\site-packages\scipy\special\_precompute\zetac.py","618","71931592e6c45ed8a576220cf69e6576b575b04a32db8d0c72428f3b726133a0"
".intake\migration\venv-before-relocation\Lib\site-packages\scipy\special\_sf_error.py","390","8436f29a3d5e4a23e397cdbc3d1f8a89d91c77c462543a49101f9f180f65b473"
".intake\migration\venv-before-relocation\Lib\site-packages\scipy\special\_spfun_stats.py","5802","2a44d75ed51b294596f06621d7fb50a1e3eacdb3194a342ad727a54dd11fc879"
".intake\migration\venv-before-relocation\Lib\site-packages\scipy\special\_spherical_bessel.py","13187","a74884613eeeaf2d2e6c57b78dbd7d477ef591f71dd9fac358af5fd22760627c"
".intake\migration\venv-before-relocation\Lib\site-packages\scipy\special\_support_alternative_backends.py","32082","8744eb2a10232c90362080d756c925faf01130189721ae2e646a0e8b53cecc99"
".intake\migration\venv-before-relocation\Lib\site-packages\scipy\special\_testutils.py","12315","535d976f6c42804c3e6d26a34fe7fd70ee5ed5ff666f7d293c141aec7000e179"
".intake\migration\venv-before-relocation\Lib\site-packages\scipy\special\_ufunc_tools.py","6508","f95cb9baa06313b55192329db3b466295fcaad1783bace017c2be90942b654e8"
".intake\migration\venv-before-relocation\Lib\site-packages\scipy\special\add_newdocs.py","451","e62e2fca1f54ae709467acd37159b2d1886c6cfeb3d4c75dc5beeaad4756c0a1"
".intake\migration\venv-before-relocation\Lib\site-packages\scipy\special\basic.py","1630","1289993a8aea3377e78792b3dcd76db8a7e972f4edf855cad9f01a44cd6c25d8"
".intake\migration\venv-before-relocation\Lib\site-packages\scipy\special\orthogonal.py","1769","62598872ab71efd217e14a142bb1602aec8e2df1422170987851c0bd2cf81e23"
".intake\migration\venv-before-relocation\Lib\site-packages\scipy\special\sf_error.py","593","3a1116822539924e106e564885301f01cd1e53e99428afe74c0dc7f8c1e527af"
".intake\migration\venv-before-relocation\Lib\site-packages\scipy\special\specfun.py","573","3bf3f044d1403ec053cf3ea2aef627f74ff8f9a9aaffdb15c02fbd132e0aff76"
".intake\migration\venv-before-relocation\Lib\site-packages\scipy\special\spfun_stats.py","552","98b41060c1dfe90a30a464a194bcb80832fe66b8b5cf0c846b0a71d54fdfe75b"
".intake\migration\venv-before-relocation\Lib\site-packages\scipy\special\tests\__init__.py","0","e3b0c44298fc1c149afbf4c8996fb92427ae41e4649b934ca495991b7852b855"
".intake\migration\venv-before-relocation\Lib\site-packages\scipy\special\tests\cython_abi_signatures.json","35027","2aa08f0540b4d907e91a0a0b88ff816fcc3584d1c46c9489e19e824812a2b005"
".intake\migration\venv-before-relocation\Lib\site-packages\scipy\special\tests\data\__init__.py","0","e3b0c44298fc1c149afbf4c8996fb92427ae41e4649b934ca495991b7852b855"
".intake\migration\venv-before-relocation\Lib\site-packages\scipy\special\tests\test_basic.py","205034","943eeb3afe47beb8eacddaf6633f5ef81ffecc0f749d7c71a514f212592ffe89"
".intake\migration\venv-before-relocation\Lib\site-packages\scipy\special\tests\test_bdtr.py","3403","a627ea506f31746c7ee815e167501c5daac3fc6262b86b070ecc0b1d60ed4faa"
".intake\migration\venv-before-relocation\Lib\site-packages\scipy\special\tests\test_boost_ufuncs.py","3106","b3134eb32e3dc7329ff25be265815579d33ebee4d8bad88f44b960f8b1263acd"
".intake\migration\venv-before-relocation\Lib\site-packages\scipy\special\tests\test_boxcox.py","3388","170d085334c3b5ab7e30a0f6964822b4437ec23f116d1a05c9fdd8c9654108e6"
".intake\migration\venv-before-relocation\Lib\site-packages\scipy\special\tests\test_cdflib.py","36007","0dac05d923f01177f3f692069e6f417fca50a774f90ea273bf399c9aaaa95620"
".intake\migration\venv-before-relocation\Lib\site-packages\scipy\special\tests\test_cdft_asymptotic.py","1671","ff4f624c40e2244447d1a02e04f633f371a165ace463ea7605b1c07074acce54"
".intake\migration\venv-before-relocation\Lib\site-packages\scipy\special\tests\test_cephes_intp_cast.py","1158","20d84ab61509e2457714b99b589268b6127b347c816498914207cf03cd499b65"
".intake\migration\venv-before-relocation\Lib\site-packages\scipy\special\tests\test_cosine_distr.py","2773","10dc9f0c8e0e69ba2e79f7aecd52503bb52c044dc46a8aefdfd678190a0173b1"
".intake\migration\venv-before-relocation\Lib\site-packages\scipy\special\tests\test_cython_abi.py","3035","68f05f7492f2c3c80f53443e301391771ef6377ec8ef55f4639a01190129f7c6"
".intake\migration\venv-before-relocation\Lib\site-packages\scipy\special\tests\test_cython_special.py","19409","fc2ceb9652ed9f0a4edfd83761fb333c05cfd2ffc790f6410f0f19e2bba8b5d6"
".intake\migration\venv-before-relocation\Lib\site-packages\scipy\special\tests\test_data.py","29030","5160d9ba17a165e33224051c4e4cb1acfbf6996d7d82bb45d377a417f84923fa"
".intake\migration\venv-before-relocation\Lib\site-packages\scipy\special\tests\test_dd.py","1606","28e6c544a6bc72a529f5538604c967d541b552d319a926d6f5fa85bbdc9358a9"
".intake\migration\venv-before-relocation\Lib\site-packages\scipy\special\tests\test_digamma.py","1427","bc17ecd86f5670810ff151a919a0ac1654c3e60dd738300fee0b1412602ae87a"
".intake\migration\venv-before-relocation\Lib\site-packages\scipy\special\tests\test_ellip_harm.py","10257","19cb3e74e364a263026e906b6a5649a8bcb802682a5a9d150962ae59153aaa20"
".intake\migration\venv-before-relocation\Lib\site-packages\scipy\special\tests\test_erfinv.py","3148","24cbdbda158d43adee3debe4de400be8aca902d38c27383c9f51b73a6f40d797"
".intake\migration\venv-before-relocation\Lib\site-packages\scipy\special\tests\test_exponential_integrals.py","3986","0435efa15b8438030f3fe40c5e77d14080499f21872ddead13f473a4e418d25c"
".intake\migration\venv-before-relocation\Lib\site-packages\scipy\special\tests\test_extending.py","1212","46696f5de5e9a4f3ff77fa49747fece664168ad69dee0280a576e885ade6c60f"
".intake\migration\venv-before-relocation\Lib\site-packages\scipy\special\tests\test_faddeeva.py","2653","d815def0947677f40132f8d7f9b98790fd130f3cb826066133a5ef4a5a8ed470"
".intake\migration\venv-before-relocation\Lib\site-packages\scipy\special\tests\test_gamma.py","270","faef70ccd3d23ec253b3f0c92fa5590175c8708a89b3139e432fff31d4531b16"
".intake\migration\venv-before-relocation\Lib\site-packages\scipy\special\tests\test_gammainc.py","4593","dc9f36c1bb490728eade13acc8f1d8a41473bd1f950bdb4fd7c7b8b4d1ce1f72"
".intake\migration\venv-before-relocation\Lib\site-packages\scipy\special\tests\test_gen_harmonic.py","3209","fc1b2698983420ea5420d3dcf0b5ff2b30e2b1402aacfa24043a0df574fb8bf1"
".intake\migration\venv-before-relocation\Lib\site-packages\scipy\special\tests\test_hyp2f1.py","94827","bf841f0b88071423c1f2166d26cd098762e17883801a3c91ef96d769336022d9"
".intake\migration\venv-before-relocation\Lib\site-packages\scipy\special\tests\test_hypergeometric.py","10230","a8584ad1330fd8f92914b072f02a4aab47c1a8827c3948714a393167cae3b3f6"
".intake\migration\venv-before-relocation\Lib\site-packages\scipy\special\tests\test_iv_ratio.py","10357","af712b502bd9ab24a93342a554971f1816334d800f64d072ca23b074ab2474e1"
".intake\migration\venv-before-relocation\Lib\site-packages\scipy\special\tests\test_kolmogorov.py","19771","59943124c1d7829e710b8266ac6f9b5ef129ce403da515e0c584c200bd979ff7"
".intake\migration\venv-before-relocation\Lib\site-packages\scipy\special\tests\test_lambertw.py","4681","f9231b86263e3614a6797aaba4be989cb55e436a0d8c9f716687740d67497c73"
".intake\migration\venv-before-relocation\Lib\site-packages\scipy\special\tests\test_legendre.py","55325","3051975495d4c28a2a593ddab602aaf00a91568c708ae38f589eb177676fac2b"
".intake\migration\venv-before-relocation\Lib\site-packages\scipy\special\tests\test_log1mexp.py","3240","19bf12a5b03dbe1febbc5d19eb63dfb970e45d0e22bd7d502bfe4a511f83f661"
".intake\migration\venv-before-relocation\Lib\site-packages\scipy\special\tests\test_loggamma.py","2062","49dc58888b6f8b147835a6ce28bc811eefa210fed1e7645ec3c37c6d9ba01f6b"
".intake\migration\venv-before-relocation\Lib\site-packages\scipy\special\tests\test_logit.py","6631","7e75d26b3b4ecb6ec155bfbb6d32cd264d90ef38f5c72e15854a1c473013d7b6"
".intake\migration\venv-before-relocation\Lib\site-packages\scipy\special\tests\test_logsumexp.py","19879","9c185826bb11695bcdedbaa83cca8d003b8cf413954eec23e000fb4bb5ba11b0"
".intake\migration\venv-before-relocation\Lib\site-packages\scipy\special\tests\test_mpmath.py","71526","444dd881faa6d0e55da51689de83e0e28b745a205a20473ba656f43ce0eea385"
".intake\migration\venv-before-relocation\Lib\site-packages\scipy\special\tests\test_nan_inputs.py","2028","bd523f116cf69caea12dd9945c49e5e289f61760fc5f4b785f53d378b72a33b3"
".intake\migration\venv-before-relocation\Lib\site-packages\scipy\special\tests\test_ndtr.py","2757","9ff63cc06f4c6159993973e02688988cf1a55142dd88fa03405b2e47a1f33d68"
".intake\migration\venv-before-relocation\Lib\site-packages\scipy\special\tests\test_ndtri_exp.py","3802","6f8bc516485dcc80d636098a384cb952344262d1ec764a1a6ac462fcbf65cc83"
".intake\migration\venv-before-relocation\Lib\site-packages\scipy\special\tests\test_orthogonal_eval.py","13402","6eb23df6fa848f40e4aca2bd90ca7c95d8b3db8f586332d94e6908165278c278"
".intake\migration\venv-before-relocation\Lib\site-packages\scipy\special\tests\test_orthogonal.py","34166","63e38fa40b1d6c13970bea84a64ddba6dcf4086556a79ea06d3ffc42d0423c1e"
".intake\migration\venv-before-relocation\Lib\site-packages\scipy\special\tests\test_owens_t.py","1845","b28b6257146b8e84389588db6c1c7cf2740a1c41e1368c1f27b28f74833ebcd4"
".intake\migration\venv-before-relocation\Lib\site-packages\scipy\special\tests\test_pcf.py","688","55312abe260bb26d03067baed41a729faac4a1c7fdb19192c98d76b9fc31698a"
".intake\migration\venv-before-relocation\Lib\site-packages\scipy\special\tests\test_pdtr.py","1414","fa2a0d003729b39e2ffb9cfb5db74234489d524b60f619daa48fcbdad13422fa"
".intake\migration\venv-before-relocation\Lib\site-packages\scipy\special\tests\test_powm1.py","2341","006e43e1ec788c24bdef137b465cae995734f4e513b9cccdc52d88630b7d3808"
".intake\migration\venv-before-relocation\Lib\site-packages\scipy\special\tests\test_precompute_expn_asy.py","607","0c55b90a21578c7354916819ade84a5313cd4ddd3d0a5969d67674fc5535ef68"
".intake\migration\venv-before-relocation\Lib\site-packages\scipy\special\tests\test_precompute_gammainc.py","4732","90bd6254260740143390f5a0921be4779d052905ac0e8f7011cde8498c4a9f45"
".intake\migration\venv-before-relocation\Lib\site-packages\scipy\special\tests\test_precompute_utils.py","1201","1165ccb95cf95835102123f387cee2d36bb58a6f5370b6c3071ca4f813ba8996"
".intake\migration\venv-before-relocation\Lib\site-packages\scipy\special\tests\test_round.py","529","e2067f7c7916c4c3a367e0295044712f672a1ef31ca4c4adbcebfdc0f489014d"
".intake\migration\venv-before-relocation\Lib\site-packages\scipy\special\tests\test_sf_error.py","4715","be9c909bbb2767498ed54c7a60e3ef99429eb0323170b0807fd9559894d0e14b"
".intake\migration\venv-before-relocation\Lib\site-packages\scipy\special\tests\test_sici.py","1263","444627b62a82d13e0f6feeba1120668c4988a132436e362cefce97370524cc8c"
".intake\migration\venv-before-relocation\Lib\site-packages\scipy\special\tests\test_specfun.py","1735","c27bb071d53804345ee315384ba21bdbfdeb51ebc6b07252798bca5795cb394e"
".intake\migration\venv-before-relocation\Lib\site-packages\scipy\special\tests\test_spence.py","1131","af87215c18bf9ca2b5b927cfb1eee8c0d86f702f77681bdc30165fffcc13945f"
".intake\migration\venv-before-relocation\Lib\site-packages\scipy\special\tests\test_spfun_stats.py","2119","fcd52efbf63d8278e8a53f8b833ac84b795432c7d0b81ceeb92035744da8715f"
".intake\migration\venv-before-relocation\Lib\site-packages\scipy\special\tests\test_sph_harm.py","1828","084522a6b56c8868ad736045015a19e2f9cba56cb21eac6a942c76b0d55abbdc"
".intake\migration\venv-before-relocation\Lib\site-packages\scipy\special\tests\test_spherical_bessel.py","15602","a552a19ad2426e1b67fd07693da0739fd6a50645d0ec32adaaa4a3c546459296"
".intake\migration\venv-before-relocation\Lib\site-packages\scipy\special\tests\test_support_alternative_backends.py","16210","61c31cac4a54e870093a3b7aa4970bda0b9c5d71234c265d71e535a6a1a246b1"
".intake\migration\venv-before-relocation\Lib\site-packages\scipy\special\tests\test_trig.py","2476","3f6fad1349bdad6d242e3e320ee2ab6c835eccefb73ef2631f252308b4df0ce9"
".intake\migration\venv-before-relocation\Lib\site-packages\scipy\special\tests\test_ufunc_infra.py","1135","b021dc0a9c43448ba5fa2da7db14dfd0149c570fb85084b3b992b38ecf4a0c11"
".intake\migration\venv-before-relocation\Lib\site-packages\scipy\special\tests\test_ufunc_signatures.py","4509","edc6a3dd09fb54d47bfd2c94ca8a4da1f5caa031b3b02b6c87e511cf078bb9cb"
".intake\migration\venv-before-relocation\Lib\site-packages\scipy\special\tests\test_wright_bessel.py","7899","f3b8af48ff7c842bb7ad5dba6e59b3be4274f6909bc4d5d693b8ae778c455933"
".intake\migration\venv-before-relocation\Lib\site-packages\scipy\special\tests\test_wrightomega.py","3677","fb6fadcc48fb1c0db5c53a3f5ad094e6773aac90d3f53af467d2230367f7f663"
".intake\migration\venv-before-relocation\Lib\site-packages\scipy\special\tests\test_zeta.py","11850","ad24a04dbde7844da97f43f286a1ec736114d58c4a998801dcf9869f7e62e318"
".intake\migration\venv-before-relocation\Lib\site-packages\scipy\stats\__init__.py","19211","690724373a85ac5796288ec17b7953409c3c1d8f2a7f86c653bd1d291bfef320"
".intake\migration\venv-before-relocation\Lib\site-packages\scipy\stats\_axis_nan_policy.py","34052","e77cd80ee0fc6c2c2d81ea8d694a177735da6e87832bd9354b5c015f71accc93"
".intake\migration\venv-before-relocation\Lib\site-packages\scipy\stats\_binned_statistic.py","33746","754ea9fb74f542ac9e67f52e3f50b9a7060587165b2250e5da4a497b5fcba4f7"
".intake\migration\venv-before-relocation\Lib\site-packages\scipy\stats\_binomtest.py","15753","3485dc16c7a6a8adba0a4751ca02dcf87c379f623ed20c19257b0fbbd8edf92b"
".intake\migration\venv-before-relocation\Lib\site-packages\scipy\stats\_bws_test.py","8706","fb6a8521552fd5bf26f8be47ca92cf72972da05ac3ebf42f800e2fdfe3dc629b"
".intake\migration\venv-before-relocation\Lib\site-packages\scipy\stats\_censored_data.py","19007","f67cae2ebf115c64804355e77a3dbdb98e23287f079406112d249782bbed8670"
".intake\migration\venv-before-relocation\Lib\site-packages\scipy\stats\_common.py","177","3d406daed2844b1628695c77b65abc658226118088b98b251588a4512eeec1d5"
".intake\migration\venv-before-relocation\Lib\site-packages\scipy\stats\_constants.py","1044","5fb168ea0e5fa01854d65755df29b70c4f2e968174e74799b12c3fe0c4b0de5b"
".intake\migration\venv-before-relocation\Lib\site-packages\scipy\stats\_continued_fraction.py","15895","717df17ad86c5430b9deed62f95c2d50a4f426c91dc146c0bc371562cec11bef"
".intake\migration\venv-before-relocation\Lib\site-packages\scipy\stats\_continuous_distns.py","425515","6accbab0258a2fec8c99306fa30e4357514f37d963cb61bd82f985481d26e64d"
".intake\migration\venv-before-relocation\Lib\site-packages\scipy\stats\_correlation.py","31350","864380569f3db101261fc7358d270b8be3dcc27b23de7871f4826b4470dbd900"
".intake\migration\venv-before-relocation\Lib\site-packages\scipy\stats\_covariance.py","24317","cbb280d0d78808860ecc790c754f37be9759fc485b4e989424bda5cc849f46bc"
".intake\migration\venv-before-relocation\Lib\site-packages\scipy\stats\_crosstab.py","7233","b9837971874c3dfbfc3bb292f585e03b30b84cce72014739a1c3fa1fc56f5d44"
".intake\migration\venv-before-relocation\Lib\site-packages\scipy\stats\_discrete_distns.py","68900","c4f137b5e0c6cd576fb23f7fa1b6edc8f73cff32e16fbaad5f091865614d0be3"
".intake\migration\venv-before-relocation\Lib\site-packages\scipy\stats\_distn_infrastructure.py","159461","231f5ecfaf080358ee1125c691aafea33b05ba2f37219f456de1e68eefc497ca"
".intake\migration\venv-before-relocation\Lib\site-packages\scipy\stats\_distr_params.py","9383","9b0a13a4ea1bde9f7043ebc9e406b767db29e4861376a56031d163469290336b"
".intake\migration\venv-before-relocation\Lib\site-packages\scipy\stats\_distribution_infrastructure.py","239815","b02b255cbb9c58a13758719746228a0d10b2c1a684d8fc3ee85748c1dec9075c"
".intake\migration\venv-before-relocation\Lib\site-packages\scipy\stats\_entropy.py","16223","3318e57aff86f9675a80d4bcced2babdf2c87f3eb41f304662cd6c6fdd2f82b6"
".intake\migration\venv-before-relocation\Lib\site-packages\scipy\stats\_finite_differences.py","4313","840e36e5e05201011ca64e84fecd051f3191f959899787b0943b89deb751c8e8"
".intake\migration\venv-before-relocation\Lib\site-packages\scipy\stats\_fit.py","61024","c501850becdf96806d4c07817b18014816c199050648976aed4b180dce536299"
".intake\migration\venv-before-relocation\Lib\site-packages\scipy\stats\_hypotests.py","90695","1c804242895e175adcd04fa9f758224152cb4505d28353e0492e5196a5b2cd4b"
".intake\migration\venv-before-relocation\Lib\site-packages\scipy\stats\_kde.py","27111","543625edf1e78706fa4289654ba6b0ec874d2b65eb058d7ff8725a834306c276"
".intake\migration\venv-before-relocation\Lib\site-packages\scipy\stats\_ksstats.py","20728","d69cb823ab1a4077b8f293966a44d09dca5df0cc0be5d3ed2af8b349e34e3ab7"
".intake\migration\venv-before-relocation\Lib\site-packages\scipy\stats\_levy_stable\__init__.py","47710","9a67f4f740d499419f63ad96ba652469929b3620d8608aaf04d46730fb51d919"
".intake\migration\venv-before-relocation\Lib\site-packages\scipy\stats\_mannwhitneyu.py","22375","d1d34df6b620d05e62bbcfff608dcac3edc38d0960a1c65ff68bd191caf5237a"
".intake\migration\venv-before-relocation\Lib\site-packages\scipy\stats\_mgc.py","21948","435f96ff1b73a09b43e643bc1b6b0578e079c867427894f08115bdd9837129d8"
".intake\migration\venv-before-relocation\Lib\site-packages\scipy\stats\_morestats.py","199507","cd9e4918f2b63299bcaa439496dfc1111478640f0310d64832cfa38d42c2d305"
".intake\migration\venv-before-relocation\Lib\site-packages\scipy\stats\_mstats_basic.py","134020","a95c25f7a4d7a30cef0039a0bc9ba9a45842a6a7df1d0ad0ef986a4a6f4b151a"
".intake\migration\venv-before-relocation\Lib\site-packages\scipy\stats\_mstats_extras.py","16929","aafaedb74d216e867fdef96fa2abb8df49ac029e8266aa020c40c6ec3c0d1c27"
".intake\migration\venv-before-relocation\Lib\site-packages\scipy\stats\_multicomp.py","17550","54b36184231b35e57fc68dac955a7eb24cc3a34f310ce701f377c04b08a160c7"
".intake\migration\venv-before-relocation\Lib\site-packages\scipy\stats\_multivariate.py","282078","d68237ef27d18d794991f004b908f28c2083606697c4350e72b377c8e48e7149"
".intake\migration\venv-before-relocation\Lib\site-packages\scipy\stats\_new_distributions.py","19969","b6f4271c135019c94ad92d552acb4e2c680f3d58823505b1259eeb0fb32276e8"
".intake\migration\venv-before-relocation\Lib\site-packages\scipy\stats\_odds_ratio.py","17471","28bdee5967ef7db9c4c0492a4625192733abfcdb6f032d3d86f37775533c759c"
".intake\migration\venv-before-relocation\Lib\site-packages\scipy\stats\_page_trend_test.py","19799","50ea45d7161f4d0c35a4feb877365c729610bfb5ceaedfea2439179ab49621ac"
".intake\migration\venv-before-relocation\Lib\site-packages\scipy\stats\_probability_distribution.py","76921","bdb3edb8949566fc3b3575f232130978379e45d3ff81878fdd28600ae8664be7"
".intake\migration\venv-before-relocation\Lib\site-packages\scipy\stats\_qmc.py","110569","34b0f3345b6848880729b578c3da23d85df6b34da3617bc9e391808f1ca532d7"
".intake\migration\venv-before-relocation\Lib\site-packages\scipy\stats\_qmvnt.py","16942","588aa8350b9dd44da558af98e98c239cdbe1f5ad8197e8df152fe9bef0114c0d"
".intake\migration\venv-before-relocation\Lib\site-packages\scipy\stats\_quantile.py","34264","f06ebfe6a51b3a7f6f487711ded3de968b73ed72c57c39823c0672a31dd7f9c0"
".intake\migration\venv-before-relocation\Lib\site-packages\scipy\stats\_rcont\__init__.py","88","c6d3360862b1276b947c5e8f7f2a22ff47a6f22e696ba9e319169a192aef1640"
".intake\migration\venv-before-relocation\Lib\site-packages\scipy\stats\_relative_risk.py","9834","b71957b7cfa9db02f274c22b2843b0740b79822ada97f5f9d53da2b5ded50c3c"
".intake\migration\venv-before-relocation\Lib\site-packages\scipy\stats\_resampling.py","108947","43e8b690af04f82a0d1861ce920e8b5f211d6402500b0060e9ab8dc6f58e1979"
".intake\migration\venv-before-relocation\Lib\site-packages\scipy\stats\_result_classes.py","1125","f74e16486acac33b961dd77731a4be1d4c132732e6f2217968dce1d3066af933"
".intake\migration\venv-before-relocation\Lib\site-packages\scipy\stats\_sampling.py","47846","c72d6b364b4ab12c2ae2fb42498aca5730d3b5c394a4b93355f7394ab8d482a3"
".intake\migration\venv-before-relocation\Lib\site-packages\scipy\stats\_sensitivity_analysis.py","25842","ee3de0f5109fc3b1b3c6046240877c39c3dae755ba0f4b2655494400867d4b25"
".intake\migration\venv-before-relocation\Lib\site-packages\scipy\stats\_stats_mstats_common.py","1219","d522e2ba91c59898cfccabfcb2db585ff0c2c610c5d45b89a5e9ab5e06cdb63c"
".intake\migration\venv-before-relocation\Lib\site-packages\scipy\stats\_stats_py.py","452488","2f10dc94cbecdc7fe119c35955509b468c9fcf36ed8e98e1f57f1acc35cf6023"
".intake\migration\venv-before-relocation\Lib\site-packages\scipy\stats\_survival.py","26737","281c9bf9876bdef5652ab9a6331f89ccfff8087d6576b53b2908295759e70898"
".intake\migration\venv-before-relocation\Lib\site-packages\scipy\stats\_tukeylambda_stats.py","7080","1765b8c64b373d32a39c34207d5febb4f2581e1874cf20fa5d984d3eb7fecfd5"
".intake\migration\venv-before-relocation\Lib\site-packages\scipy\stats\_unuran\__init__.py","0","e3b0c44298fc1c149afbf4c8996fb92427ae41e4649b934ca495991b7852b855"
".intake\migration\venv-before-relocation\Lib\site-packages\scipy\stats\_variation.py","5041","b73437b9c563ae2b26304c4d7a8de0946592041567ba30c17a46a821f2869933"
".intake\migration\venv-before-relocation\Lib\site-packages\scipy\stats\_warnings_errors.py","1596","d928703748f4867e87ed0b1ade53f97baeae549d55157bb270e5d31795001713"
".intake\migration\venv-before-relocation\Lib\site-packages\scipy\stats\_wilcoxon.py","11433","1633bef0f44c2e0c84326590977a5f6254bfdd941ea11ec332bd0a12f09c02e0"
".intake\migration\venv-before-relocation\Lib\site-packages\scipy\stats\biasedurn.py","447","81bd5427244272f3f3aa588110f70f05850fac885af33b48397a6185073a406e"
".intake\migration\venv-before-relocation\Lib\site-packages\scipy\stats\contingency.py","19390","505761e77d935b451c1961effc1ae064c6e4462a07497f9c91c476ec63a54785"
".intake\migration\venv-before-relocation\Lib\site-packages\scipy\stats\distributions.py","883","fe74690ee74bf8f6e75af366ddfc5143ed34cc4b4295e4aa853364d5ebd9beaf"
".intake\migration\venv-before-relocation\Lib\site-packages\scipy\stats\kde.py","534","0ad5385953b58ae2ba7fcd1c9fc2f3f33ef9397c04d33e017af751cbfa3f6cfe"
".intake\migration\venv-before-relocation\Lib\site-packages\scipy\stats\morestats.py","984","a28a4ee85020d309634ec85a762eeef46e31ec1b1feb6f2f10abc56dfbcd3ba0"
".intake\migration\venv-before-relocation\Lib\site-packages\scipy\stats\mstats_basic.py","1436","e064a20714143179ec06d16857c056e9eb71a1ca54ebdc5f2f32c51ced60b7d7"
".intake\migration\venv-before-relocation\Lib\site-packages\scipy\stats\mstats_extras.py","746","38430decbe0f7c6011868f2a205f5f99483a4d79d07160555811cb799ee6d65d"
".intake\migration\venv-before-relocation\Lib\site-packages\scipy\stats\mstats.py","2606","8f3bc42e3386e45ba5cc03912f9da234be95c10840dcddbb440afffbc7d2bb56"
".intake\migration\venv-before-relocation\Lib\site-packages\scipy\stats\mvn.py","515","5a8a45cf4a817446c6ce12a4ede19f1556bda231e483668a9f79f33a3024ab8b"
".intake\migration\venv-before-relocation\Lib\site-packages\scipy\stats\qmc.py","11939","b66f4092644b65009273d1c3c17cb009de1bfe5731a9065b791b0db6a4d67c46"
".intake\migration\venv-before-relocation\Lib\site-packages\scipy\stats\sampling.py","2012","0c1d9e3c0612baeef3e051f609c4925bd89f0d64d08bcab59536e9362b42c426"
".intake\migration\venv-before-relocation\Lib\site-packages\scipy\stats\stats.py","1518","7eb5983d2f16bcccb1f33a016278d09be995992d5ac9bf5f42b998156476513c"
".intake\migration\venv-before-relocation\Lib\site-packages\scipy\stats\tests\__init__.py","0","e3b0c44298fc1c149afbf4c8996fb92427ae41e4649b934ca495991b7852b855"
".intake\migration\venv-before-relocation\Lib\site-packages\scipy\stats\tests\common_tests.py","12657","b7a5c4eb4a270a015ac69e699ea4a8b02552e239f9c353684e5c018706e2be54"
".intake\migration\venv-before-relocation\Lib\site-packages\scipy\stats\tests\data\_mvt.py","7076","1616d9a9256a31e8b9f3e6b0231312701fe04838ffd45cbe44a464270b81067b"
".intake\migration\venv-before-relocation\Lib\site-packages\scipy\stats\tests\data\fisher_exact_results_from_r.py","27956","02a28872dc188fee8551ce978706487eb3c2130d3bde830a8525ab0e1bb3d342"
".intake\migration\venv-before-relocation\Lib\site-packages\scipy\stats\tests\data\studentized_range_mpmath_ref.json","30737","648011c3a3264a64243e998b286bab9c5fd6c5c66a4315099a0a15b28a132485"
".intake\migration\venv-before-relocation\Lib\site-packages\scipy\stats\tests\test_axis_nan_policy.py","67320","9b02ed1d7eb350dc7ebb96d3c38d6268c2950bca4efaad3f1ebe03aefbb7533d"
".intake\migration\venv-before-relocation\Lib\site-packages\scipy\stats\tests\test_binned_statistic.py","20916","a2736a53f15c000b395bf6307f51d1c1e6f915dbd7070e8b4c70be580f4a0788"
".intake\migration\venv-before-relocation\Lib\site-packages\scipy\stats\tests\test_censored_data.py","7087","2ed4c158be8763ed26ec7cdb6646032ced4d1f767487f0fb2365d9dbb0b0b966"
".intake\migration\venv-before-relocation\Lib\site-packages\scipy\stats\tests\test_contingency.py","11231","8b1ff63c6646471cf15591036dcfc6b0d85169e37093af4db6ee8991c0aca634"
".intake\migration\venv-before-relocation\Lib\site-packages\scipy\stats\tests\test_continued_fraction.py","6570","3782c7c129b1d116a11cb13fc3bb202e3f0db75849bcad220fdcb997d4415f4d"
".intake\migration\venv-before-relocation\Lib\site-packages\scipy\stats\tests\test_continuous_basic.py","44741","1fcbb021cbd0f2f6187e417608d95418a0b6b23129567916a1f5534138807670"
".intake\migration\venv-before-relocation\Lib\site-packages\scipy\stats\tests\test_continuous_fit_censored.py","24871","3ed2b3baf24fb454c5fffa6bdb4f6ffa2df8a5c60e5d2081d6f31fcfc51ecf73"
".intake\migration\venv-before-relocation\Lib\site-packages\scipy\stats\tests\test_continuous.py","101518","48fca4f55ce05180f19a16c84f8fffa2d50ad26cf392b949a3dbf7d6ebefd24b"
".intake\migration\venv-before-relocation\Lib\site-packages\scipy\stats\tests\test_correlation.py","19421","903e12622b24193c388f7c0d03da7b2d5f148241b78823cd4f293f08ea116653"
".intake\migration\venv-before-relocation\Lib\site-packages\scipy\stats\tests\test_crosstab.py","4165","45b30e073251fccf3c15b6d5b3285d5b70b826ff2264d0e28e437dffff4ea331"
".intake\migration\venv-before-relocation\Lib\site-packages\scipy\stats\tests\test_device_dtype.py","10270","6c7a9cf5fbd2b93e6b689436e5fd2c948e2181f44a874adaa7af6f6ddf6f8a74"
".intake\migration\venv-before-relocation\Lib\site-packages\scipy\stats\tests\test_discrete_basic.py","23377","942006199fe775e550a473e358b5b458e3f5fdd300b4d64f6cf677f963c44de5"
".intake\migration\venv-before-relocation\Lib\site-packages\scipy\stats\tests\test_discrete_distns.py","27775","ec2d947476b73ec8b06edabe9e729ddeed950c87b2b448ee67a2d3ae607fa1da"
".intake\migration\venv-before-relocation\Lib\site-packages\scipy\stats\tests\test_distributions.py","435638","d9934ac2c4ea07412534ad15d07a42e61948f8f1e20e75c313876a2dee4a0cb9"
".intake\migration\venv-before-relocation\Lib\site-packages\scipy\stats\tests\test_entropy.py","13194","4c46ff5a32085ccacdc8b8d38419ac581cbd985b2c740865de63e750d0839ffc"
".intake\migration\venv-before-relocation\Lib\site-packages\scipy\stats\tests\test_fast_gen_inversion.py","16496","d4f4c6715b4a3a6150c2331bc70bb6bd6b7d97ace2e86b2d548090f1f02ef912"
".intake\migration\venv-before-relocation\Lib\site-packages\scipy\stats\tests\test_fit.py","50006","2677b5d2f2feefa4432fd84cdf5d1104ea105a6b970e1141ca0c3d6fafd7ef6c"
".intake\migration\venv-before-relocation\Lib\site-packages\scipy\stats\tests\test_generation\reference_distribution_infrastructure_tests.py","3131","4772c6b306c4f539234f83de199f9d7caea64418a25145fd35b9474299716350"
".intake\migration\venv-before-relocation\Lib\site-packages\scipy\stats\tests\test_generation\reference_distributions.py","15847","c9974220520f34b2ef989959692f10580f2ec1b9b1aac3ce539f51a3fe84f004"
".intake\migration\venv-before-relocation\Lib\site-packages\scipy\stats\tests\test_generation\studentized_range_mpmath_ref.py","7884","4cc831075331bde4e571fc7e64d6cd15723a9c53e3fe820ba16e0d4f04ea9fbf"
".intake\migration\venv-before-relocation\Lib\site-packages\scipy\stats\tests\test_hypotests.py","103433","927ed0854a07743144ed7e86dec130790d85abe8be9aacc90584b4c1e323a488"
".intake\migration\venv-before-relocation\Lib\site-packages\scipy\stats\tests\test_kdeoth.py","23597","6c5c7379d904becea20cd6019e97f564ac466d28891397ade50aeee5cb813357"
".intake\migration\venv-before-relocation\Lib\site-packages\scipy\stats\tests\test_marray.py","30054","0afc01c097e4982c82e6b577be3ff6bb15034b6c824bdc39aa3966a17e1865df"
".intake\migration\venv-before-relocation\Lib\site-packages\scipy\stats\tests\test_mgc.py","9147","240d5b9cf23c0d45f05644316544abafbb55168b0b69f4159959f224b126596b"
".intake\migration\venv-before-relocation\Lib\site-packages\scipy\stats\tests\test_morestats.py","183626","90bb48dafebe4d1fe7bd11ce1559a33bda790ff2259cd68088b625ad8f116806"
".intake\migration\venv-before-relocation\Lib\site-packages\scipy\stats\tests\test_mstats_basic.py","92939","e1cab89b3b670141d845aaece7c73fc70d9f78c8050081c55ba3e42f9924fd3f"
".intake\migration\venv-before-relocation\Lib\site-packages\scipy\stats\tests\test_mstats_extras.py","7489","2ea46ab467c25a0c58438d482377427ef5fbf6ad07560c2ae83424a6d03c4c7a"
".intake\migration\venv-before-relocation\Lib\site-packages\scipy\stats\tests\test_multicomp.py","18231","20bc4412a69195e599cf6d34c2107c17d4c7f70281e61126a6b39cf400b0873b"
".intake\migration\venv-before-relocation\Lib\site-packages\scipy\stats\tests\test_multivariate.py","203903","92da1626fd92fa4ad3a815894bdde6a30f18b9af902e37f1d44a856246387aad"
".intake\migration\venv-before-relocation\Lib\site-packages\scipy\stats\tests\test_new_distributions.py","891","1a9989e86ce723da9a3db248a2bb82e2b83cda82a6ef75ebdbd02e5d2b0b9f90"
".intake\migration\venv-before-relocation\Lib\site-packages\scipy\stats\tests\test_odds_ratio.py","6875","52db8f45706ef504d9fa03329e4a81d57c6a26cd00de575404f874c2611c8f0c"
".intake\migration\venv-before-relocation\Lib\site-packages\scipy\stats\tests\test_qmc.py","60781","5994bfa8b877c687182346afa1a2b857f802320a512ca0eca7fb1376c7cc0e1a"
".intake\migration\venv-before-relocation\Lib\site-packages\scipy\stats\tests\test_quantile.py","35720","4872ec7f88c8da461b918d19b2d5217f353eb66364c9a2921709d06783871f29"
".intake\migration\venv-before-relocation\Lib\site-packages\scipy\stats\tests\test_rank.py","13203","8d4f14d15bc24aaa116d6323f9354b3fc41ea12800e4bc3422a2cfc1967a85d9"
".intake\migration\venv-before-relocation\Lib\site-packages\scipy\stats\tests\test_relative_risk.py","3741","fc98b30dc36e371a844398fd7cda9bbe1bb45f16bc6240d49418af553b329216"
".intake\migration\venv-before-relocation\Lib\site-packages\scipy\stats\tests\test_resampling.py","95854","a66acfdb6457ae086d5523fa48405220eb8efc90d85e4de455cf6a6415e798d7"
".intake\migration\venv-before-relocation\Lib\site-packages\scipy\stats\tests\test_sampling.py","56617","42657fdebf7b53a5765b6c15f046b4a870ce1500dc7179d10673962b2c6fecbf"
".intake\migration\venv-before-relocation\Lib\site-packages\scipy\stats\tests\test_sensitivity_analysis.py","10988","5b108cb1b96e0de14f154bc829fec3b9dbed45574c1d2326cf298f232668052b"
".intake\migration\venv-before-relocation\Lib\site-packages\scipy\stats\tests\test_stats.py","440238","af6a7279debfb5a9bfd9c0236f6a36534563c605aa2819b213a2f17ccb14683e"
".intake\migration\venv-before-relocation\Lib\site-packages\scipy\stats\tests\test_survival.py","22424","6cefe8797b4476990c0c4a6b6a50e17e5a6a571884396c149eea9470c435a130"
".intake\migration\venv-before-relocation\Lib\site-packages\scipy\stats\tests\test_tukeylambda_stats.py","3316","026a8c9276ca922d7ba1875f3f91ff21a3fa5b2baf5915cdc94ad67e5cc62c01"
".intake\migration\venv-before-relocation\Lib\site-packages\scipy\stats\tests\test_variation.py","9359","9d76f500042649c11c8b9ce3d7ead201d503a51999179e3cb85250ec83111c17"
".intake\migration\venv-before-relocation\Lib\site-packages\scipy\version.py","330","2311ab279f112c4c98fed870068c185a9cea5cc9225142505fc55db88d6cfa43"
".intake\migration\venv-before-relocation\pyvenv.cfg","336","a1184e27ec9a4a88ed444538b254629769b1c0ef55785d48c3d278e9f92dde68"
".intake\migration\venv-before-relocation\Scripts\activate.bat","1027","c5b0d3ae6408350f3e16411c5b936fa145e481d9db923ba4cc2291840d882bff"
".intake\migration\venv-before-relocation\Scripts\Activate.ps1","27975","833196e39d23331323698a1bbd8efbf4d882d324402d20cb294b85f4a739e0e0"
".intake\migration\venv-before-relocation\Scripts\deactivate.bat","393","fb53ed45866fee40f01c907c1f67555a399f98361722d89120d05a2580e9e563"
".intake\mosin-audit\blood_idle.png","11670","9bc8a72a406e8d8ee49a8a16fbcd836970c29be4a008e4244e4b96d639d3a6d8"
".intake\mosin-audit\doom_idle.png","10652","3e922894ba67e5997d4d0938ae3f3ce90e3fc9254299ba2672029ae569e48899"
".intake\RedFlags2_UZDoom5_Foundation_0.1.0.zip","16852398","b368873a646f392ffd1ca507978fcf24163fcc06618d632d10a6e80c54ef5cc0"
".local\analyze_actual_shots.py","2973","6bc21a542d8c48af76eacb52eb93ae1e4d77de0538c88ea39f88d51510287b97"
".local\analyze_final_video.py","3835","132b3febbe335403647aefaf550460b1730024506e05c8643dfe62538e07f2d0"
".local\export_final_review.py","2608","95543189424212f4e3db0b193fb68e20708b241202970a2d8bd0dc871cf47ec5"
".local\ffmpeg\download.json","324","747bf91a539d4fca25276a4d5fb507d46092fcdebd9fea98212559bb2e8c0106"
".local\ffmpeg\ffmpeg-release-essentials.zip","111253802","fec81ae03971d9dd4be3ebe02e263bd2ec1d789483f931bdba5f5715e65da2e9"
".local\match_shot_audio.py","1679","38f6f4260c0fceabdc3f28ed6f8b76f7c72d66eabf24a4fedcf16dd297696406"
".local\s1_player.py","14349","9f4fff2664087f72c6dfde6548d6c828ccbb665b68e0007b6e155ffc40c5db67"
".local\s1_video_actual_shots.py","976","8fc892ea62bad7c26315f09957eaf90ceb4ac33ed2aee40d04784f8a2373aa13"
".local\s1_video_graphics_run.py","4111","fe107567ce4d28fa72de5d5d361e8423275209e1844c8147f70d95c9305dc170"
".local\s1_video_real_run_sound.py","3736","8bf2817ecacd0294869fa70fce93697adaca02efd1e8ccc213dd009c079a9ef7"
".local\s1_video_real_run.py","3612","dfd3fafe4bfdb33861fe2c3dcd0f3f7633b622d671191efe018a0289b568678e"
".local\service_fittings_previews\ceiling_lamp.png","142746","1952e9a41a8bbec9a5aaad36898709c33669e0cc104af90f5ef26df00de5d364"
".local\service_fittings_previews\door.png","147398","c84a78cf0102d4558510f14be7208b25957dfb782c687935290ce09620dcc94f"
".local\service_fittings_previews\switch_off.png","152893","87cb438172ac89003f1b46884745bf77050711aa958dc765edf4ceb15dde9bc6"
".local\service_fittings_previews\switch_on.png","151883","4008906f2943f5db7b1fc7fbe7b15b559f67d9eafa2be25cf0b50fd5f92bfe6d"
".local\uzdoom.ini","19789","ff4396b3e021cf2c44fcd5676591bf2d48e2a59dfad4997a06075232c974ce73"
".local\verify_review_packets.py","1501","4223392978bd93d133d793c620370a81d8e82fdaf50e439246991d8f2616254f"
".local\video_calibration_run.py","1651","d93b70b8ea8e9a7d51f14437b6829535a1aede47fdac732c9f732e4e0ac98e05"
".local\video_calibration_run2.py","1681","d2ec1b4e01f703b5412e2fba389109c830416009d7e68573f4ab49a177787903"
".local\video_calibration_run3.py","1681","cb411fb3e7b4d343c2d6fedaea7c0c89acbf724fc14a4f27a6863a359577ac40"
".local\video_calibration_run4.py","1681","ea9ba8f89cac58f5be6470f578fabd6484fb9ebf25c366da74e79a7a8b37a9d7"
".local\video_calibration_run5.py","1681","2c8f9abe2701dcfc883de9d79ee239f6fdbcf873a725e262460498f6be8c8927"
".local\video_calibration\calibration2.json","2235","ca6262a5a95859aebc2fc75aee938ec5d71337588bb8397c67bda2853b36ade6"
".local\video_calibration\calibration3.json","2548","898afdbcf479127dc14d40b53c91c2d267e7c8bba836594f4f5cf8c4ffeb648e"
".local\video_calibration\calibration4.json","6339","997944720b3588c817664e6e74b80fd90055eee59692a2d6ebbb78497610680e"
".local\video_calibration\calibration5.json","6604","c13957a540098901dd690a83ecb0e7c67449ef258e8d2db7ee8f7b488e0f9f33"
".local\video_calibration\cue.json","32","d040ddc46b6faf95896aad5b71d93d3ac30e1622177449067baabfad047f9155"
".local\video_calibration\ready.json","2273","f274606bcda0ee42eded0053bbe9f82dcd00f8729fd2295a8763adfb4b5981ee"
".local\video_calibration\sync_measurement4.json","281","d68fa8eb8cf3c9ab312af2a0109136a0bd038b9845c3b19e09626fe84dfd4643"
".local\video_calibration\sync_measurement5.json","355","c795842da10fb574c80e2e7c7ec215ef917e427726c8d29bda4c5424e499a224"
".local\video_calibration\tone.wav","57644","cc1db2034dbc0e93e7738f8688cd80a9574df584fc4833fafa203728dde3ad1f"
".local\windows_pipeline_checks.ps1","4382","1277c63d5176703481938a2565a67c5703635af85cac7326ef35b5ba948ae041"
".venv\Lib\site-packages\numpy-2.5.3.dist-info\entry_points.txt","220","ec26fade0c8bdac211a6c1dd003a65eb16885b925395423e93fcaa115af4052c"
".venv\Lib\site-packages\numpy-2.5.3.dist-info\licenses\LICENSE.txt","45831","a804dff0ead9fadc5293456410bcbfc32bf024be9c4513459663fb7b442d2341"
".venv\Lib\site-packages\numpy-2.5.3.dist-info\licenses\numpy\_core\include\numpy\libdivide\LICENSE.txt","1039","d544761558b510866c21f7e8a2d5716fca76e0b98117e3b6b86314db7244d150"
".venv\Lib\site-packages\numpy-2.5.3.dist-info\licenses\numpy\_core\src\multiarray\dragon4_LICENSE.txt","1441","b0fd592d4ead563148e3977e7b589169d46a5ef2ff133c755a81af880a3fc919"
".venv\Lib\site-packages\numpy-2.5.3.dist-info\licenses\numpy\_core\src\npysort\x86-simd-sort\LICENSE.md","1542","a732977853530066790c42817087f4829b518dd98d340c916acbfd227e39d3cb"
".venv\Lib\site-packages\numpy-2.5.3.dist-info\licenses\numpy\fft\pocketfft\LICENSE.md","1523","8db000e158c162e7249787852d8c69764706502ccee725c06641b31c1e95c8af"
".venv\Lib\site-packages\numpy-2.5.3.dist-info\licenses\numpy\linalg\lapack_lite\LICENSE.txt","2314","19060ef465e1797d682ee0fc3081bd25ab1395e995e43d25c9d13c95d9a3cd6b"
".venv\Lib\site-packages\numpy-2.5.3.dist-info\licenses\numpy\random\LICENSE.md","3582","b4bc2f4fa1c95778f1ed3dd8f14706bece399475b978f9f34b5d3cd72521b48a"
".venv\Lib\site-packages\numpy-2.5.3.dist-info\licenses\numpy\random\src\distributions\LICENSE.md","2805","cf5619f25b112d5ce7c896efffc8e610bcb345dfadcc19f2c1460aa48fff2c9e"
".venv\Lib\site-packages\numpy-2.5.3.dist-info\licenses\numpy\random\src\mt19937\LICENSE.md","2986","92c10699884321f1c2947fe2a70ab23b0fbf1507f756d89dd08f38c61fc3d4fa"
".venv\Lib\site-packages\numpy-2.5.3.dist-info\licenses\numpy\random\src\pcg64\LICENSE.md","1176","41190663b77bee5302386495a07b7eabfbfa571aa0ae2f11da6764162062fc4f"
".venv\Lib\site-packages\numpy-2.5.3.dist-info\licenses\numpy\random\src\philox\LICENSE.md","1540","322ac46d870c8aeead6c53adcccc839296fb3c8e456eae155081297daf7f8013"
".venv\Lib\site-packages\numpy-2.5.3.dist-info\licenses\numpy\random\src\sfc64\LICENSE.md","1253","28cad82ce1379dc529df30da78ec012d7d0d1d576b03ddcb93388aee53659f59"
".venv\Lib\site-packages\numpy-2.5.3.dist-info\licenses\numpy\random\src\splitmix64\LICENSE.md","340","454ec7350e478e037061850b67395753b425b1cb0a34bbc26290b020bf89d763"
".venv\Lib\site-packages\numpy\__config__.py","5638","54309fe4a6792ef381020e258d4bf370b08f833af7463c99bd5d24de68786730"
".venv\Lib\site-packages\numpy\__init__.py","26470","a6958cb364663b7acce81ccfd58eeb65a2b34d5376157f924777b97211a73be4"
".venv\Lib\site-packages\numpy\_array_api_info.py","10864","feb8737051eb453b8364621d24b640fa635fd504e405654e998659651754c0f5"
".venv\Lib\site-packages\numpy\_configtool.py","1046","aaa6b2fe83f46ea92bc94e798c5044e91ce028992ab89d1b06f698b7d0fe19bb"
".venv\Lib\site-packages\numpy\_core\__init__.py","6865","73c57a7f3a54e33399ddb9b142eb27ed3aae2bf4be2f4c159396788e16b620e5"
".venv\Lib\site-packages\numpy\_core\_add_newdocs_scalars.py","13314","562316500225b142a8b1dd661292e8f74edc65e692ed583f19eaf30832005144"
".venv\Lib\site-packages\numpy\_core\_add_newdocs.py","222296","02b9fc008a77b0148bca7790944edb6499575f66eb0327385dbd9fca1f76072d"
".venv\Lib\site-packages\numpy\_core\_asarray.py","4024","314d672bbea64388036425996dd57ece692666984054090dc2085b9384e0aa54"
".venv\Lib\site-packages\numpy\_core\_dtype_ctypes.py","3846","7bc1207daa97889f3e5188bc14ce6c9bd5bc7a1aaf706feb4e90d139a2b04ca8"
".venv\Lib\site-packages\numpy\_core\_dtype.py","10880","07e3d5e42bbcbb84117243c82355ef70246f3dd1923849c5dbd0277965b21e22"
".venv\Lib\site-packages\numpy\_core\_exceptions.py","5321","ba6c5687d4cb8435f2f4b996efbc2420731e80593f2857c10799ddc6c25de45e"
".venv\Lib\site-packages\numpy\_core\_internal.py","30365","2f27033e087b4afbc3312a294f4b2ee11c935113d66f962c58c5a59629bfb795"
".venv\Lib\site-packages\numpy\_core\_methods.py","9645","5dd70c059e7359916950988bfa29b6482b6cbf2627fcd0e2ad25880a4cedd9fc"
".venv\Lib\site-packages\numpy\_core\_string_helpers.py","2945","697d4de54b0d794172e78a39b6e4c2e97e8df4026e785376ffa408c88503d978"
".venv\Lib\site-packages\numpy\_core\_type_aliases.py","3927","d69c1598322e00cee8a07a13e65ec35ec1aeb157f781b49c18bed983e9eb055b"
".venv\Lib\site-packages\numpy\_core\_ufunc_config.py","16126","c5e272dcaeca3d5e4fa496e45bd9dc598fd49e72c794cf4ceab5f80bd78db369"
".venv\Lib\site-packages\numpy\_core\arrayprint.py","67483","d6a74d6044359653eae24f3f30731d2419705723eeba52cd24ab304e468ca373"
".venv\Lib\site-packages\numpy\_core\cversions.py","360","1484afd5de11f75ec18b9c498ca2b2f0ba3a025164574d16bd2a01ee5dda700e"
".venv\Lib\site-packages\numpy\_core\defchararray.py","39670","7c6722fb56a00ca1e2141e203e753174ecec4216936a0937266d6a05444addf2"
".venv\Lib\site-packages\numpy\_core\einsumfunc.py","59481","16e0c6ac0634ed3d9811428a476a82cbe88ffb454ac37413773f0624cec57563"
".venv\Lib\site-packages\numpy\_core\fromnumeric.py","148231","52c70bd82e3f6783f8bbcf8e99daf987bf7416cab99b1ef1655bb44b66646b03"
".venv\Lib\site-packages\numpy\_core\function_base.py","20236","826eb1f0e08ce2e93de7274232ccf8bff4fea02ccad763e3d3353f0110d7cd89"
".venv\Lib\site-packages\numpy\_core\getlimits.py","15063","c01955f10cd38e898ab9ce33884f65d3cb85a8d1ffe3d6102b34d3ae558aa3a1"
".venv\Lib\site-packages\numpy\_core\include\numpy\__multiarray_api.c","13586","322039aad2702307f8b154473dd0c54ccfc2e6baecc065b239aa204ed5ae932e"
".venv\Lib\site-packages\numpy\_core\include\numpy\__multiarray_api.h","66358","e11b2975bcfc5962d65d1e6efad1ea103ed44eddb3bc485f1d06eefa711919a1"
".venv\Lib\site-packages\numpy\_core\include\numpy\__ufunc_api.c","1902","b86d52553cf7f85533bb3531c41caca938121560389c6f50812195198a143ba7"
".venv\Lib\site-packages\numpy\_core\include\numpy\__ufunc_api.h","14042","c756b3a018aa809dc6a63210d5d3e6af31027f6a0cad5a3b9db8577dab3b5bb6"
".venv\Lib\site-packages\numpy\_core\include\numpy\_neighborhood_iterator_imp.h","2547","bb7e54cd7093157d271919b5cc404c7f27c816737876007d643f3c8b728e6c45"
".venv\Lib\site-packages\numpy\_core\include\numpy\_numpyconfig.h","902","ef2f5993c897a00ab15c2d3c96f8c1dbf47f2b3399158980d6d2ff845456f090"
".venv\Lib\site-packages\numpy\_core\include\numpy\_public_dtype_api_table.h","4660","e32946f2ce76919131fff40e0edffb0e8f108ad9a10d2bd3799ecb6abd1f3a0a"
".venv\Lib\site-packages\numpy\_core\include\numpy\arrayobject.h","211","8215b39683d491269591cb009c19e96ebc6d5de5cbfa69335462501071718e79"
".venv\Lib\site-packages\numpy\_core\include\numpy\arrayscalars.h","5917","819902492c0ea919b5d59fdc530bd7c07092ca78a72639b895191ef1480385fa"
".venv\Lib\site-packages\numpy\_core\include\numpy\dtype_api.h","22546","9155d0159a6624f3d30f0c25e29f7cbd59618108fe9352e885b1069ff3d6b449"
".venv\Lib\site-packages\numpy\_core\include\numpy\halffloat.h","2029","a98817e6241f3735c80ac9ddd0c091ab910b8617c58e54469b5c571a29909b8e"
".venv\Lib\site-packages\numpy\_core\include\numpy\ndarrayobject.h","11874","fdac61e85bd08bb9d01faccdb1379feedd88c8712119ccacfbf453e40f6535d2"
".venv\Lib\site-packages\numpy\_core\include\numpy\ndarraytypes.h","72661","0fb99dac327eca1278c7b5112239a730c0535518a0c9adf7e7b86af1d4fe83c9"
".venv\Lib\site-packages\numpy\_core\include\numpy\npy_2_compat.h","15549","b3f19666fcf1485d26bfe07e3021a86cdbec2c42996be61a2b4aedee5417ace7"
".venv\Lib\site-packages\numpy\_core\include\numpy\npy_2_complexcompat.h","885","b96d2217ea8cc10367e0fbc87d60ab61c7ba6f83ab6143b8056bbe55860065a8"
".venv\Lib\site-packages\numpy\_core\include\numpy\npy_3kcompat.h","10309","0886269bf0be4ce84782f79a3fac58fe147c704ec34ad8dde1f3d245a5a26afe"
".venv\Lib\site-packages\numpy\_core\include\numpy\npy_common.h","33943","89ad3271a1f0d0e472fce946ef807718dd7a8f9bb3888d899d2b9014f7e143a5"
".venv\Lib\site-packages\numpy\_core\include\numpy\npy_cpu.h","4478","1b55b674c0fb21b3230ab3a602d12fee734e1fa6b006c6347e8b4d029dde6da1"
".venv\Lib\site-packages\numpy\_core\include\numpy\npy_endian.h","2957","7f5053d002c7f8671addc728fc28139b9dc730bc66066a3865fcd5c712cd94a3"
".venv\Lib\site-packages\numpy\_core\include\numpy\npy_math.h","19460","92c7622815c37e9107075b3d9b9ca29f286375c73487ecc971f5c4ba854701df"
".venv\Lib\site-packages\numpy\_core\include\numpy\npy_no_deprecated_api.h","698","8c872310fd806e8bc34df804faab6f74fe75fdd5468d59c41815fceab94648a1"
".venv\Lib\site-packages\numpy\_core\include\numpy\npy_os.h","1298","8f4e38bddd42d6809c5b9dabde1b6254d854689484a828caace0f0307ab74d4d"
".venv\Lib\site-packages\numpy\_core\include\numpy\numpyconfig.h","7644","5eaf39ba0daae552599ecde6d15e7b6c348ed55e82683ca8202abdb4d4591a13"
".venv\Lib\site-packages\numpy\_core\include\numpy\random\bitgen.h","508","fc7d2e5ea9a7b9be0fc6725674c59a36a7e9c850eed8a074b247f6c1ce6f8d47"
".venv\Lib\site-packages\numpy\_core\include\numpy\random\distributions.h","10070","18b5116b7b05112644d3fd112bedc6aa67daf7a8ad047c3c2e5b0dcb2f443ede"
".venv\Lib\site-packages\numpy\_core\include\numpy\random\libdivide.h","82217","17d3cbc7a4dc3a4fac77474e6ded2758bcb3e0785b1efd8aeefa11fe4a25a465"
".venv\Lib\site-packages\numpy\_core\include\numpy\random\LICENSE.txt","1039","d544761558b510866c21f7e8a2d5716fca76e0b98117e3b6b86314db7244d150"
".venv\Lib\site-packages\numpy\_core\include\numpy\ufuncobject.h","12949","8bd721a3f2d09c272e62fd1504001336ca8ae210b539a05f8c57ae1f037ccb0f"
".venv\Lib\site-packages\numpy\_core\include\numpy\utils.h","4280","9b498256f1f5236d47ebec5cb8dccd1523eeb6c9432aafc8c0440d8a324072e4"
".venv\Lib\site-packages\numpy\_core\memmap.py","13000","242086cc9b13487cfe6c102b88075fb1849a9f1360f9f97f05876f9f73f6fa2c"
".venv\Lib\site-packages\numpy\_core\multiarray.py","58628","233a6c2def357506b505407e6f85e1715822545fda42b02e3f12697d897bf9e5"
".venv\Lib\site-packages\numpy\_core\numeric.py","83290","1701f78f500b8ba6beb435f8861db4d9ba900c3625c5b7d8237cb39c49fce3dc"
".venv\Lib\site-packages\numpy\_core\numerictypes.py","15392","135b154b3cc2d83caa725dabd8686b18488089bc43fe0ea9cfb49cc81b23c6b9"
".venv\Lib\site-packages\numpy\_core\overrides.py","7666","bbd2f3457b59ae357e01003ab66fb51a9ef1c3dd417883cb97cf7ff5197ce819"
".venv\Lib\site-packages\numpy\_core\printoptions.py","1088","6577a406be9f235f1d571b0ce9bc401a2f340a232568c3787696cf1c342204e2"
".venv\Lib\site-packages\numpy\_core\records.py","38365","f1a961055e140b98a7c18d4c540bd2c1e597b54a9836bf117cb1fb373ef8de03"
".venv\Lib\site-packages\numpy\_core\shape_base.py","33708","a32e3688fa2368b8d08ec432d5cdf95e5ef6c3456d2d909bb62a5995bf171a8a"
".venv\Lib\site-packages\numpy\_core\strings.py","52381","cc6fa71d99d13ad0fcab3caeea7115f58844bbb438f19c4dd9a328101d6468d1"
".venv\Lib\site-packages\numpy\_core\tests\_locales.py","2248","6f2abb3c5234a3f785f0376cbe08f6110ee812383161911ad845b4489991ff17"
".venv\Lib\site-packages\numpy\_core\tests\_natype.py","4531","9dc30cd356e161ee0ac4ceb63d3c08687e97a737ba0fd99254565242aa9a6734"
".venv\Lib\site-packages\numpy\_core\tests\data\generate_umath_validation_data.cpp","6012","f5305dc693e8d1d8efd422b143afc36c6291c486556b08ad026ec032658aae82"
".venv\Lib\site-packages\numpy\_core\tests\data\umath-validation-set-arccos.csv","62794","55475074a045ae95c72e53ed5f659820afeec24697824cbce4267868dbaf983e"
".venv\Lib\site-packages\numpy\_core\tests\data\umath-validation-set-arccosh.csv","62794","b5bb8e424be76314b225ffda946937670dd5cafd073b974c0b585495eda15b04"
".venv\Lib\site-packages\numpy\_core\tests\data\umath-validation-set-arcsin.csv","62768","24f11658cc603ca74da6b0ead291f9421276a22542cee0db2bedd68532a7cbca"
".venv\Lib\site-packages\numpy\_core\tests\data\umath-validation-set-arcsinh.csv","61718","7f0baadb9c5e4b9ee4044c41b9235f7b08076fe9a0a11f7050656a70e5db7e82"
".venv\Lib\site-packages\numpy\_core\tests\data\umath-validation-set-arctan.csv","61734","9eedf76322fe00b5d2485e5cba909369ffe34cf2cafd0c947dc88d406a5f7e46"
".venv\Lib\site-packages\numpy\_core\tests\data\umath-validation-set-arctanh.csv","62768","c0748a158d98bdbbf77e79a67cba8f6298e190433cf181e4155a59422a32043c"
".venv\Lib\site-packages\numpy\_core\tests\data\umath-validation-set-cbrt.csv","62275","1458bf5f11271ab7c977b3b1b635454fa5850b6b54a8a85557c7e641f6f4cfca"
".venv\Lib\site-packages\numpy\_core\tests\data\umath-validation-set-cos.csv","60497","71c0eb8b9fe343ce03fe40264b067fced3543c8873860c9c0ed36c3c1ee6f1d7"
".venv\Lib\site-packages\numpy\_core\tests\data\umath-validation-set-cosh.csv","62298","0e737a446bca4070162287dc8668461fb92425e8f656d370186311646cc19134"
".venv\Lib\site-packages\numpy\_core\tests\data\umath-validation-set-exp.csv","17903","98f86317828b7b46ddc31dfc48988d8a90f6e27b4b23fe5a59cf21f95d143203"
".venv\Lib\site-packages\numpy\_core\tests\data\umath-validation-set-exp2.csv","60053","b03f78a4ad840190320f67c312871fc35a17370d6a4e55b54c1c1195ca5b72c2"
".venv\Lib\site-packages\numpy\_core\tests\data\umath-validation-set-expm1.csv","61728","b727d93790fcb659bb00f8310883f2bb2efbe00647cad30e079f47f4a7b0c44b"
".venv\Lib\site-packages\numpy\_core\tests\data\umath-validation-set-log.csv","11963","0833e4cbae0f8da5115a1aa41f190b12598c888db5bf9ba0186cb385d7d46e72"
".venv\Lib\site-packages\numpy\_core\tests\data\umath-validation-set-log10.csv","70551","756e853c4065471da9712fbb7ae8bf1ada93a57ccecb5e3b8a5e79a9d3fef009"
".venv\Lib\site-packages\numpy\_core\tests\data\umath-validation-set-log1p.csv","61732","d9a12c1d572f4729bee39df90a4bc94ec987cb092dd3564c7e68e5f9de1fbd52"
".venv\Lib\site-packages\numpy\_core\tests\data\umath-validation-set-log2.csv","70546","69567b54c439bab18ec7930c30e52630a06114b144f94ef2e835424de5d07e8d"
".venv\Lib\site-packages\numpy\_core\tests\data\umath-validation-set-README.txt","982","19fae4994ff04e3a4b90e7ed583b866b2103755dd13e93761915505fad558162"
".venv\Lib\site-packages\numpy\_core\tests\data\umath-validation-set-sin.csv","59981","1af3eb414118317d62076ce36df2b6e895093b1b6a6df8915205ee00ed5070fd"
".venv\Lib\site-packages\numpy\_core\tests\data\umath-validation-set-sinh.csv","61722","95cece61c6165a99316ccb910169a8810e5c2a2ec4c2c43689b88c76925661bc"
".venv\Lib\site-packages\numpy\_core\tests\data\umath-validation-set-tan.csv","61728","7e7ec3afdb3aadca86533b26c89c6f7bf675f09e0051a4a6faea3637737f85f9"
".venv\Lib\site-packages\numpy\_core\tests\data\umath-validation-set-tanh.csv","61728","c526397e07de05737a7da9785c379df9551c805232f6a28ea2c6bbbd0e6fd7e5"
".venv\Lib\site-packages\numpy\_core\tests\examples\cython\setup.py","898","28f40de7298c1b3e3738fbcf57fee8fe28c49263dd8a5cdfbba657a816504e5b"
".venv\Lib\site-packages\numpy\_core\tests\examples\limited_api\limited_api.c","14896","4ee1466e98d0a549649a0e7c09313e5cf42814a8423c17fc92235e990b602fba"
".venv\Lib\site-packages\numpy\_core\tests\examples\limited_api\setup.py","461","e3b896b0dfb9c18076f4b6fbbea4a3ceb012dd4b64745b9f92df775f3cc6fa51"
".venv\Lib\site-packages\numpy\_core\tests\test__exceptions.py","3012","a2fddc75a6017cfdbcc3f15c2c5e7b44e945e70e9fc0215135c98e572440f885"
".venv\Lib\site-packages\numpy\_core\tests\test_abc.py","2275","a9d0bbfe5910bda17fdc0e3127d1ff221dc50e532903d7714078ec8384e7fae7"
".venv\Lib\site-packages\numpy\_core\tests\test_api.py","25498","71c614da38387d1d588c2d3e1ede6f2d8912f66c2bea4315439c1c7ef4907b13"
".venv\Lib\site-packages\numpy\_core\tests\test_argparse.py","2914","bcf72dbb14e83e464c95b8239f313ddb85e4c57614741c6547a2ec3f6ffe6903"
".venv\Lib\site-packages\numpy\_core\tests\test_array_api_info.py","3177","a921b08b0bce50f87932d8c31b7e8ec42ebb3cee428c9fdeb0fb6625b37c36c9"
".venv\Lib\site-packages\numpy\_core\tests\test_array_coercion.py","36883","5d8ce46970fc21f63f70f3e74c451657b6be832c22aef0024ba7d72f554c07bc"
".venv\Lib\site-packages\numpy\_core\tests\test_array_interface.py","8065","b3e9ab183381a5639f21284d1eb9df3ee51e6434c15f9783f11d64638f89ad47"
".venv\Lib\site-packages\numpy\_core\tests\test_arraymethod.py","3400","b7277defa6460e2de54b3faa90cb4108a99d4737f2f78cb1ec1a791dafbfaaad"
".venv\Lib\site-packages\numpy\_core\tests\test_arrayobject.py","7035","c40c221077ea55b9c1caaae30633af0a040522903df6223d5b461e3d14db70f5"
".venv\Lib\site-packages\numpy\_core\tests\test_arrayprint.py","53474","d5750236cac6307a92fd014d56b158295cf6f332a0a11c8d85694f9c07a43de5"
".venv\Lib\site-packages\numpy\_core\tests\test_casting_floatingpoint_errors.py","5236","f9656f206e04eca64024956278a7bb4e13491876e4585625a4539d1c7b486b61"
".venv\Lib\site-packages\numpy\_core\tests\test_casting_unittests.py","42467","9ab6c83371491a60781defeb0cd5df07f8655c387c106e49877c9f68ca07d1c7"
".venv\Lib\site-packages\numpy\_core\tests\test_conversion_utils.py","6715","2a1e7a76e71201ac779fc13d71743ae86bc4d595d9fe99164e9432d234c4c009"
".venv\Lib\site-packages\numpy\_core\tests\test_cpu_dispatcher.py","1618","c6b853cc71f4717ea82f1679ab28edbbb14a73f7d22a909a35f65358e994e1ae"
".venv\Lib\site-packages\numpy\_core\tests\test_cpu_features.py","18986","c415f6e50e18cb6b07575cc0b14d34f10ffd6a7e47920344c1462a70a4dd9674"
".venv\Lib\site-packages\numpy\_core\tests\test_custom_dtypes.py","20747","ce1a88491aa458b447f7149ff3862362175dfa5804e5cfc012df61701b1bf57c"
".venv\Lib\site-packages\numpy\_core\tests\test_cython.py","12447","3761335e350efdbac38cb1ffd4664006a6fa3dbd86b59d3d4438b080fa771b81"
".venv\Lib\site-packages\numpy\_core\tests\test_datetime.py","146367","2d3f51e60bbfef43f058f8d784ef70868bb043b12d03cb780867dd2c2603c713"
".venv\Lib\site-packages\numpy\_core\tests\test_defchararray.py","32040","324fa5fdecb2bb458ba9fac3e3f463fbcd98e8962f701ce0e529531817a606ec"
".venv\Lib\site-packages\numpy\_core\tests\test_deprecations.py","19756","ad4631a1b122f6b0bbd564da496241dc99a15cb5cce335ed5823993648c4e589"
".venv\Lib\site-packages\numpy\_core\tests\test_dlpack.py","9014","1e85887b97891b0a6f6388a4a68271f82b2c1513ab546f7a366d25015ad0cdc9"
".venv\Lib\site-packages\numpy\_core\tests\test_dtype.py","84277","dbf154fc6f278d26babe14448aa2e944ca58433a73f843ff79f2e18ca418bd4b"
".venv\Lib\site-packages\numpy\_core\tests\test_einsum.py","59600","fcd5341122a3eabcfe702b1934aefe003860710f840bbb0f6283d53814e166f3"
".venv\Lib\site-packages\numpy\_core\tests\test_errstate.py","4759","51b3f097dec9c54bb4e74b4c3c9376353caa16451a36944ac2a7b1df80f12751"
".venv\Lib\site-packages\numpy\_core\tests\test_extint128.py","5842","a4a49c27c96c6067ef5f8acc4c07fd6f0a13ccb6242b58672d999f1758ca028e"
".venv\Lib\site-packages\numpy\_core\tests\test_finfo.py","2574","3f2dc17ccfde6b1adb620d1b85eb03313e8bb626867c23a395771367f0a7bd2b"
".venv\Lib\site-packages\numpy\_core\tests\test_function_base.py","18102","424970f333786055868cb9881148eab9b4fa98b23e064908294942ee865b65b0"
".venv\Lib\site-packages\numpy\_core\tests\test_getlimits.py","6318","1c2b45980dc584848de45e0997f105f7f7f47f6b91d40256934bfa97091d92c0"
".venv\Lib\site-packages\numpy\_core\tests\test_half.py","25715","a43056013ae7c8d5c42fa2a42f663c4b2d7d7a790f2eb5f62a4ed2115eed7e1b"
".venv\Lib\site-packages\numpy\_core\tests\test_hashtable.py","5524","3a8037cc5904a7d6941e7fa3eb517c361e9e808338d448ec5dd61a535cb82c56"
".venv\Lib\site-packages\numpy\_core\tests\test_indexerrors.py","4835","950645ccf328746c090e1f243f153f1750890211495c0559a24df557a264272a"
".venv\Lib\site-packages\numpy\_core\tests\test_indexing.py","67452","209b58ae2207ee9a9d5999772fd7159f9e3dda279f8c0e1b8980f60f09d5fd70"
".venv\Lib\site-packages\numpy\_core\tests\test_item_selection.py","7280","3c25abe3067021299d944dab09aa460dbb341c9f43aff9af1f9dd25d00d48ca2"
".venv\Lib\site-packages\numpy\_core\tests\test_limited_api.py","9884","95fc90b7bd0ee1a7a69a6f28b130fc70a1e3600d274452502a09d6404a6ee156"
".venv\Lib\site-packages\numpy\_core\tests\test_longdouble.py","12824","259dece0d46cb5e327e6d5b79c6f2b3d4e17286949e7451dbb69a4461d289808"
".venv\Lib\site-packages\numpy\_core\tests\test_mem_overlap.py","30250","f84a1c55fee890e4b7777921433d76ce6d5f471b277e45d005d276cb9959cfcc"
".venv\Lib\site-packages\numpy\_core\tests\test_mem_policy.py","16974","dba6fd011a6127420a10e789a7027d7687dedaf5e68103a7629a3bca6e9d041f"
".venv\Lib\site-packages\numpy\_core\tests\test_memmap.py","10428","1973385003a7ac55cdb46a3400b341c109afbd5b897dd9412229a3fd283df027"
".venv\Lib\site-packages\numpy\_core\tests\test_multiarray.py","452438","8562454efed3f35d303f64c37ba3c02bb2c2dad4ea9a2d98c5e8e49dfd74fe66"
".venv\Lib\site-packages\numpy\_core\tests\test_multiprocessing.py","2045","e9fb93c5d22fb6a45466e806cf7ab84e7aa46bbe38f5afefd7bba25b426101cf"
".venv\Lib\site-packages\numpy\_core\tests\test_multithreading.py","24082","f0fa8a7a4e162eb1b598db921d39df3cd571c81bda40f8913bea6fedca3520ba"
".venv\Lib\site-packages\numpy\_core\tests\test_nditer.py","143047","e34d3eecafed12a9d09a5410c107a3b0aadfcc0b1de3d4560c62bd8215fb63f4"
".venv\Lib\site-packages\numpy\_core\tests\test_nep50_promotions.py","10321","2c30a780412783e733eeadef7585feea4fcade492de44a530f497aa63662ef27"
".venv\Lib\site-packages\numpy\_core\tests\test_numeric.py","164208","d9e1366a890f39901cffac8c659b05896c33f33b9f6b1247fdfdb049cae958c8"
".venv\Lib\site-packages\numpy\_core\tests\test_numerictypes.py","24705","84b1be3de6f07511a8e1320ae4a2ed2fe89edd815c5a6e27a2202f942e2d09d4"
".venv\Lib\site-packages\numpy\_core\tests\test_overrides.py","28577","5037619b0b9e12e1e304941fe8dbc9ee8f0ae40d8946af766b95c6d8b41a8846"
".venv\Lib\site-packages\numpy\_core\tests\test_print.py","7090","8e7d7887e385519d04a94a8daae74af696666973342e85d3d8e8e21c111d247f"
".venv\Lib\site-packages\numpy\_core\tests\test_protocols.py","1219","6f5725be9dd1afb110eb1f0cb719bd8c0887c4fca6114fd52418f09cc8a78145"
".venv\Lib\site-packages\numpy\_core\tests\test_records.py","24041","bf9f2bc980a0e5c7f73d2afc6ec3550856eef6b52c11971e3d723f4f3a31af8d"
".venv\Lib\site-packages\numpy\_core\tests\test_regression.py","98150","2ce35d22f5090f47a101a64690200d4aa9ac35c6ac332091e5fcb46a5528d041"
".venv\Lib\site-packages\numpy\_core\tests\test_scalar_ctors.py","6896","45905353153fcf8ae0eead9f31c45c7bf558aa3520701bcbed2177b718edaf37"
".venv\Lib\site-packages\numpy\_core\tests\test_scalar_methods.py","14234","5aed9f0beaf9829ae8c32c5c19f6fbb152a4a80858ded25e3a1d948eb69981ef"
".venv\Lib\site-packages\numpy\_core\tests\test_scalarbuffer.py","5870","e7159682aad157528e9313d847b79e6916421a6a1cb3ad91c0493bafb8cce183"
".venv\Lib\site-packages\numpy\_core\tests\test_scalarinherit.py","2692","5958d1ae93642af41b3b69fe8e827b105ea51b5cc5713e29800340b6f4fb0b93"
".venv\Lib\site-packages\numpy\_core\tests\test_scalarmath.py","47374","0f9c6a872db7d3e0f81f44e50a5f0adc666fd90964ee0f71ba404e59374ff667"
".venv\Lib\site-packages\numpy\_core\tests\test_scalarprint.py","20165","7aec1d3bd76d57eed86356ffdfd9d6f21206fbb6877345ab04b0ce790bec9958"
".venv\Lib\site-packages\numpy\_core\tests\test_shape_base.py","32805","854adb28dfda1834c8fa8022da30e1ae12867c1d12e638cf9d351a8c11cfb50a"
".venv\Lib\site-packages\numpy\_core\tests\test_simd_module.py","4055","9a5f16bbabeb030c7b41bb3f9dfb76791d28dd3ba726e364113b55276ef5993e"
".venv\Lib\site-packages\numpy\_core\tests\test_simd.py","50241","3323bf5d85913170a654e8f0cf24e19c052fa30592873ee3a9f2435ff08841a8"
".venv\Lib\site-packages\numpy\_core\tests\test_stringdtype.py","101656","719af108b06a2123e747ed8bec8ac151c124a31082d0b4af2278ff0e8bf5687a"
".venv\Lib\site-packages\numpy\_core\tests\test_strings.py","61298","05414212a30b303be5715b5b5167bd7cef1934cac20cd1bc4de8d9e363890bbd"
".venv\Lib\site-packages\numpy\_core\tests\test_ufunc.py","145257","0174002e7dfcc44438747992dc39bac025fb9faa7c627d5c3dec40b062b049c6"
".venv\Lib\site-packages\numpy\_core\tests\test_umath_accuracy.py","4471","8a9dd7aa15ac6a2edd66efcb36aced2b1c6203555ad9799dad693f1374ba9c0c"
".venv\Lib\site-packages\numpy\_core\tests\test_umath_complex.py","24193","6cbb48d96597a231361770ec58ba96b76a4db96ad8593165a84484266c0e2130"
".venv\Lib\site-packages\numpy\_core\tests\test_umath.py","206665","c0c14ee391c2aa2da1dc02bef0b3e6cfa5920f162cfdb1c438cc5d5d67d20cab"
".venv\Lib\site-packages\numpy\_core\tests\test_unicode.py","13356","ebf84d0f78d172fd4c9263a98cac59486fae04a4b75af8d4cf7ae8ce08a6abc5"
".venv\Lib\site-packages\numpy\_core\umath.py","2176","3679c7c58c32c89fecb9f4e6e73606b9dd01ab350797c0d041484f6140fd359f"
".venv\Lib\site-packages\numpy\_distributor_init.py","436","879fc2abb22d0ebb75259a00874e1a3b9e195ec5d1464c86a0d1451fd4fed3c5"
".venv\Lib\site-packages\numpy\_expired_attrs_2_0.py","3853","7fba906bc3cd76d97be7f446ce120379a98e925458465aa5caf65a988b4e513b"
".venv\Lib\site-packages\numpy\_globals.py","4277","22fb9c5a81e206f4e592b5fef6d6d90c38be2ade565381de6b3d502b00f5a1cf"
".venv\Lib\site-packages\numpy\_pyinstaller\__init__.py","0","e3b0c44298fc1c149afbf4c8996fb92427ae41e4649b934ca495991b7852b855"
".venv\Lib\site-packages\numpy\_pyinstaller\hook-numpy.py","1374","d45a54e1d6d3d640ba23256b971c01ec14bf52a184ae36e3d1f8480e5d040d10"
".venv\Lib\site-packages\numpy\_pyinstaller\tests\__init__.py","345","977f1ba3b769a77bb595530f12b95cb7fe6e04b2a3df9cee4bfaf7e5eedcd7d7"
".venv\Lib\site-packages\numpy\_pyinstaller\tests\pyinstaller-smoke.py","1175","c6dddd97f0e3c6ecd54cfaea99598c3999b9fb6e30046d93c6575097bf17b758"
".venv\Lib\site-packages\numpy\_pyinstaller\tests\test_pyinstaller.py","1170","df5cd696f9400b6b1f85d7b0f7bc7c683bdc614695dd373fd02c0593ca6029a3"
".venv\Lib\site-packages\numpy\_pytesttester.py","5844","c4e6afb1ba88b1fa577f923dfc4f57aa524c5cd071fcb55f166ae8db7e81aa08"
".venv\Lib\site-packages\numpy\_typing\__init__.py","4744","790e275f35f7f953db317c79b288a3af4bba75954b2f12b9efdccc0709f786f6"
".venv\Lib\site-packages\numpy\_typing\_add_docstring.py","4055","7c7e5be29d8eb412eb27f3dc609cac56af1b4d6cae286bcce83428feaafda77c"
".venv\Lib\site-packages\numpy\_typing\_array_like.py","3483","f4faa8bee26c19f737c13c96e5a6c6aea54a7487fdbd01e095296e7586262a53"
".venv\Lib\site-packages\numpy\_typing\_char_codes.py","6718","cbb06821ed49fc157eefd3c840fd67f70550cbd9d231b0f7e20fc82c2de75111"
".venv\Lib\site-packages\numpy\_typing\_dtype_like.py","3814","d8dc806845aa0e91d68157596f23ca064a3a7293942933c77eb0b4439ec9029b"
".venv\Lib\site-packages\numpy\_typing\_extended_precision.py","449","de368d1d8e2a27058e0cb156be57d441138b6e57eaa850e33a5a7c6c79e13012"
".venv\Lib\site-packages\numpy\_typing\_nbit_base.py","3107","3dfd8ad7ebdf5923bf97dcd23a432067cb68e45a9daf1fa380d9ab368b410379"
".venv\Lib\site-packages\numpy\_typing\_nbit.py","553","7f2ad95e9da6633f861dc65126e0c36c23aaad84fcdd60b1ca7db669385bda8a"
".venv\Lib\site-packages\numpy\_typing\_nested_sequence.py","2725","e25e57fd1ac28930340979cf7e73c53b28a988e9a35436bf16b7fb6bffecd3f7"
".venv\Lib\site-packages\numpy\_typing\_scalars.py","893","3530803e5bd9302e23d9d1617c57a7ccb5c462e8f235def84bf008a267c97d31"
".venv\Lib\site-packages\numpy\_typing\_shape.py","254","93f44b7ebce45548be6fb8330958d8e5009f492774b1e85455e52370875c9714"
".venv\Lib\site-packages\numpy\_typing\_ufunc.py","163","968939421439689040469c95a1f7eb6deb8426c279bc0e83689e1a1d3794866b"
".venv\Lib\site-packages\numpy\_utils\__init__.py","3572","720c31649c81a85fd479cef84d179d0ce6cad2dd858878f576f9919ba61118bc"
".venv\Lib\site-packages\numpy\_utils\_conversions.py","347","bdeb5916a0b5a81f99f63bdced12ae53fe444ce6926e385b29afac570615f135"
".venv\Lib\site-packages\numpy\_utils\_inspect.py","7628","7e91db2f51b1edf970e071e39cd1cd37ebfc34ac755a01415a09d7f13e619626"
".venv\Lib\site-packages\numpy\_utils\_pep440.py","14474","319e59475fa8ff8900fbaf1871d51f90792a51fdf045c2b1426d3cbafd86a04f"
".venv\Lib\site-packages\numpy\char\__init__.py","859","8b630e262be4b53522e576e6e57776fff595950822bde89ee24f8c941d78f32a"
".venv\Lib\site-packages\numpy\conftest.py","9022","f9b620d8df0021ec3a0b0fc2cd6ee0092c03d2ce6fd97fba5c1acf9f3d583ef7"
".venv\Lib\site-packages\numpy\core\__init__.py","1323","9820d31b55275b7f297111b4b2291fee8136a0fe0ca4ef3a9dd1e3aae84bf395"
".venv\Lib\site-packages\numpy\core\_dtype_ctypes.py","361","a705de73fbe9f8bd3a9e7cc53baea6c2306e3e924f84809e727c9fbd6db210c8"
".venv\Lib\site-packages\numpy\core\_dtype.py","333","056f8616fbbc05088dfa3ebede6112496377210bfdc3cc0d6b7379de58acaf22"
".venv\Lib\site-packages\numpy\core\_internal.py","976","8bc51febcb6672f404998a11585dd8aa72460962371b165910079ccb97ae36a8"
".venv\Lib\site-packages\numpy\core\_multiarray_umath.py","2155","cecb572819703afeeadd88d575bfb39f8ca99f2c88e9f00673a6a190405abfe8"
".venv\Lib\site-packages\numpy\core\_utils.py","944","740699b5755684e1058b0995b33f0c9fbec7b329cc0ca859ec792b8c3d50def7"
".venv\Lib\site-packages\numpy\core\arrayprint.py","349","cec3adeef16ef9bd7feeb3e52abee21a1d769f80a6c33994fdf595d8279d3e2e"
".venv\Lib\site-packages\numpy\core\defchararray.py","357","e098c38e5eb601b93b7cda7e1d97ae35241434d28975d36ba3a983e9e7f882af"
".venv\Lib\site-packages\numpy\core\einsumfunc.py","349","716efdbe13c926c8b6a03fab5dcff0e442aae21951a35625caa2376679ac331f"
".venv\Lib\site-packages\numpy\core\fromnumeric.py","353","1c3ddee4fad88ed30e61008c5d3199960922930bd859cd5746e353e71852c558"
".venv\Lib\site-packages\numpy\core\function_base.py","361","cf96848971d0e000241df18b43cba5fe1be30962f69439203cb956244ff8c3e3"
".venv\Lib\site-packages\numpy\core\getlimits.py","345","4eeb74960fc7ca32571d27c1ddcd19d03bce47b6a6c5492ca88ff53293a55c0a"
".venv\Lib\site-packages\numpy\core\multiarray.py","818","9cde7878ff5dce19d8e28368541376abbc838c5d70ecf6cc431e1aee832a4d52"
".venv\Lib\site-packages\numpy\core\numeric.py","372","41ebfda1a0c019dc9b96b0e35570734d8d3af44f19f91dcf20e9c3a772ba5d16"
".venv\Lib\site-packages\numpy\core\numerictypes.py","357","08734e0a2982dc26ab91e8c73a6fab57b6fb6e6ca42252400215e3f76de92aad"
".venv\Lib\site-packages\numpy\core\overrides.py","345","c044c1f79bc7f4c4b0142deb837180506a332896c2b8a7553214bfcc2e5b694c"
".venv\Lib\site-packages\numpy\core\records.py","337","c5687bf135a43d9c59c79558d392626bcfb2d47c88ce412f9ab17c0622816faf"
".venv\Lib\site-packages\numpy\core\shape_base.py","349","05697e39fd4697c9ebd1e060b8321d29b4b987d39d98ef9564f51039ed9eeb66"
".venv\Lib\site-packages\numpy\core\umath.py","329","5e08172366d3211f4ee14dafc9f8288dad24288daaeec17774c0969ae91622a4"
".venv\Lib\site-packages\numpy\ctypeslib\__init__.py","206","a3da0c33afaf3b04b83d56a0785c97b21eb1db7850b5cb1e9a8015551de4b87c"
".venv\Lib\site-packages\numpy\ctypeslib\_ctypeslib.py","19679","0a816cf8be5b5e4b37b7ebd945ae34f268a32f5add29f8eec840c80abe8b2ded"
".venv\Lib\site-packages\numpy\doc\ufuncs.py","5562","08be4cd2df791bc62fe2d35350ebfd3902d7d668d96c848ea6f1d9b03dad8dbf"
".venv\Lib\site-packages\numpy\dtypes.py","2995","39d584de738ae5a26c0bf0e4e37c1b8a6cd414dccdf23da66a7141c3cede7681"
".venv\Lib\site-packages\numpy\exceptions.py","7955","1e04ff12b64b8937dc782bf4cb6758a1eb2d0e92add8847ae8c1eef8b015a4d2"
".venv\Lib\site-packages\numpy\f2py\__init__.py","2356","7f0a11323e09210a848ae2d5c1727f7d5867a338ca4d199909977d3192e49289"
".venv\Lib\site-packages\numpy\f2py\__main__.py","135","4c37accbfd9f0d7fa0dbbb89b78c972175b34a8af5dfc476b7657b1c51f0a809"
".venv\Lib\site-packages\numpy\f2py\__version__.py","49","bb7c84644859cd6f50c0b06acc510efb3643aac102887b378b174e9519eff49a"
".venv\Lib\site-packages\numpy\f2py\_backends\__init__.py","194","d5ed6ecbb6d9398af7d4c4f32b026b7b4869e714097266eb1323d64a58dbdf63"
".venv\Lib\site-packages\numpy\f2py\_backends\_backend.py","1195","f5cc5156b03ee70726d9f9d5751f85d3cb18c0605ff3d659edb979547a8a69b5"
".venv\Lib\site-packages\numpy\f2py\_backends\_meson.py","8870","f259e5961f9246c827a7023e7194d660b746f77c279245df8cc1f7b887a339a4"
".venv\Lib\site-packages\numpy\f2py\_isocbind.py","2422","415a11fe90ff6d8f488136921c7530ffc1018349a469fdc965fc212df1dbcf54"
".venv\Lib\site-packages\numpy\f2py\_src_pyf.py","7942","bba78b93f8dbc659d8deba0279b18093ac18ad827bf59414825f3d0a4d6e69f2"
".venv\Lib\site-packages\numpy\f2py\auxfuncs.py","27940","339180109c15234311192c4a57d913570d10373b176d152d566c17d5f72de28e"
".venv\Lib\site-packages\numpy\f2py\capi_maps.py","30576","9277095c261676b7ae69101177db29ed5672d7395f7655dcbb1298cd1b6ab9ae"
".venv\Lib\site-packages\numpy\f2py\cb_rules.py","25171","cd8137ef613fee1dfdc9d9f2251bf2fd0b77a2af6502475775c61730253e25bf"
".venv\Lib\site-packages\numpy\f2py\cfuncs.py","55740","b1ae936191be28cda93ec0b909ac9aa7c63210cad3f016bf83e62fcc2157d4bf"
".venv\Lib\site-packages\numpy\f2py\common_rules.py","5250","545581d89da17f9891d9429f5d9269dc34bfc30124ce9a8311015c57e573f432"
".venv\Lib\site-packages\numpy\f2py\crackfortran.py","150558","35fe9e8cf2106a454991eda779254a7831a04521e53583edf888adc43446943e"
".venv\Lib\site-packages\numpy\f2py\diagnose.py","1360","b44800865518a1165666730dd3395d224957eb95e6c4c5d35a73b8db6ad92269"
".venv\Lib\site-packages\numpy\f2py\f2py2e.py","28181","706064c80499068fef0801b03d162bc7e454b54de6ea92ecd9b905c56b83e13b"
".venv\Lib\site-packages\numpy\f2py\f90mod_rules.py","10341","d9e60098e40b133984308e8d281e55d0a04f847f6b8f9a2448eb5c4b6b35973a"
".venv\Lib\site-packages\numpy\f2py\func2subr.py","10371","860e8775ab8ccb864bc9b143214d155b0331247c31dcf5459346305cb76fd685"
".venv\Lib\site-packages\numpy\f2py\rules.py","65393","45115b1986cee687c829ca5fc510a54aac83a574a103bfe9ead6a07895b0b904"
".venv\Lib\site-packages\numpy\f2py\setup.cfg","50","f36f2ccb726f2663335712e40becb497170431a0d39cc73797d756a8fe236278"
".venv\Lib\site-packages\numpy\f2py\src\fortranobject.c","48832","2919369a8fb77e20662f7fe0d73e4c72c9da1f427888373bb4ece6de0bd2cdda"
".venv\Lib\site-packages\numpy\f2py\src\fortranobject.h","6026","4bd2ad8e520501f334980e7dca7da01410d50db70a18798164d945b99264e8d2"
".venv\Lib\site-packages\numpy\f2py\symbolic.py","54828","60529779e2dbe69abd7010c72dc251ab57840a94e58f4c5002c37c20a6cc5a05"
".venv\Lib\site-packages\numpy\f2py\tests\__init__.py","345","977f1ba3b769a77bb595530f12b95cb7fe6e04b2a3df9cee4bfaf7e5eedcd7d7"
".venv\Lib\site-packages\numpy\f2py\tests\src\array_from_pyobj\wrapmodule.c","8653","afd2c5c6769b98b960ccb356214ad935b85b430c2797e0a39a54d1ed841a9dcc"
".venv\Lib\site-packages\numpy\f2py\tests\test_abstract_interface.py","837","d9f4e6a79fb22da34ab56bcfd2343afe4aa4c9623bde4823225ec0adadb97082"
".venv\Lib\site-packages\numpy\f2py\tests\test_array_from_pyobj.py","27138","005f9a0913254590ec0bdabdc59d3fee90f341176905b60f3ea7e3f8defdf7c9"
".venv\Lib\site-packages\numpy\f2py\tests\test_assumed_shape.py","1663","421326093b288f9a3e02dbf6c522a1224d71e8e0c40f68c73bd26c5684c2bb34"
".venv\Lib\site-packages\numpy\f2py\tests\test_block_docstring.py","455","33bf1ad230778589116f03134f14e960513f1e84c5a64f26877d9e16fc5afb4a"
".venv\Lib\site-packages\numpy\f2py\tests\test_callback.py","7241","9b9652fe8276b557e18b126a72a4fc5906e7ed4f32644420031b604c94b406a3"
".venv\Lib\site-packages\numpy\f2py\tests\test_capi_maps.py","406","83900c3786b376c58415480efaec91dd47a6303a3fb55ddea37b3a904a9f3e8c"
".venv\Lib\site-packages\numpy\f2py\tests\test_character.py","22625","46104701de518d9e68bf7762471a5500506ee4bae8ca9ae50fb424200b64b01f"
".venv\Lib\site-packages\numpy\f2py\tests\test_common.py","686","3de5c95d6153c2d05ab471300b1acdda2b70f967a70f277080885c48bb34d41c"
".venv\Lib\site-packages\numpy\f2py\tests\test_crackfortran.py","16946","549de0bb0ce8ee99970f58e27ec1f81022346252abb16b1b92e953c99c0fb85b"
".venv\Lib\site-packages\numpy\f2py\tests\test_data.py","3019","87fcad3f436167cb19c466befe7e349f8349fddade49e4c031d8ae09b76ef7c6"
".venv\Lib\site-packages\numpy\f2py\tests\test_docs.py","1996","630205406bb88300ab9cd4348b83b7b02b3f642c28be0af67c6b75dc3adf29b5"
".venv\Lib\site-packages\numpy\f2py\tests\test_f2cmap.py","440","9e43ebadc6be654fa59d4174c82bcfc27d71383c8b3699ae7ac49d872cef1187"
".venv\Lib\site-packages\numpy\f2py\tests\test_f2py2e.py","29979","99e83c1d347fa0bd6b4ccf07524b2e05a5142e3d75508e7cb4ce486a550162c8"
".venv\Lib\site-packages\numpy\f2py\tests\test_inplace.py","1725","ce0bf1caf0bf0f755f4a5b8ed9545ea48b6ea84fdeb9394349dc55bef6ac9722"
".venv\Lib\site-packages\numpy\f2py\tests\test_isoc.py","1486","25cabeeb5b2a66956fb91e538e5879111fc61b5aa2283ded34da854bd8ecb48f"
".venv\Lib\site-packages\numpy\f2py\tests\test_kind.py","1916","da0a980876f0542162e94301363b2562927d33062b682474909183bfa17c8a8c"
".venv\Lib\site-packages\numpy\f2py\tests\test_mixed.py","744","89b4cc22e89e3cf1ceb9e94217c06cbdc15bdc17a2965240457f3872b613a00e"
".venv\Lib\site-packages\numpy\f2py\tests\test_modules.py","2549","0cc5f6568966fea1d04bd45a453ae0a1adb6bf76459f3b325cfe17488018b055"
".venv\Lib\site-packages\numpy\f2py\tests\test_parameter.py","4575","4f7e256e687989d77963bdcd428c968f6f04b988db97c938d84211be022a8a29"
".venv\Lib\site-packages\numpy\f2py\tests\test_pyf_src.py","1177","4e0f0fcf2a58d4fda975ade4d956ee297f7b5420fb0ad760c896a33fe53b0087"
".venv\Lib\site-packages\numpy\f2py\tests\test_quoted_character.py","622","16d68de0eca6c1650321c2b280d78f91d49ca1d1100b3a7ccf6afffe82b88b53"
".venv\Lib\site-packages\numpy\f2py\tests\test_regression.py","7000","60e0e18716070de540b93997f3a22f4dcd25c711081da487f6cdd88089f2b534"
".venv\Lib\site-packages\numpy\f2py\tests\test_return_character.py","1582","6ddaf2668e5f5df4d4137e4cdfff200ea3c26bd44ab64c513aa05c9d38eec18a"
".venv\Lib\site-packages\numpy\f2py\tests\test_return_complex.py","2507","d4d6fa22c45fcc74c20a20535399c7a18dfac3ef948768284de74af9df17adce"
".venv\Lib\site-packages\numpy\f2py\tests\test_return_integer.py","1868","5f78580095fd41a0b4318b085e0d4fa3e15187828244dd0a5b45055697640f0c"
".venv\Lib\site-packages\numpy\f2py\tests\test_return_logical.py","2132","a5d161a20acbb38cbb3fff07ecc61fd622f3e935987c49c8a369493b58777548"
".venv\Lib\site-packages\numpy\f2py\tests\test_return_real.py","3382","7bb236ece99d24608343dbd7d76536f4cdd608e726535291b22bd16fa0642afa"
".venv\Lib\site-packages\numpy\f2py\tests\test_routines.py","824","ea1381f119f833e30280384a328a88dd8227dbbe30c9607368b4e3ac9ad3602c"
".venv\Lib\site-packages\numpy\f2py\tests\test_semicolon_split.py","1721","74a67db6aa0661c12f7d3577d434638ea03b5abefb451494a78132b21ea3aa35"
".venv\Lib\site-packages\numpy\f2py\tests\test_size.py","1264","64583938f18e02410df69e417fb61254f88a649d375a25344283d85c6d560cbc"
".venv\Lib\site-packages\numpy\f2py\tests\test_string.py","3072","b80f12af0db6e7cc91193eaac0bb7efb93243a5c185a88d1e8cdca73a58136bb"
".venv\Lib\site-packages\numpy\f2py\tests\test_symbolic.py","19080","6dc63bdc0b1bc810b0a4719cebe64127d2a60d9f64a32c584cdc19875e9887b1"
".venv\Lib\site-packages\numpy\f2py\tests\test_value_attrspec.py","341","c80c22bb6785549fdb958d637be9ba5a84966d98be03a98527e6c96a783f2f6c"
".venv\Lib\site-packages\numpy\f2py\tests\util.py","12600","87d16a1b95457268931d272b6bdebd6562aaba9639a0dede16a95d176328df0b"
".venv\Lib\site-packages\numpy\f2py\use_rules.py","3513","9a94b00eac5f5538d7e3cc84af85a627ccedc928c27e64fb1078380e631bd794"
".venv\Lib\site-packages\numpy\fft\__init__.py","8369","1bb36beaba498203757b73e01a0804c45e848bf5adf27e7b7902177f9bedccb3"
".venv\Lib\site-packages\numpy\fft\_helper.py","7032","4efb88c548d3c382f3c97963fff7759eec15ba46dd322f255457238a51ab8aa5"
".venv\Lib\site-packages\numpy\fft\_pocketfft.py","64302","93293d4fc32f331f3a6ac83b7a867e82f62e78d9104a3141c61733111ad272ae"
".venv\Lib\site-packages\numpy\fft\tests\__init__.py","0","e3b0c44298fc1c149afbf4c8996fb92427ae41e4649b934ca495991b7852b855"
".venv\Lib\site-packages\numpy\fft\tests\test_helper.py","6321","61f7f81176acc87fa70fa77211c65f5f883ad598d070063b5c77d02e75c8d446"
".venv\Lib\site-packages\numpy\fft\tests\test_pocketfft.py","25770","8a17d9ddbea51020e7867b2b1ceb6005b52b3d3a071dbc868eabfe2d65cf56c6"
".venv\Lib\site-packages\numpy\lib\__init__.py","2784","0ce3331e49ee0df28b302688cd034fb3fd090113a48f3a8e59ef3c7844dce2f5"
".venv\Lib\site-packages\numpy\lib\_array_utils_impl.py","1766","678bae7c8bb8ffd1192e59e711589f850340923820226e1ca6d2f85cd027338a"
".venv\Lib\site-packages\numpy\lib\_arraypad_impl.py","34445","ac7fce53a5efa26de5e29d836eb840ad020f8ec8ccf4438dc6d4aa28dcf177a8"
".venv\Lib\site-packages\numpy\lib\_arraysetops_impl.py","38499","1154611100aa471ce1794ebcbb9906812f29925b3fb1448cf565daf59f58de1a"
".venv\Lib\site-packages\numpy\lib\_arrayterator_impl.py","7442","1d4b422c15dc1bb982e405f72ae25c0e31c3f4510f85e09c1f2a53e8fb52b306"
".venv\Lib\site-packages\numpy\lib\_datasource.py","23423","dbbf26c57ccd4d2dc435304f4418f967411261230fa2f9850e1788f57db7ea1f"
".venv\Lib\site-packages\numpy\lib\_format_impl.py","37920","0e46ac1ee13b0e49a5342aa037dfbc8da0bbe1aadf5e0d149e1edaf9590fd80c"
".venv\Lib\site-packages\numpy\lib\_function_base_impl.py","200049","fa1bc6ea934df034fec66d690605c7cca54fc2ab430e6dfa96b10b6c9576cba0"
".venv\Lib\site-packages\numpy\lib\_histograms_impl.py","39523","773fe670440f30c1498417cfa36eed094a5a87162d16d7119a98938f73bc03bf"
".venv\Lib\site-packages\numpy\lib\_index_tricks_impl.py","32571","3f2a02c7c241ace7b73e7d9c1044dbcdf2d1f954f9060fa895ae306bce57a185"
".venv\Lib\site-packages\numpy\lib\_iotools.py","31789","5ca1fc42347e4b20b331b066d7689fabafe27791a897ddfed609c39086d635a7"
".venv\Lib\site-packages\numpy\lib\_nanfunctions_impl.py","73411","a0664d8d7cf2ebaa5baf0969d1742c2508ccbed89113cc2dba53fb34b54cf79b"
".venv\Lib\site-packages\numpy\lib\_npyio_impl.py","98775","749b07678d02700c57dddfbccb50880f75ca5a5f0e1cd17d41f9541af51bdc6e"
".venv\Lib\site-packages\numpy\lib\_polynomial_impl.py","45689","2924662b87b32bbf0b50e4656aa454a5c73a645c6b2ba11d794107b3b3b8573b"
".venv\Lib\site-packages\numpy\lib\_scimath_impl.py","16326","563cac448db898c77819a684cb97b59e90110dcd3f4ca810aaae9346888d7406"
".venv\Lib\site-packages\numpy\lib\_shape_base_impl.py","39107","ec55b38a78c5eea46aff544cd7ddf766774b9e5e606539500cbcfd6e8b9f0287"
".venv\Lib\site-packages\numpy\lib\_stride_tricks_impl.py","22028","3c0d26a3083be9285cae8b053e71cecc7ac60009a3529429876111c05d38fee3"
".venv\Lib\site-packages\numpy\lib\_twodim_base_impl.py","36484","cc80c3563ebf1fed60a7fff0c0ba006ea7dbe476bbf069cd35549305d69cd076"
".venv\Lib\site-packages\numpy\lib\_type_check_impl.py","20818","de876218e8874c0ee3f575859398b2f00a24a00f94452a12e84723caf7c8eb14"
".venv\Lib\site-packages\numpy\lib\_ufunclike_impl.py","6631","13bb347e660f99ef0107f5ecc737d5f2f83199e3a9dc8bfe7dcd7010fc178792"
".venv\Lib\site-packages\numpy\lib\_user_array_impl.py","8336","3598bba7475236812650de0a475681d7f81ff6bd256007bfad3d55359090739c"
".venv\Lib\site-packages\numpy\lib\_utils_impl.py","17392","12ba291eb095f685fa2d04f25d12518d5fd13039680d0f83769004b2c0cad748"
".venv\Lib\site-packages\numpy\lib\_version.py","4936","275a6aba3384e11fe41fb475cb1b629b06d6551c43367043f365c867d972d726"
".venv\Lib\site-packages\numpy\lib\array_utils.py","151","ce6ad421595e5845b397d5e31295250d4407b7da9b6eccadcaefe32e3f8e8271"
".venv\Lib\site-packages\numpy\lib\format.py","501","8a2f0c45098f6759c06aa9cca9e62d2a074d44fe76899b073e8e6b383976d143"
".venv\Lib\site-packages\numpy\lib\introspect.py","2843","1c1c92ad97cae677a27a58e9f6adbdb7b04f6a0f1c15fa80b83f278e02436778"
".venv\Lib\site-packages\numpy\lib\mixins.py","7375","b98fb87429b3be218fd64a5f92cc522e7fff100fe84f098bab2af80e5fca034e"
".venv\Lib\site-packages\numpy\lib\npyio.py","69","118e7fb6a1a9951a3e077709b6abdff470b7e2740aaf924d832ca41d68f9abf1"
".venv\Lib\site-packages\numpy\lib\recfunctions.py","61205","2aee2c54ba889c07047e4385b8cfb6a943a410148651aaeba2b29a4e390228d7"
".venv\Lib\site-packages\numpy\lib\scimath.py","182","de7b18a85746a28d1d6a76879c62bc42bcf4000037d531d45f4aa742ca797aef"
".venv\Lib\site-packages\numpy\lib\stride_tricks.py","89","a976a7f7f5295c50280cb040689d7061bd01f3a0e03f8f28829e6c52edecd4bc"
".venv\Lib\site-packages\numpy\lib\tests\__init__.py","0","e3b0c44298fc1c149afbf4c8996fb92427ae41e4649b934ca495991b7852b855"
".venv\Lib\site-packages\numpy\lib\tests\test__datasource.py","10891","39877602699002d778d007e5fa9e6ca23e339e8da81a1ffa5da87d435244f92e"
".venv\Lib\site-packages\numpy\lib\tests\test__iotools.py","14188","f811607ca4a9c610d7b67ece2bfa6e07d7ca2a290141a0324bf0bc749bdbd0a3"
".venv\Lib\site-packages\numpy\lib\tests\test__version.py","2063","23af9ccabffbc354d4bc2db9851d604c4df1f12f904405d1b01e088cfc58ded8"
".venv\Lib\site-packages\numpy\lib\tests\test_array_utils.py","1150","811b2a97d2347fb45093ed5bf223dad630d9b1dfdab82174e7eba5c410957cde"
".venv\Lib\site-packages\numpy\lib\tests\test_arraypad.py","58043","9a54c1c8de6dbd1952420dc918d63a1a444e2d2fd991789e4a406cb7e0ade079"
".venv\Lib\site-packages\numpy\lib\tests\test_arraysetops.py","49141","a05c2b1488f684e050cc8404c4753496b257f5d182af2a4d12dae870778e4da1"
".venv\Lib\site-packages\numpy\lib\tests\test_arrayterator.py","1341","e168a7c8407996260c192ffff2d09e64972838390d30575230f165e16f82ff2d"
".venv\Lib\site-packages\numpy\lib\tests\test_format.py","42435","d84719675aa9443dca2936bd4673d55486b4b20906532ebc67bf406e9b6b82f3"
".venv\Lib\site-packages\numpy\lib\tests\test_function_base.py","184302","021e70cbeb27e4b44d83b14209f07148530c530e70e3c2fede9e24f29f841752"
".venv\Lib\site-packages\numpy\lib\tests\test_histograms.py","34806","b9e4097a95bc912fbf7f622c757c442889178b687071a0c9c360f7bb75a10820"
".venv\Lib\site-packages\numpy\lib\tests\test_index_tricks.py","25391","55db692bf3f501548103eb11bf58ea108ce3376c3bb5cd65b10573bd3eee6019"
".venv\Lib\site-packages\numpy\lib\tests\test_io.py","108777","cf4ea555882addc8dca7d29acd0fffbdc8d9a51d38550da04efb8f4a9688ccdd"
".venv\Lib\site-packages\numpy\lib\tests\test_loadtxt.py","40049","425fc7b26b327e04908bd8eeb09426a713a440e0be0b31cc32fd7b862aac5576"
".venv\Lib\site-packages\numpy\lib\tests\test_mixins.py","7224","7966853648e8fc83e53f8fbb4feb22b6966a84082350e8ea92095468f21d5970"
".venv\Lib\site-packages\numpy\lib\tests\test_nanfunctions.py","56206","da39c0eab86659489ed35d9d0797f5c39d6d65496daf21ed9583d1613740bc46"
".venv\Lib\site-packages\numpy\lib\tests\test_packbits.py","17882","feb112288bfa83c35625f97e14e0912fa50a94d2ba886ec8d39b949c187e10f3"
".venv\Lib\site-packages\numpy\lib\tests\test_polynomial.py","13060","8232cc3252637413208c576bc0c90a84666c73efbf09f43e3d47ee3ec5ea7631"
".venv\Lib\site-packages\numpy\lib\tests\test_recfunctions.py","45015","0db6d6742e8abd2df3eb37a47b172ce28ebf76b4f0b461aadd02db6bf8583ebc"
".venv\Lib\site-packages\numpy\lib\tests\test_regression.py","7947","e94b3e3d958d553fff216e2f8f6fab03bed2761a5aa2aa3efc98324955cbddd8"
".venv\Lib\site-packages\numpy\lib\tests\test_shape_base.py","28219","47ae593c17d69efcc8c88ad86f2240501510a836d95f780dd33c7cb02c9d8ca7"
".venv\Lib\site-packages\numpy\lib\tests\test_stride_tricks.py","30869","c4d67b0e7e15bd24f4d10eb9063a62f77484b978171e109bc40c3387c79ee7f2"
".venv\Lib\site-packages\numpy\lib\tests\test_twodim_base.py","19743","fe403102fb42ffdee4f9a88a2109a15f2dc9a2a43baa7075f232b45fec4fb631"
".venv\Lib\site-packages\numpy\lib\tests\test_type_check.py","15269","53368e62a34e5a3480c62babe85b4444010c21f63193ce272ff969783246cf15"
".venv\Lib\site-packages\numpy\lib\tests\test_ufunclike.py","4080","b679599f7f7d9ab52ad01cb991c834af5637fdeae860c23eaf632f0ce692eb27"
".venv\Lib\site-packages\numpy\lib\tests\test_utils.py","2454","f57b4301aefd3792ceaa92d41ca63cf1a8d1b98da02f344cc89d5daf2ff87645"
".venv\Lib\site-packages\numpy\lib\user_array.py","64","e73efe85f5e7593e4eab8fd63e78cd5863dcf511d4599732ab82fd64cde49064"
".venv\Lib\site-packages\numpy\linalg\__init__.py","2171","cb491584b896825cd10be0fa03ea70d7ccbfa7a1143d2e7acc772543209cb560"
".venv\Lib\site-packages\numpy\linalg\_linalg.py","118366","76ee5b752078b400b2ee9a946a7bc50b16d98034cb8a5f4a43d6d94af00f6d22"
".venv\Lib\site-packages\numpy\linalg\tests\__init__.py","0","e3b0c44298fc1c149afbf4c8996fb92427ae41e4649b934ca495991b7852b855"
".venv\Lib\site-packages\numpy\linalg\tests\test_deprecations.py","637","c0492f60fff493e8aaa55261f9b8608c583aef0e13094b6111ee1a752480f13f"
".venv\Lib\site-packages\numpy\linalg\tests\test_linalg.py","89130","b0cff0f7dc5a9b39f7d45c640dbb1d5e6d4cc30bc454e13e6d1e76fef171986e"
".venv\Lib\site-packages\numpy\linalg\tests\test_regression.py","7260","c5095af4e539a3a63f545b424167aaf57910f6a16c2e7a7bb88bef14330ee6ee"
".venv\Lib\site-packages\numpy\ma\__init__.py","1459","661d878a5e2c74d3647fed1a250ae738f991911c11e2b380ce137e9f7447b1b5"
".venv\Lib\site-packages\numpy\ma\API_CHANGES.txt","3540","537f7303ceda33f38826110abc780bd5163596130965cd588f70c62f06cf6c5d"
".venv\Lib\site-packages\numpy\ma\core.py","301140","67012b24acbc850d0e1ae4b1507d9bd707e45a7eed63d113579823329f283c0a"
".venv\Lib\site-packages\numpy\ma\extras.py","70068","a609dee373145723924862b96c8063b1288d0603f35f498e9b0af7580199d1e4"
".venv\Lib\site-packages\numpy\ma\mrecords.py","26311","aa9609bd2ea5cfde2452fe3ebddbf3841e3c6f5d8e2207cb4ab3390d60342604"
".venv\Lib\site-packages\numpy\ma\tests\__init__.py","0","e3b0c44298fc1c149afbf4c8996fb92427ae41e4649b934ca495991b7852b855"
".venv\Lib\site-packages\numpy\ma\tests\test_arrayobject.py","1139","6a9d3a0b46b474659c3a49e972d6e12dbcc748d77633da7f24bda3112a810469"
".venv\Lib\site-packages\numpy\ma\tests\test_core.py","237923","83910de2a193043c32f11ede183934e64da22ba13c5ca4fd414a2c02d4d7bb68"
".venv\Lib\site-packages\numpy\ma\tests\test_deprecations.py","2416","a1d591292beb61112dfba81e5e0c1a5383dbf4366c1492889a6487a214f36d9f"
".venv\Lib\site-packages\numpy\ma\tests\test_extras.py","77206","045b8f5185ad57a6ecd9e016ec0ef8085ad6d3010cef392c5e56ee7d7bf8f34c"
".venv\Lib\site-packages\numpy\ma\tests\test_mrecords.py","20332","bd06fb23b6f8fe3aabdf5605109887ed760e19c3060263862aadac11260741d9"
".venv\Lib\site-packages\numpy\ma\tests\test_old_ma.py","34042","fd866525f8c4071cdcacfad29303c587bd635982bee6596019847a7fe1671975"
".venv\Lib\site-packages\numpy\ma\tests\test_regression.py","2802","5c4c4c078e81616c81ee5e8a87d88320926e3f3f8899b89fa7544680c560a8b9"
".venv\Lib\site-packages\numpy\ma\tests\test_subclassing.py","17439","82f031734bcb439b238804404f2dbc3544b431ca4d912c213c97e9392106bef7"
".venv\Lib\site-packages\numpy\ma\testutils.py","10507","1d8f2caedde41f79483a8f5c6e1d5c434dbb122902b2f38b2a22735894cab36e"
".venv\Lib\site-packages\numpy\matlib.py","11017","38459454fb70b1f78d346e4943cd3b0d02e7b857757a44c6f44ba1f1bced09a6"
".venv\Lib\site-packages\numpy\matrixlib\__init__.py","255","68f5db68de0e603a7d4c503c906cedda04c11dbde8f0d6a7c3eb8cff75e80c5e"
".venv\Lib\site-packages\numpy\matrixlib\defmatrix.py","31951","a766d971656d0ae22697aa8afc2b027dbef631915694ceafb2725ac0b47a37fb"
".venv\Lib\site-packages\numpy\matrixlib\tests\__init__.py","0","e3b0c44298fc1c149afbf4c8996fb92427ae41e4649b934ca495991b7852b855"
".venv\Lib\site-packages\numpy\matrixlib\tests\test_defmatrix.py","16253","674652546a1c4a26cd5dbe3c8465af12589506067ba7ee85d66af9dbb23a5106"
".venv\Lib\site-packages\numpy\matrixlib\tests\test_interaction.py","12234","d679113d699f59fcce4bd1a3c0e415d43f8a7bd5ba52d91dc2e30c55871121c8"
".venv\Lib\site-packages\numpy\matrixlib\tests\test_masked_matrix.py","9062","10352e2a61e06a9fce26e29b5a63acbce14a0a148b6ac0ec8d7af6d0efce8d2d"
".venv\Lib\site-packages\numpy\matrixlib\tests\test_matrix_linalg.py","2341","73b95d27ac46eba16f247e450f64d2afad7b13d3df3cc630900ceb8e14f15586"
".venv\Lib\site-packages\numpy\matrixlib\tests\test_multiarray.py","572","5a0531a48c576f3a574d39edf221b41c2e91a00713524d0fb0488c1d3db7eb51"
".venv\Lib\site-packages\numpy\matrixlib\tests\test_numeric.py","465","e170b53b69afecd6183f5b224fa234600cfe0ae865c3a64df43bb6166094cfc6"
".venv\Lib\site-packages\numpy\matrixlib\tests\test_regression.py","965","dbe73807968a59bc9267de51946e56526f0e2c13bbb0bb4cdb323340cc0cbf45"
".venv\Lib\site-packages\numpy\polynomial\__init__.py","6913","ca738713531cf5e05930d96ba1a13d99e216ef0664be8edba468c58ed0c1fc05"
".venv\Lib\site-packages\numpy\polynomial\_polybase.py","40549","f18813712540e27472213bd67ebbee14691701d441f02734d51ddc30269adb02"
".venv\Lib\site-packages\numpy\polynomial\chebyshev.py","66272","0c4128fe70844a0a2065e1bf10d45d6a2e67c3d609a2eeddd2997352bc14857c"
".venv\Lib\site-packages\numpy\polynomial\hermite_e.py","55902","9460757715d9ab5bd8194c24bd209d2aaee7379718a465c04d625c4f3fac35b2"
".venv\Lib\site-packages\numpy\polynomial\hermite.py","58441","2b5c2d1372dc9371788724a81c2c594e38276ae06da36bb16f45cbf2bbe58ee5"
".venv\Lib\site-packages\numpy\polynomial\laguerre.py","56244","804de8a948c9558e507749276bfa51b380c8107d803220f55d9daf7a7f33dcd8"
".venv\Lib\site-packages\numpy\polynomial\legendre.py","54678","57ee5c80beadacba8344fb999b0aa6fe15ff8b1df60ada2ed5137bc5334b4a7f"
".venv\Lib\site-packages\numpy\polynomial\polynomial.py","56517","028ea3e50641739e40749e33fcaeac1e24f2851a7c840cf4563728503468bf1a"
".venv\Lib\site-packages\numpy\polynomial\polyutils.py","23394","55b62b4ecf935b63cc106a8d203902420db4cabb46bcd91e50ea0b9e127b07d5"
".venv\Lib\site-packages\numpy\polynomial\tests\__init__.py","0","e3b0c44298fc1c149afbf4c8996fb92427ae41e4649b934ca495991b7852b855"
".venv\Lib\site-packages\numpy\polynomial\tests\test_chebyshev.py","21849","7fe5135413bbe97265577e1d7e01e0dc47c7725b59cfea2d0df42981ce406e6a"
".venv\Lib\site-packages\numpy\polynomial\tests\test_classes.py","19558","b1d8761c08599b56ad6e2f0a4ce2acd81b02ca3f8725ef2ee73271552e811800"
".venv\Lib\site-packages\numpy\polynomial\tests\test_hermite_e.py","20170","a5d33270b2e3b6e78f4a83ea8f4934cdbd9746d0b5292984d26bc9a2726b9850"
".venv\Lib\site-packages\numpy\polynomial\tests\test_hermite.py","19821","c55bea318b914200473aed399682a20e3c23266d54e33930cdb4c59336bce9d8"
".venv\Lib\site-packages\numpy\polynomial\tests\test_laguerre.py","18744","7f27e197cb6621bd93f73076bfd292aa194e859a56463920d9d99065f96602a5"
".venv\Lib\site-packages\numpy\polynomial\tests\test_legendre.py","19943","2423f768c274a333cee8bc780dd7eeb1f0c86dac4a0739a2ec34f034fe9db22a"
".venv\Lib\site-packages\numpy\polynomial\tests\test_polynomial.py","24908","7df582f73c8da049e154a55972ec84de99cebb0eb53bde57134d8729fbc5d597"
".venv\Lib\site-packages\numpy\polynomial\tests\test_polyutils.py","3882","7e6676c6aa3af9e6acd7033e41e9421230769457b338f3ee015843b2ef9da4a7"
".venv\Lib\site-packages\numpy\polynomial\tests\test_printing.py","22183","5b394dab7dc04c0354cb7875e206b2a884aa17161e232bd0cefe13cda25d8640"
".venv\Lib\site-packages\numpy\polynomial\tests\test_symbol.py","5592","24d174cade719941118df94b3b2746d69328eb03112ed68f0dc61492f5dc0fea"
".venv\Lib\site-packages\numpy\random\__init__.py","7693","f21e391916d7a4bd74c49ceac3f9fa5e09e6e9263f254602a87e92a5e0a7a946"
".venv\Lib\site-packages\numpy\random\_examples\cffi\extending.py","926","36b894a6d429cd70ef6445db25b4ff0440eae6b03049e1ad695abb95234623b0"
".venv\Lib\site-packages\numpy\random\_examples\cffi\parse.py","1803","da1cb9ef7eacfa82f9b98be541ffda729a3bb2b042f167df7cb52131c9b6d7c7"
".venv\Lib\site-packages\numpy\random\_examples\numba\extending_distributions.py","2103","bd076184ea6e1a5a46f2193e98a5afecb8b7fabc2f7a5bfed5cebba1dbabb7da"
".venv\Lib\site-packages\numpy\random\_examples\numba\extending.py","2045","9a8d28e1533e2b5bd4431365fd4aabdf901c8fd51ec27920952efe7455fccaec"
".venv\Lib\site-packages\numpy\random\_pickle.py","2830","f1f994720cc786afc5fdec9eb0d51d163574ec1af5cb32c12ec7def865b242b1"
".venv\Lib\site-packages\numpy\random\LICENSE.md","3582","b4bc2f4fa1c95778f1ed3dd8f14706bece399475b978f9f34b5d3cd72521b48a"
".venv\Lib\site-packages\numpy\random\tests\__init__.py","0","e3b0c44298fc1c149afbf4c8996fb92427ae41e4649b934ca495991b7852b855"
".venv\Lib\site-packages\numpy\random\tests\data\__init__.py","0","e3b0c44298fc1c149afbf4c8996fb92427ae41e4649b934ca495991b7852b855"
".venv\Lib\site-packages\numpy\random\tests\data\mt19937-testset-1.csv","16845","6c0e6eb8e5e02e9900c098df57ca1478f837f9ec9a1f8fa029ef0031c9765e7d"
".venv\Lib\site-packages\numpy\random\tests\data\mt19937-testset-2.csv","16826","4a738bd67c916db958942db9e0f05449cdfb360b95e7137ed16fc1df62310c61"
".venv\Lib\site-packages\numpy\random\tests\data\pcg64-testset-1.csv","24840","c07a12edf211de130476d6bb32d27c1292165fe070d727d2695c620b5e6fc55b"
".venv\Lib\site-packages\numpy\random\tests\data\pcg64-testset-2.csv","24846","eaf96756e5bfe22e8b12c567e9be341e37015968e85f995ba120810e90ebcc5b"
".venv\Lib\site-packages\numpy\random\tests\data\pcg64dxsm-testset-1.csv","24834","16185ae7e8eb0a6464fffaecbf1e826c3159ec43dcf0138f0d387e9b264b9213"
".venv\Lib\site-packages\numpy\random\tests\data\pcg64dxsm-testset-2.csv","24840","98d63390287434cb7556f4eb374f016e4a406df905c73b4d72ca1f81e5bfd27b"
".venv\Lib\site-packages\numpy\random\tests\data\philox-testset-1.csv","24853","42fa53ca7587423a93cf73f630fbed30b760d959cce93193a57829fbf2de2798"
".venv\Lib\site-packages\numpy\random\tests\data\philox-testset-2.csv","24839","f8134ed4e098b432239cde50f80b107b30421a6549508b37a803328fc48db6c0"
".venv\Lib\site-packages\numpy\random\tests\data\sfc64-testset-1.csv","24841","b2091e996d256ca276c21d6c063e827e65f01584ea7c0935e763f4afc7a63b7f"
".venv\Lib\site-packages\numpy\random\tests\data\sfc64-testset-2.csv","24834","9a4a76d521bc782aac7cdc9065d9a2578d7ec4a72c57c7aeb53eeb5675441b9d"
".venv\Lib\site-packages\numpy\random\tests\test_direct.py","21472","901e266f2c4e3b7e6310a9b9d10b77687039cb77b311d32e5f93ee33944f8bff"
".venv\Lib\site-packages\numpy\random\tests\test_extending.py","4718","1021c68c8755925a6048e203d662c05aa4df0a753af119c20a7870c456b51494"
".venv\Lib\site-packages\numpy\random\tests\test_generator_mt19937_regressions.py","9568","12d22fecbb47fe643ef6a7ef8d5480d68fda197bb4b6a3cd9d6bef5a39c3f9e7"
".venv\Lib\site-packages\numpy\random\tests\test_generator_mt19937.py","121865","bbe1c12fbca39b679c482ead046b167d51a56c664965636299adbe897d8cef53"
".venv\Lib\site-packages\numpy\random\tests\test_random.py","72954","541c4c5be2ae76235ec8798ff04374496502d9c523aef6a9330bee34a1f5f071"
".venv\Lib\site-packages\numpy\random\tests\test_randomstate_regression.py","9568","e595daccb4e630ab7f0800d564a07b76641cb0479b9d458a557d025c7e5802ad"
".venv\Lib\site-packages\numpy\random\tests\test_randomstate.py","90157","530f860aaa35cd4dfecafacce772da2087a790a8161626ef849c7352f6a03dbc"
".venv\Lib\site-packages\numpy\random\tests\test_regression.py","6418","26a077b0113a32e4e92c8216c4b9a17e01797fbb5d749578427130eba67ebf3e"
".venv\Lib\site-packages\numpy\random\tests\test_seed_sequence.py","4075","e1557c7e0a1399f0ab05d164a61ca7a5a579bbd89d534160d230729486ea809a"
".venv\Lib\site-packages\numpy\random\tests\test_smoke.py","30821","6fa0cbfad684c3b83af53d0ce660fb37fec1d471a0414bf45704ded1b5f27169"
".venv\Lib\site-packages\numpy\rec\__init__.py","85","72069962aeb0e2a368f3535918ef84e2f9128fd7923b84a034c3aa88b825a789"
".venv\Lib\site-packages\numpy\strings\__init__.py","85","2732942185631b8c11cec29501583d5d6aeadaf8e3762ebbf4265cfd3c5f9f8c"
".venv\Lib\site-packages\numpy\testing\__init__.py","603","d10933d084df3ca1c37bd90e6ca4c4c777dd0c601bf6d7cc8a4a5d3ee89aa720"
".venv\Lib\site-packages\numpy\testing\_private\__init__.py","0","e3b0c44298fc1c149afbf4c8996fb92427ae41e4649b934ca495991b7852b855"
".venv\Lib\site-packages\numpy\testing\_private\extbuild.py","7757","8c229a59c019742aba52d97916a0c51d0182891296038a75bf144afc4093802d"
".venv\Lib\site-packages\numpy\testing\_private\utils.py","104289","b74466b5e87c9525033393e32c2c186c35dbd6f44dc6ede6e7839737e0f2f217"
".venv\Lib\site-packages\numpy\testing\overrides.py","2218","ae57664505dce5cf6312ce218210d7bc7038b090fb1ee31ca5f18c9b348c2fd2"
".venv\Lib\site-packages\numpy\testing\print_coercion_tables.py","6493","953f08748d7f95a9edc05546d02d096a03b4994c679d7080e709cf23cd5ccd84"
".venv\Lib\site-packages\numpy\testing\tests\__init__.py","0","e3b0c44298fc1c149afbf4c8996fb92427ae41e4649b934ca495991b7852b855"
".venv\Lib\site-packages\numpy\testing\tests\test_utils.py","83788","a08b9c8f6f8e6314cd43ff4f25425e265d1c3515ae2431838019a7a9b4f6b264"
".venv\Lib\site-packages\numpy\tests\__init__.py","0","e3b0c44298fc1c149afbf4c8996fb92427ae41e4649b934ca495991b7852b855"
".venv\Lib\site-packages\numpy\tests\test__all__.py","232","c59929dd16cc369c786c54ef20b295f0a4c4321e65bc877bc5cae1412e0b4ded"
".venv\Lib\site-packages\numpy\tests\test_configtool.py","1863","ce27858e7156a8eb322dbb4925820874c31d4e19039be825bcd1af377ff2ee8c"
".venv\Lib\site-packages\numpy\tests\test_ctypeslib.py","13950","f2af0656a997827f859051a6cb387b31d40efa9fd3b5d15089d46f43c424fe62"
".venv\Lib\site-packages\numpy\tests\test_lazyloading.py","1164","fdc811f63bb5c3aac8cb95a5b687f56580d6090d6b2cdb51a3cc5a8f9ee53dec"
".venv\Lib\site-packages\numpy\tests\test_matlib.py","1913","2a604ca3733b200441f0ae4d2d893ad7546db1f5b5d3f2e00901018dd2c433d8"
".venv\Lib\site-packages\numpy\tests\test_numpy_config.py","1364","f2d4cb7508b7e31575413670e5375a0d0f72db94d59dc1a3bdc99c5e74363c42"
".venv\Lib\site-packages\numpy\tests\test_numpy_version.py","1798","1210c01446a63429910222445121ad3dadb5222a4e0d6adfe8c37605e9b46b3f"
".venv\Lib\site-packages\numpy\tests\test_public_api.py","25761","6afff688266b95f8afefe2ad890ef98b67379f0b1a823082a0a63982250838d8"
".venv\Lib\site-packages\numpy\tests\test_reloading.py","2622","99d670f2a40f9f3954c649076a84e3a1fe7a3a1bf6b50ba454db5cb3b9069dab"
".venv\Lib\site-packages\numpy\tests\test_scripts.py","1519","1b1010c4c93d026c19be714d26237aee885172f3e23be621732b0bf12aaaa4de"
".venv\Lib\site-packages\numpy\tests\test_warnings.py","2627","bdfb1e106400183db9489ca40126e82212fe5e6ad5145e9abcc457d582fcd76f"
".venv\Lib\site-packages\numpy\typing\__init__.py","7041","b38a648b9199ebb337beb89c085e3a136270d7cb60c7060357119cdbd9ca882c"
".venv\Lib\site-packages\numpy\typing\mypy_plugin.py","7035","2dcdf4da4bf3f2beeb1d2621c1b3c720cb4a763791cf9ab0067773549c3447aa"
".venv\Lib\site-packages\numpy\typing\tests\__init__.py","0","e3b0c44298fc1c149afbf4c8996fb92427ae41e4649b934ca495991b7852b855"
".venv\Lib\site-packages\numpy\typing\tests\data\mypy.ini","222","e94a21feae80d89a1dd4affae4845371a0df7c392d4c420ae856941c7cc258f0"
".venv\Lib\site-packages\numpy\typing\tests\data\pass\arithmetic.py","8548","766b0c08f564e7a1a512fe7ec25dce08e596190e7e35e3ba34e6db2ea51b3197"
".venv\Lib\site-packages\numpy\typing\tests\data\pass\array_constructors.py","2584","c3b6ee5445111ce599ae8eb62f6f44cadd086b805af90a5591c136183a6823c7"
".venv\Lib\site-packages\numpy\typing\tests\data\pass\array_like.py","976","6ecccf261816b3cad8b37f5d5ad4c73e3ee31bb75d339ce87caacf37f0c0a952"
".venv\Lib\site-packages\numpy\typing\tests\data\pass\arrayprint.py","803","353c35809f6fdd30d5c11a2fe33b20ff6eeb23e9dd2ae1b898389d05610a5727"
".venv\Lib\site-packages\numpy\typing\tests\data\pass\arrayterator.py","422","a8fc8323fdfc335e796eb2d6db90b25677fafb665f9f43049e3f0da9a7691200"
".venv\Lib\site-packages\numpy\typing\tests\data\pass\bitwise_ops.py","1090","8b934780a9a0daadbbcfa9a50a32a33b785ac9d1913d99942f726cfb98c0b76d"
".venv\Lib\site-packages\numpy\typing\tests\data\pass\comparisons.py","3721","013edc4f722cefd8315561792bcbc1c708785c18d7b72e46d547f144703134ee"
".venv\Lib\site-packages\numpy\typing\tests\data\pass\dtype.py","1127","611b13c0a110e6226d74a084408c9b53f9cbf33f16abd854f8166610eec78d01"
".venv\Lib\site-packages\numpy\typing\tests\data\pass\einsumfunc.py","1406","09774bbd0b14da20ea41ceddd93451092c20b90cc9d12243167db748378e3ae6"
".venv\Lib\site-packages\numpy\typing\tests\data\pass\flatiter.py","288","2561b9810f51a920eb83d5762a54a01ad00d9c1ec90d114933d7b5e3027463f8"
".venv\Lib\site-packages\numpy\typing\tests\data\pass\fromnumeric.py","4263","6cfd211106184093a7efe71ed2b01ff1cbeec595f725ae86492942b4d8440543"
".venv\Lib\site-packages\numpy\typing\tests\data\pass\index_tricks.py","1466","ca652b4db1dca5846000f5718707571747ffd5a1410c1644a7f51edc1c5d7591"
".venv\Lib\site-packages\numpy\typing\tests\data\pass\lib_user_array.py","640","aaf0a6ab7dae6658062fbeaef2cca0be0b81893a612ebb7c5fe9956989dec740"
".venv\Lib\site-packages\numpy\typing\tests\data\pass\lib_utils.py","336","5c4734bfb6f0112f82e43e069122504924d2025e6783bb6aead0968f78f16c23"
".venv\Lib\site-packages\numpy\typing\tests\data\pass\lib_version.py","317","4e52d92bcb1e902326fff596a36d8565f65ce34ce973310d7facbf4cd8c1a42c"
".venv\Lib\site-packages\numpy\typing\tests\data\pass\literal.py","1525","f264dbaead8b324aa0e783536b8d2deb8314a53f87e99ba8f285d4adc1b820a9"
".venv\Lib\site-packages\numpy\typing\tests\data\pass\ma.py","4093","b63f92a1cbdd20fe3dfae9b728e05224b8f0bffc41a1b5b66dbc8a5089a8de11"
".venv\Lib\site-packages\numpy\typing\tests\data\pass\mod.py","1720","2196e946f1f5f54e216cb25f9b408acb28a127d6effa0e7ad5c62bef86c395aa"
".venv\Lib\site-packages\numpy\typing\tests\data\pass\modules.py","670","6eeccbbab6ade13206989b96de61ac1a4edd28d9a90437d03965905c57dbf547"
".venv\Lib\site-packages\numpy\typing\tests\data\pass\multiarray.py","1456","38653f007e7bd6fdb6f8bfc81c635175de1771baa5657b592f164b61976206ab"
".venv\Lib\site-packages\numpy\typing\tests\data\pass\ndarray_conversion.py","1530","e52cbf48644bfcd91bf63d3286c8f40ed37d6dae1a05cfca44bb1464ad52c8d0"
".venv\Lib\site-packages\numpy\typing\tests\data\pass\ndarray_misc.py","3607","ad8070f3ce521bbaaffb8daa08669ca3793aeede4d0b4f4c4fb5eb9302632bf6"
".venv\Lib\site-packages\numpy\typing\tests\data\pass\ndarray_shape_manipulation.py","855","a8d187f1704548f95e04c830d6d0ff8481b0066a4bb41e995445d3fff62334e9"
".venv\Lib\site-packages\numpy\typing\tests\data\pass\nditer.py","67","d70a518ad08d64a082dd6255ac54a1db66750fc8cfd95c5000cb731fc35ca55f"
".venv\Lib\site-packages\numpy\typing\tests\data\pass\numeric.py","1582","656377316f0b93fa9eab1dd50bd70c39e9052b6d68d36c67929509ad35987942"
".venv\Lib\site-packages\numpy\typing\tests\data\pass\numerictypes.py","348","25a0a3938cd03ce23aed7cea1b28b7748f8650c14cd80bc3ba78b0cd243bfd19"
".venv\Lib\site-packages\numpy\typing\tests\data\pass\random.py","63323","ccc84fb126d85234a8bba3e0802aa9dd0fa1603619cad4fb21e17ec01001e51d"
".venv\Lib\site-packages\numpy\typing\tests\data\pass\recfunctions.py","5138","f27ab0fa3f296e350da3a7fdd9f1630309b9ef3cc32cfd8fad8e837a1996bfc9"
".venv\Lib\site-packages\numpy\typing\tests\data\pass\scalars.py","4409","7894b7ecc3ec7c229e909871596634e4226f54fa27af1f1b536a8a9b24945414"
".venv\Lib\site-packages\numpy\typing\tests\data\pass\shape.py","458","a12911d1a90568806b5c5717e03d78662476630d6b1ec652a0b2852ff4236aff"
".venv\Lib\site-packages\numpy\typing\tests\data\pass\simple.py","2925","17a422ece2eb6d4adc6498811863c48eecaf93533b8e939a2327b04c22555b91"
".venv\Lib\site-packages\numpy\typing\tests\data\pass\ufunc_config.py","1269","8263133ebabc80b5c9652050a0ea49720cc8cd680cc7e93f7ad28f5782924c99"
".venv\Lib\site-packages\numpy\typing\tests\data\pass\ufunclike.py","1403","f6dfba4746fb1e61398dccc9a7475c34e3fb233f73694134f75f008057de25f6"
".venv\Lib\site-packages\numpy\typing\tests\data\pass\ufuncs.py","438","82f75c08da0651f3740a74269fa9358fa82176df331a425d71172072d994e3c0"
".venv\Lib\site-packages\numpy\typing\tests\data\pass\warnings_and_errors.py","167","ab77354a633087260b610b0b8cad36017a61937fbde9896d4937537eb1252734"
".venv\Lib\site-packages\numpy\typing\tests\test_isfile.py","989","c7eed50422c80f83c05937802313e2b9360b87e0ff1db643e121123562302fb2"
".venv\Lib\site-packages\numpy\typing\tests\test_runtime.py","3217","b0f1a2bf75eb9a5bdc6f6207dfd09485b7b8c3d2e6652604812a11c3f8400af4"
".venv\Lib\site-packages\numpy\typing\tests\test_typing.py","6627","c3bfc5bcbf0262ffe1728eea3afdb60aa767cd1fffd4e8ee1d4104df3501f6d9"
".venv\Lib\site-packages\numpy\version.py","304","0a513aff3493d714fb1f0caa58448b8aed418f9d160a7b0c07dcbb3785dc8b9d"
".venv\Lib\site-packages\PIL\__init__.py","2122","3fffff8502f4b59ca61d39cce713d55ffef046954262fce1abac3e97f3803734"
".venv\Lib\site-packages\PIL\__main__.py","140","5fc788a469661df9e9ef36b3a7999d6afdb6f08b5c7f696488c3f4b4b53a5fd7"
".venv\Lib\site-packages\PIL\_binary.py","2664","ba6dc47fa221e747297ee81afcbdaef2ea9be664c7a4b51f5382563132e0b20b"
".venv\Lib\site-packages\PIL\_deprecate.py","2106","522ac3970b3279feaeeac2ffae51379a72ad45fd666af9a7864b7fd4f03b43c0"
".venv\Lib\site-packages\PIL\_tkinter_finder.py","558","1f5530ddd57b8161c88ffa2c527245c56875691b10d8c74aa4d3f7bd0c10716d"
".venv\Lib\site-packages\PIL\_typing.py","964","b7e3154b97ffa5174bf8cd3bd9866a957141fc3f33d4a3a5f0470ab13fddf6ce"
".venv\Lib\site-packages\PIL\_util.py","713","78ff087e658999b13f3ea6d425be2a4ea18d2e2e334f44d369daebaa6ca483b6"
".venv\Lib\site-packages\PIL\_version.py","91","8367607a728dc206da64e3de6b24f826f3030d7f3c053f25c3b3a1fde94fb9d7"
".venv\Lib\site-packages\PIL\AvifImagePlugin.py","9596","80733b71d411630ea63c782333de241a12bd83f0f1cafcd8ccde4516bed4b5a1"
".venv\Lib\site-packages\PIL\BdfFontFile.py","3463","2c54f5932a79e45789cd0b1fbd64694f2f53009f5485e3fe7bd95e2ddf77cf35"
".venv\Lib\site-packages\PIL\BlpImagePlugin.py","17048","522b1467bdc20f8edfd8b19346573e4df6f10dda93915b72a3b8efe6f6104c17"
".venv\Lib\site-packages\PIL\BmpImagePlugin.py","20377","e23760527cf54ebb06b6e56d73be70ff896666c04f55fdd1047bf99434f9da63"
".venv\Lib\site-packages\PIL\BufrStubImagePlugin.py","1757","3b2a82334b9422e153315099108f4fda20377a83785d540f7c57cdb835bfc9e4"
".venv\Lib\site-packages\PIL\ContainerIO.py","4777","23ac8efd814412a30a035724804133176aff224e69fc68ccf91ad63896234a56"
".venv\Lib\site-packages\PIL\CurImagePlugin.py","2814","3aab7fa3ba3b1d758a01e368073544be1c4a14cbf75b751cf390a73a842e8612"
".venv\Lib\site-packages\PIL\DcxImagePlugin.py","2264","2f6d5cde0557e883e6938cee7ff96db779807917dcb8209c5e1902569b9e7765"
".venv\Lib\site-packages\PIL\DdsImagePlugin.py","19733","eae2016bb3476be917ff549086c18b89d8e911d0f6d3f0900486a90fe2808cac"
".venv\Lib\site-packages\PIL\EpsImagePlugin.py","17253","3582af51b5623fc766008fa1e3df028a918aaf7073f4f6435fc5d1607f3deb2c"
".venv\Lib\site-packages\PIL\ExifTags.py","10339","362cafb665044fbf41322a248a3313a7fabc75e596ce9c9db5371305f272f0a1"
".venv\Lib\site-packages\PIL\features.py","11118","cbf7a5342ce007a46030ff4031fdc274e3f78dda0de21a38bf1a122b383a7967"
".venv\Lib\site-packages\PIL\FitsImagePlugin.py","4875","2ff9142b7f02394b95f65a13e64f4366a12df74a3600245d64f63696fb1ed0bd"
".venv\Lib\site-packages\PIL\FliImagePlugin.py","5113","2f5bdfe108ec68c57479141399fcb5c27a89f65f61195e65bd320b5bbce7cc3f"
".venv\Lib\site-packages\PIL\FontFile.py","4419","a424a370fdf10adc8e780110f3e12f9366e0e479ec49c560400e715108ff0554"
".venv\Lib\site-packages\PIL\FpxImagePlugin.py","7724","b3610e701e56459102379804abd517a576a44e2dfc905322133d8ccd1029c7f5"
".venv\Lib\site-packages\PIL\FtexImagePlugin.py","3685","fb32afbe131373351ede8d1fe07a430bdfc32ba94a1d3e4b0017f4af9fb797ee"
".venv\Lib\site-packages\PIL\GbrImagePlugin.py","3156","21bff2df967334e98ca86d92b8eca3c518773b1b78d90a5c11c80b6ba0619ad0"
".venv\Lib\site-packages\PIL\GdImageFile.py","2951","ace96a8ea2945fc25827a18b1b3a8792cf85a4033bdb43b2a1d1c636222e9283"
".venv\Lib\site-packages\PIL\GifImagePlugin.py","43596","0cf9dd837ba23b412c95765aea4422bbf6e7c2210c6eefde91eab43d4308b0d5"
".venv\Lib\site-packages\PIL\GimpGradientFile.py","4137","cec216d4c915ea4a39964e072555de8121d4df250fc16d695329d1b39cf48990"
".venv\Lib\site-packages\PIL\GimpPaletteFile.py","1935","126047710f44c42e1fe3bb5a0fb4bb1ba55a324afd1e3ca7955f0d7535d5e624"
".venv\Lib\site-packages\PIL\GribStubImagePlugin.py","1786","73c88f12a40e48171616a756122b9cb9b8da5f061f6520761a365761568f0313"
".venv\Lib\site-packages\PIL\Hdf5StubImagePlugin.py","1768","ac831d7fbb83b248c9ab07ba0af18bc3fb6325f875828e6f2929e67ed05d08a8"
".venv\Lib\site-packages\PIL\IcnsImagePlugin.py","12798","4e8092cb968527bffa9e266ccc53917c232bf3f5393babe0775447315aff27fa"
".venv\Lib\site-packages\PIL\IcoImagePlugin.py","13499","0d9a018f6ccabfbe9293de8f2aaf1e97d69900cd89df050b56a3dea27a3fd33d"
".venv\Lib\site-packages\PIL\Image.py","158171","59f1b98ed7bfd7b516b9f13ffd9dd3bc0aa1a495042accdb5ae4609b41c329d5"
".venv\Lib\site-packages\PIL\ImageChops.py","8257","859f043d43e5408cee82c11e755f2dae4297d230420c66fa0acce66ba65e3194"
".venv\Lib\site-packages\PIL\ImageCms.py","41773","0effeeecadc71257d6eabcbd4cf43277ff35c6aeda0e7ba4c60ab67676bf49de"
".venv\Lib\site-packages\PIL\ImageColor.py","9761","295faeec79d95abacbdf3b8100e2ea7ab23eeef15c5d3c5d2dea1a6158ec9f02"
".venv\Lib\site-packages\PIL\ImageDraw.py","36421","98aa4388d2629866aad9dd734bec67ad3f9981ab1ed4390281b4c17be9027cf6"
".venv\Lib\site-packages\PIL\ImageDraw2.py","7470","1b4388cfbb0e5bf4e7af5b431ee8d3c8f54476aa216fb33838e3ade19424550c"
".venv\Lib\site-packages\PIL\ImageEnhance.py","3740","ba00d4d2c963691ff369389bb6e9a54ef7fea851f5c755ba97640ca5cdfce975"
".venv\Lib\site-packages\PIL\ImageFile.py","30828","e972c9d8785ad1fd44f860a375d8719f3fdff8e46da1cc311950699f93e4f539"
".venv\Lib\site-packages\PIL\ImageFilter.py","19714","1702a1b8f1c497a99f816a3aa94509b2ba2ce357ec480308c015e406c6bcc15e"
".venv\Lib\site-packages\PIL\ImageFont.py","65080","e9601111f8817e8387fd792b3643e709a5a11febea43cb49de1732e776ba5f60"
".venv\Lib\site-packages\PIL\ImageGrab.py","8475","b0df963537d02a3f90a20b6385edd5338efc7b6b28ee2248f30de562d1358530"
".venv\Lib\site-packages\PIL\ImageMath.py","10659","d39d8fd05608b184178f75263ff0b04a0509de58e8e6945f14dfe4eac85e4496"
".venv\Lib\site-packages\PIL\ImageMode.py","2480","50b900fa3b02806c31563af62cf48fe367439a3ea759a424f4be142a3eca7d28"
".venv\Lib\site-packages\PIL\ImageMorph.py","10673","56bd50401e6f198a4655f7d11894287781fbfc095098ede5f81961a5a61e0f22"
".venv\Lib\site-packages\PIL\ImageOps.py","26446","ad146c4c218335150d4099e851f1f78c582f5df6c46648893f0ab56dea38a3e4"
".venv\Lib\site-packages\PIL\ImagePalette.py","9498","f4a973fbb23a253494a7695f64933a5740f270540a926e91c5fc970d3e14fe7c"
".venv\Lib\site-packages\PIL\ImagePath.py","391","6679c9baf40db5b2918429abeb54c4984875bd5579ffdd163043cbf0ea72e65f"
".venv\Lib\site-packages\PIL\ImageQt.py","6903","4a9c4778f81687981d8d5206342e061b9bfd577b26426fe73e224372b8671d77"
".venv\Lib\site-packages\PIL\ImageSequence.py","2341","82e64751da56af39f3664718d0e6290f3b85d2e15794212edbad283feedefdf2"
".venv\Lib\site-packages\PIL\ImageShow.py","10684","d660d3b5502fb540e2d414a9eeefa85541c368deecd916c99196f07d0eb62082"
".venv\Lib\site-packages\PIL\ImageStat.py","5662","5b4b946bc60d0babe1a3095ead2cd923013b46ef8aa76ad6baa18d2c114b672a"
".venv\Lib\site-packages\PIL\ImageText.py","19087","082c1145853cadd845f42775d7ac896b6cc63d9b2e80572cf579acb6fcc01d54"
".venv\Lib\site-packages\PIL\ImageTk.py","8398","4f1d337fd913681b801af66ea342401eb35b9379fa7b0af86677569d6c592b44"
".venv\Lib\site-packages\PIL\ImageTransform.py","4052","66eea8c925c436dabbd76fa792a14ba9a7d83ef891020b209337cb586d0add5f"
".venv\Lib\site-packages\PIL\ImageWin.py","8345","7d018c99917dc076f4f6d33c7697ccb8de5ac75bfe1c3d38389a645ce6b1ddc7"
".venv\Lib\site-packages\PIL\ImImagePlugin.py","11992","5fd881490e31eeb6aec5b3889fbda3eefe9301481995da580f970073a67530d0"
".venv\Lib\site-packages\PIL\ImtImagePlugin.py","2768","afe643cf75e38ba10117c7949caea2b8211912d965a74c4b452210d3f875e141"
".venv\Lib\site-packages\PIL\IptcImagePlugin.py","6663","e05b6e7b88dd6bba546342e1dbbd8e0df84e0488893992b4410d9ed0f610c228"
".venv\Lib\site-packages\PIL\Jpeg2KImagePlugin.py","15088","00e20588471f2455caa9018885d958480c3d23e6d8f087eb421450fc0f6b3c18"
".venv\Lib\site-packages\PIL\JpegImagePlugin.py","32223","049fc12cf436b101a5622456a1b83ba8b28b54cf8106d3953aed751bb0c08f3f"
".venv\Lib\site-packages\PIL\JpegPresets.py","12621","51422c2b3bf2cdd3f3b2774e0ddf747aefe5b8ca9ab86d4f261d7450eb90be68"
".venv\Lib\site-packages\PIL\McIdasImagePlugin.py","1955","3fd77592be12b5ed10564c5faa2c77d6c7c60fcb169fe7959982b4c20e83bc8c"
".venv\Lib\site-packages\PIL\MicImagePlugin.py","2702","b82c463389652053e37eed8a8e2fb34a73da727aa2194646aacfc3b5bdc992d2"
".venv\Lib\site-packages\PIL\MpegImagePlugin.py","2094","91e9bdce87ec06d22aeb194c25cb0590e5d370908f1080a4f657214df47da432"
".venv\Lib\site-packages\PIL\MpoImagePlugin.py","6987","ffc580b1881e62444336ab32d08ff2c38a72c3471a75dadfd4c5940cd2808636"
".venv\Lib\site-packages\PIL\MspImagePlugin.py","6072","bb75dc1140d81926046847543a19e3867a64650264a537520781251e9c4e3e58"
".venv\Lib\site-packages\PIL\PaletteFile.py","1270","41d11af7d8cb0be3cf844a86cbaff87c3b9af13cca4925339007987029455fb3"
".venv\Lib\site-packages\PIL\PalmImagePlugin.py","8965","2247aeefa9db5ba83130696a516c1b579ec12441abd775465c842f9162b9e265"
".venv\Lib\site-packages\PIL\PcdImagePlugin.py","1842","819b027170c8a845532b6cfe1962a9b53db9a455350143a0a6bdc9d3a7233c28"
".venv\Lib\site-packages\PIL\PcfFontFile.py","7240","50f65bca80f8295af7df1b6da0f6a2db5d63ce8f8f0e92386dc9f26cb0eee75e"
".venv\Lib\site-packages\PIL\PcxImagePlugin.py","6596","5e6f1423fe7f01006c89693b07c489add784ffccfb0d20405269cda636e79396"
".venv\Lib\site-packages\PIL\PdfImagePlugin.py","9720","3c3f19e0ea596e3f572f479bed0d9b18bc3846552d77c74f2c2e14e86ff60036"
".venv\Lib\site-packages\PIL\PdfParser.py","39753","c5e04f3c748cc2b7f711208a1689b7c3af0e61e11cb454ee06a209fb5217b901"
".venv\Lib\site-packages\PIL\PixarImagePlugin.py","1830","f919ee2521a1185f0cb14b221d9ab757307157e04d9cadf99018c97e1633c17b"
".venv\Lib\site-packages\PIL\PngImagePlugin.py","53977","26e6495edc516f7589dea911c330d7f16d4ec96eed78af838da00902e77e6040"
".venv\Lib\site-packages\PIL\PpmImagePlugin.py","12719","22331d42c009691d13c90bb591ddebe28eaad28e49295c2ae21475d0e7804715"
".venv\Lib\site-packages\PIL\PsdImagePlugin.py","9249","b3ce408b7129bc190d12ce0db3ad408e114a048b134669021878a7e72afb372d"
".venv\Lib\site-packages\PIL\PSDraw.py","7230","eec05f0067c19aa9d958c4e445f2e6e28057b519415c0b984fffcd3f71ad1f0d"
".venv\Lib\site-packages\PIL\QoiImagePlugin.py","8831","c25feb0cc7e1c9c5aae865c1157f31ce8235d5728c6567afd9629288ce2df372"
".venv\Lib\site-packages\PIL\report.py","105","ea6ecd3afd5adb8e7bed9889a315fcf62a7925e3a07f63b517de5febed4ae5a3"
".venv\Lib\site-packages\PIL\SgiImagePlugin.py","6602","4f0891938baa8e0836d7e3a2154066044d893d63a30c716654f8141fbbce3b75"
".venv\Lib\site-packages\PIL\SpiderImagePlugin.py","10626","b0087770827cbc65aee9619de92721c9ca2aec36a338fa25680a31abbea5b68c"
".venv\Lib\site-packages\PIL\SunImagePlugin.py","4734","60a604bee1b84149227acdf838ab5758a4d8499f14deacdc13fbdd4eb3ae46cc"
".venv\Lib\site-packages\PIL\TarIO.py","1503","2bab4b9050dc69aaf7bdbe84c986fb1b8a15101e35c7f2ccb8625e513f70e434"
".venv\Lib\site-packages\PIL\TgaImagePlugin.py","8017","52bbc8363a079783087f2c5fe5b2f75519425af38deee0e92507e6cf7c939588"
".venv\Lib\site-packages\PIL\TiffImagePlugin.py","88301","7c7c771b1358c4096239c5973199672870c7e4cc34c4ce33a391695a7e251df7"
".venv\Lib\site-packages\PIL\TiffTags.py","17772","16c76a6c8409388ee2846ecc67f2b8614403678ce8fab6986e28550dee3653d1"
".venv\Lib\site-packages\PIL\WalImageFile.py","5891","70b442298cac9c4d2fe59fd47745ded180de338988c45197a83231f157ae31c6"
".venv\Lib\site-packages\PIL\WebPImagePlugin.py","10289","c7022669e4536810944b2d1a5a69a18dc7176706cbd36363994b0fcc2003d69c"
".venv\Lib\site-packages\PIL\WmfImagePlugin.py","5390","136d180c964920aad44327ed3a6ac9ac0b97ba60c6662c231f237620a282c9b8"
".venv\Lib\site-packages\PIL\XbmImagePlugin.py","2767","c1cd0da5f4f3952871f589a2d33c28d1a5598c36b8fc1ecd1221b64e008eeb94"
".venv\Lib\site-packages\PIL\XpmImagePlugin.py","4539","232f0ac0e8e7546541c5f4f6c6d0f737050a52dcec0f678753b3aeb48461a9d9"
".venv\Lib\site-packages\PIL\XVThumbImagePlugin.py","2209","384b448508022cb82fc7c275888f75d533338c9e624e538ea90a4b431d5bcd0e"
".venv\Lib\site-packages\pillow-12.3.0.dist-info\sboms\pillow-12.3.0.cdx.json","22279","40fa909b0f23405a7b97a6d91671a639a40acea7671b04387da22ba3e9fca50a"
".venv\Lib\site-packages\pillow-12.3.0.dist-info\top_level.txt","4","ae266aae4fa1c99aa1e5fd59d19c228b774a7f112c07286ef5c53d20e0c5f8d6"
".venv\Lib\site-packages\pip-25.0.1.dist-info\AUTHORS.txt","11018","1eace90552df4f5941b61a907e20e555e16483ae6127b650bef5a1a2af8102c0"
".venv\Lib\site-packages\pip-25.0.1.dist-info\entry_points.txt","87","79e223bb37e77d1d8fae16e39dbcc553a327492ef49192f1c1a1c7aba33e6c3d"
".venv\Lib\site-packages\pip-25.0.1.dist-info\LICENSE.txt","1093","634300a669d49aeae65b12c6c48c924c51a4cdf3d1ff086dc3456dc8bcaa2104"
".venv\Lib\site-packages\pip-25.0.1.dist-info\top_level.txt","4","ceebae7b8927a3227e5303cf5e0f1f7b34bb542ad7250ac03fbcde36ec2f1508"
".venv\Lib\site-packages\pip\__init__.py","357","68a8affec4deed46c4eea9ad0a29c9bad163a8dd0c9dd6506757ca2cdc0514b1"
".venv\Lib\site-packages\pip\__main__.py","854","5b36e11d74db484ea0058d7d98d37d9b8b39a3fdfae4b3af4d84a0aa06dd0611"
".venv\Lib\site-packages\pip\__pip-runner__.py","1450","70f3d6b89e8d2bf93e1b37ef95e8cb160c339985113a6a4047a402dd0faf9174"
".venv\Lib\site-packages\pip\_internal\__init__.py","513","31f7283a5b8367c40c08561a974e08a8e27daba9b657b6b468eb2723e58ec54a"
".venv\Lib\site-packages\pip\_internal\build_env.py","10700","0efe14082952838b8d69a97f84bfadae0e7ece5dc8b3d0ae203c640a10a45c5e"
".venv\Lib\site-packages\pip\_internal\cache.py","10369","25bebdf29e4f362811b695b9a36eb040d92452fe0c9d0f7899ce3bd702fadc0d"
".venv\Lib\site-packages\pip\_internal\cli\__init__.py","132","1641c1829c716fefe077aaf51639cd85f30ecc0518c97a17289e9a6e28df7055"
".venv\Lib\site-packages\pip\_internal\cli\autocompletion.py","6865","2e58b732be9a0cdbbb664249145bf00f6fa1171348e80bf3f0ec0cc92e5356bb"
".venv\Lib\site-packages\pip\_internal\cli\base_command.py","8625","3598a7e8a3335bd3526332a4e1373c8ac6ff4d060a47808a7798fd9929b8e8f2"
".venv\Lib\site-packages\pip\_internal\cli\cmdoptions.py","30116","577041db6178feffd1907699e689d69ecce16c1b63619bcd85b9fd33434ed072"
".venv\Lib\site-packages\pip\_internal\cli\command_context.py","774","4478083f0b4e6e1e4a84cadddd8653925f336d51bee8e92697b61b157e04860d"
".venv\Lib\site-packages\pip\_internal\cli\index_command.py","5677","8bfb203653e65c2e621d4698f9d9a6ac728a4e07393b8856ce2b2be40975aebd"
".venv\Lib\site-packages\pip\_internal\cli\main_parser.py","4338","95a0e9b2e04397a9327f2c29f5e30c03db3ce237c7d932499febe62f4186f74c"
".venv\Lib\site-packages\pip\_internal\cli\main.py","2817","04365e7fe6d67bd83d269af8395b387437fef38e4726c2b0f37e53ec0a849c07"
".venv\Lib\site-packages\pip\_internal\cli\parser.py","10825","54232d76ecc409457ceca68736efb127ec0b34bf36c93df1d7a5785c1c4e02a2"
".venv\Lib\site-packages\pip\_internal\cli\progress_bars.py","2717","f46720bac5adc1faa8bb6ce1010a755cd6d01c80ec96acb2cfd5302f3c3b2607"
".venv\Lib\site-packages\pip\_internal\cli\req_command.py","12250","0ea78586650cb3aa3a12ff2a6b001c3a860d74066c7f2292d0c648e63b096304"
".venv\Lib\site-packages\pip\_internal\cli\spinners.py","5118","84827cdc67ab74580509da1b200db726081eb5e825fee0b84a9e7cea7cc56cf1"
".venv\Lib\site-packages\pip\_internal\cli\status_codes.py","116","b0414751a5096eabfc880acbdc702d733b5666618e157d358537ac4b2b43121d"
".venv\Lib\site-packages\pip\_internal\commands\__init__.py","3882","e6844ef4eddd336bc6ba1d1b170e0739595eb6bcabcf91c732698f5b026b1fd5"
".venv\Lib\site-packages\pip\_internal\commands\cache.py","8107","20e7b34e27078c6139b16741c769f03d581b8ee247337b3e059124a592de9ae6"
".venv\Lib\site-packages\pip\_internal\commands\check.py","2268","1ebff87a231df5c8150e012f8ed21dc3dd793662fb44e2165bc7a792bf2c94f4"
".venv\Lib\site-packages\pip\_internal\commands\completion.py","4287","1d3e250f46e0b1f947ab62038187e211da7b2061ad13bb3a320237c67d15404c"
".venv\Lib\site-packages\pip\_internal\commands\configuration.py","9766","9fdf1e9f0a7acb46f91ba7e24508da668e3716524a62f7bf75a32137ee0144d7"
".venv\Lib\site-packages\pip\_internal\commands\debug.py","6797","0cd0d1804f58b0aadb633534b3754a8bcac7b4a1785f5dc227f6ebffc3d45ced"
".venv\Lib\site-packages\pip\_internal\commands\download.py","5273","d2a0749f2b3a6443eca20e39d650ec8cbe41c7b67deedf81f34a0564a869cca3"
".venv\Lib\site-packages\pip\_internal\commands\freeze.py","3203","d95b7bd816134a6f6bcee7ba77c74dcedf2277158ae036fa1ddf9a9eaec643cd"
".venv\Lib\site-packages\pip\_internal\commands\hash.py","1703","11554ebaf1ada0f11d162f1236799daa5090ae10b157e909b1dc2d75c0a75c64"
".venv\Lib\site-packages\pip\_internal\commands\help.py","1132","81c73a40391c80730eb809f9531699c004adb1106b9c64a7ff2c634b9ec92283"
".venv\Lib\site-packages\pip\_internal\commands\index.py","4731","4405f1989c058556f94b5058cdbe627d7dec9fd35af2fd8209563048c3fca5aa"
".venv\Lib\site-packages\pip\_internal\commands\inspect.py","3189","3c6ad8f53453442337cb9325f01764f0310e5eab9645fb1caf80d1a352ce4cf7"
".venv\Lib\site-packages\pip\_internal\commands\install.py","29390","af7c87414c6fc6dee00f98fd9facd10ec940bedc7d093ff084bb9025c92da7a3"
".venv\Lib\site-packages\pip\_internal\commands\list.py","12769","a222334a32cfebffddedd212dead176f9cb0b1a393841591a8cca38cace43dd3"
".venv\Lib\site-packages\pip\_internal\commands\search.py","5626","7d6914415c7f826f1e6db14094282ab712974fdacd6a1a49f8123fff71cd6698"
".venv\Lib\site-packages\pip\_internal\commands\show.py","7857","d180610a06b73c077cd6f4f797b5167e592d4a9079f9a62a41c2710553dacd53"
".venv\Lib\site-packages\pip\_internal\commands\uninstall.py","3892","ee9391ede9caefa8229b2c506f3c5c1b53acc8b5cbdc3bd7f77f7198cf05bed8"
".venv\Lib\site-packages\pip\_internal\commands\wheel.py","6414","789461affaa834dc5602491d24236240cec25dde04d7f632421b2a26704f1868"
".venv\Lib\site-packages\pip\_internal\configuration.py","14005","f8a3a893a8e1de11735cc3d014f275fc416306902c81ef914ab790b8b1cb9b3a"
".venv\Lib\site-packages\pip\_internal\distributions\__init__.py","858","1eaea4b7a8170608cd8ade614d358b03378234e2a807e374a46612a9e86b962f"
".venv\Lib\site-packages\pip\_internal\distributions\base.py","1783","41e07daaf2970c88cb74f0431397cc8297c6a8c302afe828be7ba84271ae885f"
".venv\Lib\site-packages\pip\_internal\distributions\installed.py","842","4229c715b58043ca04d296c3f0c1595a4c259df5354184dc700d6f9e1ae560e5"
".venv\Lib\site-packages\pip\_internal\distributions\sdist.py","6751","3e570fe1aebe47a73df179ce33e6fa2e46f7aecbe1f621b8a24f2c85a6a7af3b"
".venv\Lib\site-packages\pip\_internal\distributions\wheel.py","1317","4c70587e7bfb555b7c99884c614b47d774b513b143c2d0f20df994725f1a8b41"
".venv\Lib\site-packages\pip\_internal\exceptions.py","26481","dbf6f221222fde44a723ff53f84b1fc6bb742e74d181c507cb1bb4b70b078d06"
".venv\Lib\site-packages\pip\_internal\index\__init__.py","30","be9b7e25e4d979f87c6be142db665e0525c555bb817174868882e141925a3694"
".venv\Lib\site-packages\pip\_internal\index\collector.py","16265","45d3ced092c0966c8158f0166073f24681a3cf718d01e4e78023646c67b2fe61"
".venv\Lib\site-packages\pip\_internal\index\package_finder.py","38076","9891c0963947787b9c972bb1b63bc164ee83b68bca8ec66317fb4287fc2ec791"
".venv\Lib\site-packages\pip\_internal\index\sources.py","8632","94f04b2b95e2cbc43a210322a36e9697ba1c7d938a9201a494804dc94276ddf2"
".venv\Lib\site-packages\pip\_internal\locations\__init__.py","14925","51a031799fdff77172a2eb857f8a7b497605fb85acb57b84bdddcb6e63c2027a"
".venv\Lib\site-packages\pip\_internal\locations\_distutils.py","6013","c7a9f254b8fb5f5d58e2484875ffa6165c4c97615669db5512079bf2ea5cfd62"
".venv\Lib\site-packages\pip\_internal\locations\_sysconfig.py","7724","206cddb3ad2ab059de468802fa8781698edb121de53edfefe3b90c2428505ec5"
".venv\Lib\site-packages\pip\_internal\locations\base.py","2556","45088f8b5778155336071934e1d4215d9d8faa47a58c42f67d967d498a8843bf"
".venv\Lib\site-packages\pip\_internal\main.py","340","afe52751ef072e8e57149cfc8a74dc38e4e2bbfb313618076fa57094652594e2"
".venv\Lib\site-packages\pip\_internal\metadata\__init__.py","4337","094f232b54d9b28ee338b76bd2c5fdc438eb72ce62cbc77b2112be86f6883b96"
".venv\Lib\site-packages\pip\_internal\metadata\_json.py","2707","7b3ac861acc708834cd90524d5e03dc0400c8f769e19678356019a9605332a97"
".venv\Lib\site-packages\pip\_internal\metadata\base.py","25298","7edd0ae57360238113a999d1bf6f82b6f81888c38c01e18c033c53f9fe952c90"
".venv\Lib\site-packages\pip\_internal\metadata\importlib\__init__.py","135","8d4522768c671dc7c84c71da0161b51b68b97dd058925bffb89723a36c7b5581"
".venv\Lib\site-packages\pip\_internal\metadata\importlib\_compat.py","2796","73a6aff2c3fc0418c066e152268c358967f28145cd337c514c29f99eac3a07d3"
".venv\Lib\site-packages\pip\_internal\metadata\importlib\_dists.py","8279","7ed9988b27d41942239d5c2de96f888ec8a6cb9736f0a8265e5cb9439210d8fe"
".venv\Lib\site-packages\pip\_internal\metadata\importlib\_envs.py","7431","51407df345d2ac35ab329435fc6e398b4afc1ea960fed83720f43ade612a6cd7"
".venv\Lib\site-packages\pip\_internal\metadata\pkg_resources.py","10542","534ec44c020d4867924417d6506f77138b5965b696fdfecf1b312a64dd21ba57"
".venv\Lib\site-packages\pip\_internal\models\__init__.py","63","dc31d477fab1a4fa337f3a2ea2a6bd83db6cd42cebe6a6877c5c5b9f1ae27a93"
".venv\Lib\site-packages\pip\_internal\models\candidate.py","753","cf380546ec3f9163e32a91b0ecb0b4654303d8243611b7ab50862cf22ce37420"
".venv\Lib\site-packages\pip\_internal\models\direct_url.py","6578","b81b58d871dddd33bd70a4095a1d1386f139151afe3164580a1454e081bd1d91"
".venv\Lib\site-packages\pip\_internal\models\format_control.py","2486","c2db10a922bd1da522371404b81f82eb67958a6c3a1b8fd5405c55f7efca0c11"
".venv\Lib\site-packages\pip\_internal\models\index.py","1030","b589cbf28c468b8692356babd261bc0c03fbac2eb2ba16bf33024ef31c3472b2"
".venv\Lib\site-packages\pip\_internal\models\installation_report.py","2818","cd1559a1acfedafb2b7b38ff1f784b3a131908af5ced36f35a00be8ce6a50f4d"
".venv\Lib\site-packages\pip\_internal\models\link.py","21448","190f21abbc7e14314fbf6e4d6e7daf78833e32506b1990c62ddeda65e1785eb8"
".venv\Lib\site-packages\pip\_internal\models\scheme.py","575","3da9261c93377bc38e592645b5fcf5033edfd6678e3499e41ae431165b77c011"
".venv\Lib\site-packages\pip\_internal\models\search_scope.py","4531","ebb3449ec618f38efce12f8c33b7a442ea3d2972c7fbb333167b578daa6f028d"
".venv\Lib\site-packages\pip\_internal\models\selection_prefs.py","2015","a9a15f0ecddc8aaa173e0eb1c78e4dd633cba9c70b270e0dd2ce0fd0fc874d0f"
".venv\Lib\site-packages\pip\_internal\models\target_python.py","4271","d97687dab679645f8ae707096c4306125ed2aab4d3a030cd92bb50daffefffe4"
".venv\Lib\site-packages\pip\_internal\models\wheel.py","4539","1bb74d0ffb3879b3e410bed1275a8263442151458820ae809e35a04404c5e67a"
".venv\Lib\site-packages\pip\_internal\network\__init__.py","50","8dfe93b799d5ffbce401106b2a88c85c8b607a3be87a054954a51b8406b92287"
".venv\Lib\site-packages\pip\_internal\network\auth.py","20809","0f88004a352baa80c5952b7a810efaeca0008efe8f532254d29b839615cd5511"
".venv\Lib\site-packages\pip\_internal\network\cache.py","4614","d3218c03711eb79f710522ed6cf01e9ef239ddd976f6850e7aa67673440bd92b"
".venv\Lib\site-packages\pip\_internal\network\download.py","6048","14b38fdbd74f6040818808bb7848ef01b364cb368a36a6f28ce4f69bc1cf5bc5"
".venv\Lib\site-packages\pip\_internal\network\lazy_wheel.py","7622","3c176832835040803ce058609dedfc8d6179d96e31fcab6c1e3c60bf876444a0"
".venv\Lib\site-packages\pip\_internal\network\session.py","18771","9ac3387acd7a2e698d118364ad8ca0f1f4dcee00076ca165b5ac1f28fdbb2ce2"
".venv\Lib\site-packages\pip\_internal\network\utils.py","4088","2276b17a5f8dc41bb83d05a48f212b7677dec2c1427201e987b773475f856e86"
".venv\Lib\site-packages\pip\_internal\network\xmlrpc.py","1838","b00c7339a709f8dd4d5c63ef6a9f630b7cee6164a79efdc65ed811dbe13600f0"
".venv\Lib\site-packages\pip\_internal\operations\__init__.py","0","e3b0c44298fc1c149afbf4c8996fb92427ae41e4649b934ca495991b7852b855"
".venv\Lib\site-packages\pip\_internal\operations\build\__init__.py","0","e3b0c44298fc1c149afbf4c8996fb92427ae41e4649b934ca495991b7852b855"
".venv\Lib\site-packages\pip\_internal\operations\build\build_tracker.py","4774","f80456fd37231c2397ec3d8d50e1a7b41e0581ce9be1aa25b179002ba0562fbc"
".venv\Lib\site-packages\pip\_internal\operations\build\metadata_editable.py","1510","c6503070ff6affcfdf9afff7237f70f4467b49057d867259afd56e4ecab663af"
".venv\Lib\site-packages\pip\_internal\operations\build\metadata_legacy.py","2190","f22ea2d50657f66fe528f4ad105b0728cd0c4f86be083e34f093b0f7d75a2e6a"
".venv\Lib\site-packages\pip\_internal\operations\build\metadata.py","1422","f52d02503f14dd0a99797a7e672b7c1f1c14f74944e10ae760382ba990f30677"
".venv\Lib\site-packages\pip\_internal\operations\build\wheel_editable.py","1417","c8eb681face9024a0a60452dafc161ceb62790d1d0690063590d8761a7b53108"
".venv\Lib\site-packages\pip\_internal\operations\build\wheel_legacy.py","3045","2beea43619a3fb5c43178e67cb5ca178c7ab174ba2e04a1008bcc4a0787afad7"
".venv\Lib\site-packages\pip\_internal\operations\build\wheel.py","1075","b13d761412c0c430bac32ac3a2b87c92f719d631b9a889c2456cf33fe5242624"
".venv\Lib\site-packages\pip\_internal\operations\check.py","5912","2f6e2f44bf1559bcb2c1da1e02133cf5609df332d39e321b50b94a7a552021e7"
".venv\Lib\site-packages\pip\_internal\operations\freeze.py","9843","d7f33bf630102a70b15abf8a082987b955ce54519a5091e6a162df173821ecae"
".venv\Lib\site-packages\pip\_internal\operations\install\__init__.py","51","997ee1c83d863413b69851a8903437d2bfc65efed8fcf2ddb71714bf5e387beb"
".venv\Lib\site-packages\pip\_internal\operations\install\editable_legacy.py","1283","3e812c3443c66c8676c90a613ec9984ca2ce08cb3882fe4e7027735b5db835c0"
".venv\Lib\site-packages\pip\_internal\operations\install\wheel.py","27615","5f9233f72520e4b94ae55350f60da291ce9d711bbc10f8bf4948b98ae103460a"
".venv\Lib\site-packages\pip\_internal\operations\prepare.py","28118","8e8589c0f92ea86b1c42054d2262caef57bd8516a9c0abd108cf07725cac9af5"
".venv\Lib\site-packages\pip\_internal\pyproject.py","7286","18b27aad6452e7fda7a0a75a8e88682f20edcb9ed9ed05e17140188219939d67"
".venv\Lib\site-packages\pip\_internal\req\__init__.py","2653","1f1045b59cbf05b09c94b82bdbac1a32da7361d3b94f7bf178fbe91805d2b79b"
".venv\Lib\site-packages\pip\_internal\req\constructors.py","18430","bf5ab308dd66225770c7e9c2acf73c24ee25c649b716ff0ce515afb7c2c84a37"
".venv\Lib\site-packages\pip\_internal\req\req_file.py","20234","7b2b3cd8c72068808e1a27365194478c3ef6d2988a24fc2679261d5e55b097ac"
".venv\Lib\site-packages\pip\_internal\req\req_install.py","35786","04ca6dc47620dae1bf6feec714450b3dbde7bb0d053006ee79af334eadab13bc"
".venv\Lib\site-packages\pip\_internal\req\req_set.py","2858","8f77ac1b4b3a4b3a1545e5fdad69f8ae960db72113fdfc316f024f4629af471a"
".venv\Lib\site-packages\pip\_internal\req\req_uninstall.py","23853","ab30c8c49a3e3844d6a866a2b3bb523020dc59b013600053f9389dde2b72174b"
".venv\Lib\site-packages\pip\_internal\resolution\__init__.py","0","e3b0c44298fc1c149afbf4c8996fb92427ae41e4649b934ca495991b7852b855"
".venv\Lib\site-packages\pip\_internal\resolution\base.py","583","aa59a1df6e520557ef1ba31ef6073936c879b1dc07070cc706ae9a117b4ab0b0"
".venv\Lib\site-packages\pip\_internal\resolution\legacy\__init__.py","0","e3b0c44298fc1c149afbf4c8996fb92427ae41e4649b934ca495991b7852b855"
".venv\Lib\site-packages\pip\_internal\resolution\legacy\resolver.py","24068","dc766224145dd454cdea3429238a913bcf936cb61e21b5134ba3c5bd79d7b36c"
".venv\Lib\site-packages\pip\_internal\resolution\resolvelib\__init__.py","0","e3b0c44298fc1c149afbf4c8996fb92427ae41e4649b934ca495991b7852b855"
".venv\Lib\site-packages\pip\_internal\resolution\resolvelib\base.py","5023","0c27faebd16cab2418e6ea9779e3c31d06357b840efa9073587f0ed2cf7e2bde"
".venv\Lib\site-packages\pip\_internal\resolution\resolvelib\candidates.py","20001","e54675ba93679aab0ffa798465a0d8c5a0600a87a3c3f7b65951a6980bc1c577"
".venv\Lib\site-packages\pip\_internal\resolution\resolvelib\factory.py","32659","30938b499258f3fdbc3cf75cbada10ea08c9ff57810ede99d5e76d7d32724781"
".venv\Lib\site-packages\pip\_internal\resolution\resolvelib\found_candidates.py","6383","f61ad3c90a85be5f48ed38e2efd1750311efdfd421d6b909ffb75e48748c7d07"
".venv\Lib\site-packages\pip\_internal\resolution\resolvelib\provider.py","9935","6dcb059d8be59ad07cd1cc15756d5f23082897c64daf57f5547c914e4cf8ed23"
".venv\Lib\site-packages\pip\_internal\resolution\resolvelib\reporter.py","3168","d3426da171244e5c34fab97fb25e7877bd5abf03ac247b7d1861dcae3e52cdad"
".venv\Lib\site-packages\pip\_internal\resolution\resolvelib\requirements.py","8065","ec91b867bd9ee58938bd4d12e6e946bdba93cb814c406621639cd0857f734ed6"
".venv\Lib\site-packages\pip\_internal\resolution\resolvelib\resolver.py","12592","9cb24eb15304562da0414549a1414a31901ebb67fb19132318cbcd496cb3d017"
".venv\Lib\site-packages\pip\_internal\self_outdated_check.py","8318","d4f16db6dbcb01ec82551ded3e806adac3a53c3d0827e292a94e9b7351d493d7"
".venv\Lib\site-packages\pip\_internal\utils\__init__.py","0","e3b0c44298fc1c149afbf4c8996fb92427ae41e4649b934ca495991b7852b855"
".venv\Lib\site-packages\pip\_internal\utils\_jaraco_text.py","3350","335e6e50f221e4da4fd6d754181c516aeeaad59004b48f3e5f22c4113b1c15f1"
".venv\Lib\site-packages\pip\_internal\utils\_log.py","1015","fa31cb384fd31da673e4115c0a7a122fd11802d2749d77a6e3db3da1fe23bcac"
".venv\Lib\site-packages\pip\_internal\utils\appdirs.py","1665","b3081c4ca3a6ddd68b7974d6eafe41512d938b646f1271914181ffc835e4940a"
".venv\Lib\site-packages\pip\_internal\utils\compat.py","2399","724905bde0626108d15a390db1a8edfe858f4b9eed26f13c5f1a02e0e2188026"
".venv\Lib\site-packages\pip\_internal\utils\compatibility_tags.py","6272","396ab96b11e95be30410fced19dbe0003ae024f01c57d6bcf11c66e19f1506cf"
".venv\Lib\site-packages\pip\_internal\utils\datetime.py","242","9b6d58df002d41cfa38ba55e6fa93f33983a034672148e1e81c853767c21fa94"
".venv\Lib\site-packages\pip\_internal\utils\deprecation.py","3707","93b420fd404069a4ddcaaf3661501103a0fb4667064d71afedf9df7208a08f84"
".venv\Lib\site-packages\pip\_internal\utils\direct_url_helpers.py","3196","af6311b64543002bfd006a983830540bd0a3c20b6c514d6cebc86681f08932d0"
".venv\Lib\site-packages\pip\_internal\utils\egg_link.py","2463","d0578f6685182afe11190dadeb1ef0e59e36ef06c0fd4a375999c092b82cbaaa"
".venv\Lib\site-packages\pip\_internal\utils\entrypoints.py","3064","62584b4d1976a07040baa85cfb398bed4492ebb4cf5951c89a3780407ade6534"
".venv\Lib\site-packages\pip\_internal\utils\filesystem.py","4950","6a3bc0faae28725896f643e9f18aae87ee2fb2c5dbbbe50a6e8e4557d5785fae"
".venv\Lib\site-packages\pip\_internal\utils\filetypes.py","716","8bc5c04347850a8836e85c3dc95d186f5ca002a298075c3d0b3f67d1f8fc8195"
".venv\Lib\site-packages\pip\_internal\utils\glibc.py","3734","bd4916abfd6926ecdc60d70628b9509800685228ac2bc9e8618d7273c5aae30e"
".venv\Lib\site-packages\pip\_internal\utils\hashes.py","4972","5c618b2f4006f3e4615a7cb3f3bc45e8c159fbe04a69d1d4df90f8ede02908a2"
".venv\Lib\site-packages\pip\_internal\utils\logging.py","11845","38d7dbae1683db8f1a924a2c2bbf627fdee7db4100071c233b1a79744e510916"
".venv\Lib\site-packages\pip\_internal\utils\misc.py","23450","0d69d8c41508b63469ee1871120e2287a3fa6292abca433ce9d6e2fc4714f124"
".venv\Lib\site-packages\pip\_internal\utils\packaging.py","2142","726f97ff41d51d5fe3470515661e80b845aa4a2b737fc129689ed4bf6506bba0"
".venv\Lib\site-packages\pip\_internal\utils\retry.py","1392","9a115bca45e38539d97e0cdebb2faf97d73c9c40a7627fc232dc0d257dad6334"
".venv\Lib\site-packages\pip\_internal\utils\setuptools_build.py","4435","a2e5e9b9dfa3792f313f24cfb1727e9b7e0d3ef2b9a2ce39a2d03375257f2091"
".venv\Lib\site-packages\pip\_internal\utils\subprocess.py","8988","12cbea49189230717df13f13c66bba34b53753ef8ca534d08ed36028fd0ffbe3"
".venv\Lib\site-packages\pip\_internal\utils\temp_dir.py","9310","e6a3977bc33825e63abda15033cebb779ce4a756d2c0c67e293e63ca698fd198"
".venv\Lib\site-packages\pip\_internal\utils\unpacking.py","11967","fe055dcb34d10cc624b699d89639f83a8c6b653b4c09fe319274a6e2b2b459a0"
".venv\Lib\site-packages\pip\_internal\utils\urls.py","1599","a9c7923996f995b343ac736cbfbfd2e0be18b6cce36b93703ca50c9d91db6273"
".venv\Lib\site-packages\pip\_internal\utils\virtualenv.py","3456","4ba7fb72c628ad1a620fa72f9f78c849961cdc8f0f242e371f988c1694401035"
".venv\Lib\site-packages\pip\_internal\utils\wheel.py","4494","6f8e368e4c9d1478d7cc3cba70c47b329cd6049d50f36851e45df77267075778"
".venv\Lib\site-packages\pip\_internal\vcs\__init__.py","596","500aafce96e2d156d9a3751beac904799030fa8a08651fb35ff5a909bc720a85"
".venv\Lib\site-packages\pip\_internal\vcs\bazaar.py","3528","10a4ad71068aa4dbb434ae29e50d7439ce316f70d4c45c34db85eb272e346c54"
".venv\Lib\site-packages\pip\_internal\vcs\git.py","18177","deda5cf4b400fc9e08556e6be4dbd669a49e0f372624ead215937427cbc829f5"
".venv\Lib\site-packages\pip\_internal\vcs\mercurial.py","5249","a142ce8732765227bed3a775a2690bfbf19cea6786694932a20bea1bd642c8fb"
".venv\Lib\site-packages\pip\_internal\vcs\subversion.py","11735","75d4ee80706a1f357779b2a55394171cf378814aa5c976cec7cabc3605cabecf"
".venv\Lib\site-packages\pip\_internal\vcs\versioncontrol.py","22440","72f7fffa19d302340b5c9dddd7b14c36141f70ed4070a594175d2d7eb6323fe7"
".venv\Lib\site-packages\pip\_internal\wheel_builder.py","11799","0cbdc0f0b29e463fc00a9d75592e704a001280f16a7b201e5c929d5df99a5975"
".venv\Lib\site-packages\pip\_vendor\__init__.py","4873","258b805ef0a58489f122b036153a79a7ebae5952fb595ebebc4a53b38ebe421e"
".venv\Lib\site-packages\pip\_vendor\cachecontrol\__init__.py","677","2cc0b90817bde1944be71865cf0c8f0e61d7bc10f4a7b953e11dd9ef70fa6bf2"
".venv\Lib\site-packages\pip\_vendor\cachecontrol\_cmd.py","1737","8a2b2dd84a7326f0d5221300c57abc8859d306c89901dea2a65c5f98d6e83729"
".venv\Lib\site-packages\pip\_vendor\cachecontrol\adapter.py","6348","7de6e36382d5f3b8a20882b78dc97c887e7c89a480edbf56928bec0722032b46"
".venv\Lib\site-packages\pip\_vendor\cachecontrol\cache.py","1953","397c2fec59f60309ca3626a12479e3b6f68a2e776f54bbfffb33be96d955f6a2"
".venv\Lib\site-packages\pip\_vendor\cachecontrol\caches\__init__.py","303","76daebae82b90670034751968c2675f5a674b45b0c7ef141b4b410535b29fda8"
".venv\Lib\site-packages\pip\_vendor\cachecontrol\caches\file_cache.py","5399","6fba0c82c452a8f984b289d5270eae144614945803e8617c4f269c3861b5c773"
".venv\Lib\site-packages\pip\_vendor\cachecontrol\caches\redis_cache.py","1386","f6b9aac2d62efe58d5916ebfa0ba9b0bb11a5ff6bc613ff22ee9daf9e4b4760a"
".venv\Lib\site-packages\pip\_vendor\cachecontrol\controller.py","18576","8256cf8f6899946a9d060f33d3d0f60ed40ece83865e75afcbb2b62c4c81b044"
".venv\Lib\site-packages\pip\_vendor\cachecontrol\filewrapper.py","4291","da4b5734f1342aa9f2cc5db868eb0a080e7c1d0ab5c5e0ba97683aff3c238217"
".venv\Lib\site-packages\pip\_vendor\cachecontrol\heuristics.py","4881","82a31753cc34810b8442249dbb7620fb4bddf645bb9eb58a6cb71aef9ae17861"
".venv\Lib\site-packages\pip\_vendor\cachecontrol\serialize.py","5163","1d0776225950d391f33e454b3174c5dae5f99a31108c3064c42a94254383a599"
".venv\Lib\site-packages\pip\_vendor\cachecontrol\wrapper.py","1417","86c19cee0f101904d3fb87fcb60cf700ce6ac12720e853b405274b491744be95"
".venv\Lib\site-packages\pip\_vendor\certifi\__init__.py","94","a7f19866b8d4c0f0548692e5099a066f49a2281292a83032642e43bc8baa6c74"
".venv\Lib\site-packages\pip\_vendor\certifi\__main__.py","255","d64dc2afde6f0b1c464460e58eb5b7c0c76965d2f73617f4bb59fe936a9db026"
".venv\Lib\site-packages\pip\_vendor\certifi\core.py","4486","d92453e6b21c4028450db7b7ec141afa450bc40809f2a37a9758dfa93a781c8b"
".venv\Lib\site-packages\pip\_vendor\distlib\__init__.py","625","75cc2060660642a0046b00573c3b48c7cd033bfddc3a616ff074dcf093339274"
".venv\Lib\site-packages\pip\_vendor\distlib\compat.py","41467","da34528d1238a3ebe55de4cad8108621486473a7bd646852b1a711339a2c793c"
".venv\Lib\site-packages\pip\_vendor\distlib\database.py","51160","987cbf2f189722c21545bf93d3e89d06b54bc3715f8a3e6d7870a96e3989f585"
".venv\Lib\site-packages\pip\_vendor\distlib\index.py","20797","9536f0dbaf2b4618fc770d6c89bdd567fd048521a0a093b714a27348530e69e0"
".venv\Lib\site-packages\pip\_vendor\distlib\locators.py","51026","a0178066916e3d0498d3d3203672df4061805d7bd53bde8116967228cb8ae2d3"
".venv\Lib\site-packages\pip\_vendor\distlib\manifest.py","14168","dea7e6026570c51a94d68db70257d7ad0199ce1ea0fc61b34c03ff1dbf42e734"
".venv\Lib\site-packages\pip\_vendor\distlib\markers.py","5164","5fab03be41467184bc8145bc85fb16b8a10a02a85064027b89738c2f14588d89"
".venv\Lib\site-packages\pip\_vendor\distlib\metadata.py","38724","ce2977b20d8451f2d75628258d8d9dff4dc826df894acee75feef77c408c5f6b"
".venv\Lib\site-packages\pip\_vendor\distlib\resources.py","10820","2f06cf92c73403524c6e2e979ee3dd301527f375fb04fb85356a8f184288ebdf"
".venv\Lib\site-packages\pip\_vendor\distlib\scripts.py","18608","04996268301969507b580930a24802dc75f02c3da25a21da548e741fb0ba786f"
".venv\Lib\site-packages\pip\_vendor\distlib\util.py","66682","bcc3c6bec4b88fd845e98f64dd3ca89b569a1cb6f4ac5999004cb378075e97dc"
".venv\Lib\site-packages\pip\_vendor\distlib\version.py","23727","b39548b3cc019f47f1cc6c5633f680d99672c79db91dc65b32f713953c99dd18"
".venv\Lib\site-packages\pip\_vendor\distlib\wheel.py","43979","0c521582e1101c27719d27403b475f16c80c72f5598ad83b6c23ae2f067b03fb"
".venv\Lib\site-packages\pip\_vendor\distro\__init__.py","981","d9f1e317e49f80fbe3c8d67588787fc23a96751fd8a393831f0642d232c13e17"
".venv\Lib\site-packages\pip\_vendor\distro\__main__.py","64","6eef5ddd389fa0a72264572a441bb2815dc64ae4e19d50ff9b620ae1ccfde95b"
".venv\Lib\site-packages\pip\_vendor\distro\distro.py","49430","5ea6de7da7008434f8cebfedae76c0d79798f2f74ae064e08609af506ac433fe"
".venv\Lib\site-packages\pip\_vendor\idna\__init__.py","868","30fa8d0cb65b5ea19a35d5f1005862a853ca1105e3bb68cd42109ecbafb97893"
".venv\Lib\site-packages\pip\_vendor\idna\codec.py","3422","3c47b0dc8b70ce35b887299b6ac9edcb6376397bcd7201c1f898eb06ec473d86"
".venv\Lib\site-packages\pip\_vendor\idna\compat.py","316","4732f2e90402765f7bf3868585bd845fd10a1822638343f73e294675e5d7731f"
".venv\Lib\site-packages\pip\_vendor\idna\core.py","13239","60963200c9f089010f8d50b8f85aaefe9e0227ac8a2ae0c69a9a41350350a45b"
".venv\Lib\site-packages\pip\_vendor\idna\idnadata.py","78306","5b7d067081afb4e598c008d98f8663ba8b94bad0ba7df80dbb28c9cbb7d9fa5a"
".venv\Lib\site-packages\pip\_vendor\idna\intranges.py","1898","6a652d91d8587101bc66bf82a0c33f91545a731922bc2d568313756fadca29d5"
".venv\Lib\site-packages\pip\_vendor\idna\package_data.py","21","ab9f52dce5ec739548f23eaf483d2c18133293acd9e2f58544413cf3208960ab"
".venv\Lib\site-packages\pip\_vendor\idna\uts46data.py","239289","aedf742bd278d20512c29a433c2ae18e08b9000ea958ceb974419149feab2213"
".venv\Lib\site-packages\pip\_vendor\msgpack\__init__.py","1109","ade45a88eb44cd28cf9ebed3a718e022f6df967e6957ae8586b89c02cd9e0be8"
".venv\Lib\site-packages\pip\_vendor\msgpack\exceptions.py","1081","7424d67a2f1da64accb100dc8d093be004e5f47b08047d326edf3338f36a3187"
".venv\Lib\site-packages\pip\_vendor\msgpack\ext.py","5726","92d789bf4de7f6d633779a28df1628a554e8e2f45a031a27050409857a21659a"
".venv\Lib\site-packages\pip\_vendor\msgpack\fallback.py","32390","d20d4fce9d2fb66044989e70f45decffe24c55444ff114b81b571ce5345a02c2"
".venv\Lib\site-packages\pip\_vendor\packaging\__init__.py","494","764e136bfbe67552716070dc7f286f40dc3c5773e0481a2628d5ea83e0f62436"
".venv\Lib\site-packages\pip\_vendor\packaging\_elffile.py","3306","71f940400904db9b738589aafda0a2ef641f6d3fed9fcf75b4fcdfa5b7873b01"
".venv\Lib\site-packages\pip\_vendor\packaging\_manylinux.py","9612","be5e4e0a8cf8931f341f9af05ca7975a397d58d2121a6af86604e94cff6553d7"
".venv\Lib\site-packages\pip\_vendor\packaging\_musllinux.py","2694","a7d66a35888e22d19e7bc29c64578717f61c76157018774aeabfbc9608b1bc64"
".venv\Lib\site-packages\pip\_vendor\packaging\_parser.py","10236","b3f4ef4ef0cd2b436b336401dd529385d58533835cd0fe899e439b925dcc8e93"
".venv\Lib\site-packages\pip\_vendor\packaging\_structures.py","1431","ab77953666d62461bf4b40e2b7f4b7028f2a42acffe4f6135c500a0597b9cabe"
".venv\Lib\site-packages\pip\_vendor\packaging\_tokenizer.py","5273","27abf91fb273bdbfa0f35c69ff640008ac0eecbc47400ea292bc8c53bcd7c0df"
".venv\Lib\site-packages\pip\_vendor\packaging\licenses\__init__.py","5727","035d7af85538f7f0f3e35eb6338cb5b8089937846075cf3717135df048e57ea2"
".venv\Lib\site-packages\pip\_vendor\packaging\licenses\_spdx.py","48398","a009b5ced3c5c25b2608a7bb94002cbff38839f4b57160eef5b34191ebbeda7b"
".venv\Lib\site-packages\pip\_vendor\packaging\markers.py","10561","73cf5337307b65d198864a2f9ba3d89aa1b21f15e561568b5b9f753c750d283f"
".venv\Lib\site-packages\pip\_vendor\packaging\metadata.py","34762","60989b33b1987b8adef3ed1adce9579864be5c38131283b8b6506ddaadb90678"
".venv\Lib\site-packages\pip\_vendor\packaging\requirements.py","2947","818c9148075bac8c8a0d8ebaba02035108d132fc641f600b8a84e65f7b672faa"
".venv\Lib\site-packages\pip\_vendor\packaging\specifiers.py","40098","84653a92e09defb6cbfa6b082fac8b0a9e8c353ef94523142990ee8eedba73c5"
".venv\Lib\site-packages\pip\_vendor\packaging\tags.py","21014","085aab2730337365cd19ec5eac7fff4fe639230abb59bb185ec88b1112d6c58d"
".venv\Lib\site-packages\pip\_vendor\packaging\utils.py","5050","d05dc787d385b9182b8538066549792b6d85bf560fdad665d73ff680eea42620"
".venv\Lib\site-packages\pip\_vendor\packaging\version.py","16688","a221eacd352ffe9d768698e0b0b0d571a179853ee90da48e56250d303e064d6d"
".venv\Lib\site-packages\pip\_vendor\pkg_resources\__init__.py","124463","8eb84345b3ae6cfef842e3d7c5ded4ecfa38d8f1f697e2d9d977dc3bb965a59e"
".venv\Lib\site-packages\pip\_vendor\platformdirs\__init__.py","22344","26e791d9c44b93163b8b08a4faa356242c0a3ab025060560719fc81d0cea18b1"
".venv\Lib\site-packages\pip\_vendor\platformdirs\__main__.py","1505","8c127ccdbecca71e5e6dca85f37c6ba4ef7831a782a4d18755ff5cbc337624b8"
".venv\Lib\site-packages\pip\_vendor\platformdirs\android.py","9007","915e682f75770d9e9664abbdc85890ba9bf5f32a7f8e5495d82847d5398f71db"
".venv\Lib\site-packages\pip\_vendor\platformdirs\api.py","9246","d9d7d40cd6c45de0e10ca6abaad479358ee852291467845986cde8cecb668414"
".venv\Lib\site-packages\pip\_vendor\platformdirs\macos.py","6154","5256f2159f11ceedf19dd0aa4041eb7ec613787c187456a9d48a33fb2c6f793e"
".venv\Lib\site-packages\pip\_vendor\platformdirs\unix.py","10393","b913c9591c9012dbfbc8e4af53de2b526b1b968e572832c0d52cc5839e646cad"
".venv\Lib\site-packages\pip\_vendor\platformdirs\version.py","411","a07e0a8137cae009256d3615715ff2ca7bc9f492c8de9caf0d56b2d2146c2c2b"
".venv\Lib\site-packages\pip\_vendor\platformdirs\windows.py","10125","205a62a21501c313ed0b39722b036dc725b8264f2169ae96f28e7d99fac35d5a"
".venv\Lib\site-packages\pip\_vendor\pygments\__init__.py","2983","ecdd6889a5ae970fe70ac4d8e04122c582f3d79a56639bb8b8f005162fa27a55"
".venv\Lib\site-packages\pip\_vendor\pygments\__main__.py","353","8ac2210712e0eb99cb957ba41b856432e3df35d77b805cd367f47fcf743c7626"
".venv\Lib\site-packages\pip\_vendor\pygments\cmdline.py","23656","2c8573980ba7964f6c449269e783b8291cbd18320de16bb5deff69f50cdf18f3"
".venv\Lib\site-packages\pip\_vendor\pygments\console.py","1718","ca13fd52c2c056658a5507f6e38e8925ec2403b0225de7937f821e8373a2d9f5"
".venv\Lib\site-packages\pip\_vendor\pygments\filter.py","1910","fc00cd3c2b240fcfc69a87478bafcba1580f537661df7e9a0424f970e79332cd"
".venv\Lib\site-packages\pip\_vendor\pygments\filters\__init__.py","40392","45d79d2b629629794ac11edcbe47ebdcd523f588994203208a544c1548368cf0"
".venv\Lib\site-packages\pip\_vendor\pygments\formatter.py","4390","8c35814e7765047d99e486191550e73f4aa7d426934234d6b7b8801ad0a72448"
".venv\Lib\site-packages\pip\_vendor\pygments\formatters\__init__.py","5385","f0da3e354b3cac14d2481248bf8852110b76334705078870013d2c9d57364061"
".venv\Lib\site-packages\pip\_vendor\pygments\formatters\_mapping.py","4176","d42c37ec5b9094d69c9f144a9ad94f5f89f22e85fdfedb64a39670b1c354659e"
".venv\Lib\site-packages\pip\_vendor\pygments\formatters\bbcode.py","3320","dc940b238e6d72b43f91150c8ee69be82ec76f45d4b1b556aaa6d29fd70c8e42"
".venv\Lib\site-packages\pip\_vendor\pygments\formatters\groff.py","5106","337f64d0f692499467c568ea05254f905d26bb5f95afb6e6e91b05becf8234de"
".venv\Lib\site-packages\pip\_vendor\pygments\formatters\html.py","35669","484da3737602a9b312deb656f440260e501485d571279da003876295e12f0865"
".venv\Lib\site-packages\pip\_vendor\pygments\formatters\img.py","23287","330038c563cb3b087a8fb61cea81f38eea923edd0cd5f879afee414c82147ec5"
".venv\Lib\site-packages\pip\_vendor\pygments\formatters\irc.py","4981","769d59d25fce6c9e4d161f4c86a2c6839a6d1b986026a79d4f6564badb7dbf43"
".venv\Lib\site-packages\pip\_vendor\pygments\formatters\latex.py","19306","5cc9a1382a94283050b46e66189340158c40a6a682e69ba8e5c3263df2b7f78e"
".venv\Lib\site-packages\pip\_vendor\pygments\formatters\other.py","5034","e7a3cc24e9628a7fab01476744cd22d70b15d467543ddfddbd0ab4fd43df17d7"
".venv\Lib\site-packages\pip\_vendor\pygments\formatters\pangomarkup.py","2218","cb5e94d34695618105a5e09f19795805231a706e36e426dfa06f2829b29e8088"
".venv\Lib\site-packages\pip\_vendor\pygments\formatters\rtf.py","11957","653f7476670ac896e8201d2602b84bec8844e3aec65d13741bb4005201b4dd3a"
".venv\Lib\site-packages\pip\_vendor\pygments\formatters\svg.py","7174","28ab22a2984fba91eec66d12a3e32c6d0116393e7820089217b8593e6c6d2971"
".venv\Lib\site-packages\pip\_vendor\pygments\formatters\terminal.py","4674","0288cd1b83252aad8be88b02fd59d71eee006c70819fd3ada20eaee395efc5e2"
".venv\Lib\site-packages\pip\_vendor\pygments\formatters\terminal256.py","11753","90690d515a37169c23cad2034b489fefd12e528ae8029adc5adde282b708a93d"
".venv\Lib\site-packages\pip\_vendor\pygments\lexer.py","35349","4d81c3b7ffff80d5b86b14e5db3bcf65f7fe5508bc7cf68887938a45c5528d43"
".venv\Lib\site-packages\pip\_vendor\pygments\lexers\__init__.py","12115","a48971c9026ebbfb3287d944d3cd1cabc71e55b11570aa74a2c0055397dac095"
".venv\Lib\site-packages\pip\_vendor\pygments\lexers\_mapping.py","76097","eb5fa1df3af5d379b4d4e4b9054abf01f5222fd608d3a55eb3d8a943b938bebe"
".venv\Lib\site-packages\pip\_vendor\pygments\lexers\python.py","53687","d89fd826b3d3aff03a7c963fa8a88abf41a980fc0732b94c49ea39f6a3777dee"
".venv\Lib\site-packages\pip\_vendor\pygments\modeline.py","1005","82d4586414be08a3820d71e1199a80a5ba0705a670187f20ce73773ba9eec63e"
".venv\Lib\site-packages\pip\_vendor\pygments\plugin.py","1891","8a8789dd07a827e510859a58f492fbbdbc6c4d5bb0c0cec10aef896fc9cdd005"
".venv\Lib\site-packages\pip\_vendor\pygments\regexopt.py","3072","1e4cb8101d77ac85c41d050d930982ad8aad2259d70de84d477333b5a7d9e37c"
".venv\Lib\site-packages\pip\_vendor\pygments\scanner.py","3092","343cb7a1f2bf7c74452b88480efc696a61bcef569ec2a72c21beac8138bb1619"
".venv\Lib\site-packages\pip\_vendor\pygments\sphinxext.py","7981","88ea6d24172a3863f0304276a7bd0fbf0a593c819dbdd67c771beaea4cf10e00"
".venv\Lib\site-packages\pip\_vendor\pygments\style.py","6420","ad2099585a60d7f0f014c5c35349c456601c047a6e4067fd471bce3cf42f28b4"
".venv\Lib\site-packages\pip\_vendor\pygments\styles\__init__.py","2042","a9493aff5cf92a64fc11d2456588044a61ba3ff1c917fdaf56b0c3ec74821986"
".venv\Lib\site-packages\pip\_vendor\pygments\styles\_mapping.py","3312","ea5a2f154136f6dcfa12c5775d8638860a3327bab524bedc7cedd43a58274bcc"
".venv\Lib\site-packages\pip\_vendor\pygments\token.py","6226","a99c13ecb48fcb96016372600e3badeb8d820b2ec9750cc07e6a83f4d993e63d"
".venv\Lib\site-packages\pip\_vendor\pygments\unistring.py","63208","a797358be1e1a088567a6cbd094b1a37da37f68a266073715e59745dfc3ab440"
".venv\Lib\site-packages\pip\_vendor\pygments\util.py","10031","dad8f69d2d57f7f3a972e4a37fc74e113d9b0d5661b3c70429dfee4faf85820f"
".venv\Lib\site-packages\pip\_vendor\pyproject_hooks\__init__.py","691","70f07f6bd2d7cf9c6fb116d7d68daac807632dab5925d43f2dce4c70d5fe5fb6"
".venv\Lib\site-packages\pip\_vendor\pyproject_hooks\_impl.py","14936","8d8fab6b19e6c91c81e7baee022b6b25153311ec6e021193a6033282ac7aed9e"
".venv\Lib\site-packages\pip\_vendor\pyproject_hooks\_in_process\__init__.py","557","30934fa5f23170ef85821c6905bc641b5ac58907fa1ce51b5785399aad07167b"
".venv\Lib\site-packages\pip\_vendor\pyproject_hooks\_in_process\_in_process.py","12216","a9c5cc866c7ffcc209ab5d201875b7980e1397c772f18cc731c7309cda0a970d"
".venv\Lib\site-packages\pip\_vendor\requests\__init__.py","5057","1e507f1f386bcc6b5f0ff69a614c14875cd65cb67be7f6022f28adef9774573f"
".venv\Lib\site-packages\pip\_vendor\requests\__version__.py","435","1557e09606663509e660f5e93a8843539f05e4451bffe5674936807ac4b5f3b8"
".venv\Lib\site-packages\pip\_vendor\requests\_internal_utils.py","1495","9cc4329abe21b37d93a95a3901b0ab99c24486f3d487bc57965bb2ab0b252e24"
".venv\Lib\site-packages\pip\_vendor\requests\adapters.py","27607","27b55e571281bdac1bb655f60c4455a34e49f415d371660b30735dd4169af9b9"
".venv\Lib\site-packages\pip\_vendor\requests\api.py","6449","fd96fd39aeedcd5222cd32b016b3e30c463d7a3b66fce9d2444467003c46b10b"
".venv\Lib\site-packages\pip\_vendor\requests\auth.py","10186","905ef9b6a9cb72d67d31ffe19bd4d9223e1c4169cde6ec51cfca16b31e70991d"
".venv\Lib\site-packages\pip\_vendor\requests\certs.py","441","9070e590afdb7ae1d778c3dce63b5adb0825f2074a7945ade5fda74c356bbedf"
".venv\Lib\site-packages\pip\_vendor\requests\compat.py","1485","328f5ff7166979fa1df199be9fdfd2b497154e6c12ba45d1da9dc8432c955ef5"
".venv\Lib\site-packages\pip\_vendor\requests\cookies.py","18590","6cd8be8aa123e0d3d9d34fa86feac7bf392f39bccdde5129830de0ea9692dd7c"
".venv\Lib\site-packages\pip\_vendor\requests\exceptions.py","4272","0f5c2acd85a77b5992dab538ded3fd09e3751bb400cbb7aa2fda3582877a123c"
".venv\Lib\site-packages\pip\_vendor\requests\help.py","3813","85129a7fdbb41bb7ddc2ba8c1ed177a06d7a44a92d45fe8a8b0b52ab6168d7fd"
".venv\Lib\site-packages\pip\_vendor\requests\hooks.py","733","0a2bb2b221c0dfd57951f702057148c7cdc8ac3a6ec1f37d45c4d482fdbc7ed4"
".venv\Lib\site-packages\pip\_vendor\requests\models.py","35483","c782b80a61fe942d25d8a6fe88f7cc3787515f11c471b39a11604bfe2d3d0302"
".venv\Lib\site-packages\pip\_vendor\requests\packages.py","1057","fd94030894c9f123f79155ae9d2a81b1164d3f38f673558556a6ddaf4f29cf75"
".venv\Lib\site-packages\pip\_vendor\requests\sessions.py","30495","ca44c8f145864a5b4e7c7d3b1caa25947ee44c11b0e168620556901a67244f0e"
".venv\Lib\site-packages\pip\_vendor\requests\status_codes.py","4322","889500780db96da4ddc3ee8f7c3d1e178aa1a48343251248fb268cab1b382c42"
".venv\Lib\site-packages\pip\_vendor\requests\structures.py","2912","f886e6855cf4e92fb968f499b94b6167afba0fd5ce8d1b935c739a6d8d38d573"
".venv\Lib\site-packages\pip\_vendor\requests\utils.py","33631","2fbf6f9c56f32774852cab49c29a167b8d53a338b746566ff78a58d53148ca8c"
".venv\Lib\site-packages\pip\_vendor\resolvelib\__init__.py","537","879d3d4dd11ca5be7ee382689da5377b1d93335e465412e333d08d08fc274d3b"
".venv\Lib\site-packages\pip\_vendor\resolvelib\compat\__init__.py","0","e3b0c44298fc1c149afbf4c8996fb92427ae41e4649b934ca495991b7852b855"
".venv\Lib\site-packages\pip\_vendor\resolvelib\compat\collections_abc.py","156","bb2f31519f8d0c4c3dd7ab6e8145e6f0783008688c3b47fe45c767a647d77ceb"
".venv\Lib\site-packages\pip\_vendor\resolvelib\providers.py","5871","7eebaf56b09eb6ee60b313c1e37111ca37cef1a45e4b7ac5407a4382222d6ece"
".venv\Lib\site-packages\pip\_vendor\resolvelib\reporters.py","1601","4d26d1996cd3736eb0d2082c5756f15697960c1f10348adeeadc1897b1886411"
".venv\Lib\site-packages\pip\_vendor\resolvelib\resolvers.py","20511","1bcaec2d94aaeb883956622afa507b51c209d608c0c48409993178444665790d"
".venv\Lib\site-packages\pip\_vendor\resolvelib\structs.py","4963","d3fd7f5cef33fc22e17a03f75697fd549df325c7cb9b434e1d133e8b4624cf7a"
".venv\Lib\site-packages\pip\_vendor\rich\__init__.py","6090","751c6320bf926c5558d2adc88d232b7e00531eb9b52d90e02ceca0541c226197"
".venv\Lib\site-packages\pip\_vendor\rich\__main__.py","8477","78eec2abc267ae01bccd5a1e226880b3ddaade15cd3087e9d30e6532c3bb4366"
".venv\Lib\site-packages\pip\_vendor\rich\_cell_widths.py","10209","7db99ec9eb447478f313f571da5d6e2bbb673ce84cb365f59497cedefb0a0e90"
".venv\Lib\site-packages\pip\_vendor\rich\_emoji_codes.py","140235","86ed552fd9db55da6926b5688a356c85195c4517bfbf7763bb7326776b0a65d6"
".venv\Lib\site-packages\pip\_vendor\rich\_emoji_replace.py","1064","9fe91c7adb04531d99526850adf78c35cfad79e1a1a6e490e45f153c1b32bc3a"
".venv\Lib\site-packages\pip\_vendor\rich\_export_format.py","2128","448d3ca52ae6e6d052ccf32f9db4ea6c3f5621a95a3a837977833545398bab56"
".venv\Lib\site-packages\pip\_vendor\rich\_extension.py","265","5ede3b41a7022b062bbb38c38be80e06aef6e0945e0e3f429bdc548b97ebfb7e"
".venv\Lib\site-packages\pip\_vendor\rich\_fileno.py","799","1d66713f90b66a331b1ebcaf01066c79f9557d0a06cec28e1f3286b0b0fcca74"
".venv\Lib\site-packages\pip\_vendor\rich\_inspect.py","9655","40cd399441671684da16aa676f1fb304423a93ca082ab0f772f8c43903612a28"
".venv\Lib\site-packages\pip\_vendor\rich\_log_render.py","3225","d41c88d0f035669c5963708624e2b9e218e5ab85fe073fdba088c8a8277c2a7b"
".venv\Lib\site-packages\pip\_vendor\rich\_loop.py","1236","855ffa08b7683e6d2f6b6d96a70e332aa334458b33dd36715e3d0fa12fbd7834"
".venv\Lib\site-packages\pip\_vendor\rich\_null_file.py","1394","00318aa75cadfa4ef414c295ead9ea0aa79c07ead2273a7e590b03ecb3cbfa48"
".venv\Lib\site-packages\pip\_vendor\rich\_palettes.py","7063","71d7afd4940a67426f960b95f62a478339d3767be52335050c16f422dd8fce32"
".venv\Lib\site-packages\pip\_vendor\rich\_pick.py","423","7af0edf10378945e428b0ad421794e2429ed8ad0423ac23764b3c42005512c95"
".venv\Lib\site-packages\pip\_vendor\rich\_ratio.py","5471","66de7c6a9b3323a84001c5cfa607562a9bb7737d5405679b39e47899bca9b6f5"
".venv\Lib\site-packages\pip\_vendor\rich\_spinners.py","19919","536af5fe0ff5cd28ec8e251d00449cda200c7378b8ae2fd2f0f60fea4439cf52"
".venv\Lib\site-packages\pip\_vendor\rich\_stack.py","351","f82f0e2bbaf19f7b0851d570c59041a5e1e12335f4788f9533731e9987da5e6d"
".venv\Lib\site-packages\pip\_vendor\rich\_timer.py","417","cde9716d3ea83c566736bc163e973592d51e013f957387ee15c4592d018bb4c2"
".venv\Lib\site-packages\pip\_vendor\rich\_win32_console.py","22755","05268344833004b2139ff9b499344b3ea304e6afaab8675232e60ca587982707"
".venv\Lib\site-packages\pip\_vendor\rich\_windows_renderer.py","2783","b7be192f7c6e0c23f79e64e9f691f52f92e223671a909b9045095e1c225eae59"
".venv\Lib\site-packages\pip\_vendor\rich\_windows.py","1925","681c1a0ff4b9e926e0a2922f6b2566a64d18dbcbb06360b905a6f5c25dc1a7e2"
".venv\Lib\site-packages\pip\_vendor\rich\_wrap.py","3404","1654aca26e445f42d5900dca5b2df8c879c27cbb6a5fe6487a95ca87eef4ae97"
".venv\Lib\site-packages\pip\_vendor\rich\abc.py","890","38df84f99a924a1799f3c56b297d8cdcf5e915b18451464f31afc07f497ee1fd"
".venv\Lib\site-packages\pip\_vendor\rich\align.py","10469","461fb769d9c368dd40a34ec48d1d8f86013ad8f18b3e03bc48cc09064bb5bab4"
".venv\Lib\site-packages\pip\_vendor\rich\ansi.py","6921","02fb352c76d275cc8ebc339da442d952850b7018987b063be9e341a7ab85061b"
".venv\Lib\site-packages\pip\_vendor\rich\bar.py","3263","95d6d51cecca24e9df95536ebf5c52ee0e9d2d7d84df03275e474f6e9cc94dcb"
".venv\Lib\site-packages\pip\_vendor\rich\box.py","10831","9ebe5f608520841fe250212aeb2d19dcb9424fc8053c3af337dbb6927eed265e"
".venv\Lib\site-packages\pip\_vendor\rich\cells.py","5130","2ab4248f9f8b821082a492d23502320198e775ce1b9c4a8e1268b962e67d5026"
".venv\Lib\site-packages\pip\_vendor\rich\color_triplet.py","1054","de585091d25bbd63e82c33be0276089805a626f579765818342559f7b39168de"
".venv\Lib\site-packages\pip\_vendor\rich\color.py","18211","dc74942d50e3eea4245d47455afefc24e8926737f2e72d6791c6219dadbde95d"
".venv\Lib\site-packages\pip\_vendor\rich\columns.py","7131","1d45f429c326f5db0a362d757d36e233f876883b65f3248269573195a944ceaf"
".venv\Lib\site-packages\pip\_vendor\rich\console.py","100156","9ca8eb131ffbc72f0a1a60d54fe060348234479866d5c7b18401c3c1dc0d56a8"
".venv\Lib\site-packages\pip\_vendor\rich\constrain.py","1288","d5520fb82f0082d296adc9dc42b8c1758a80dc9556cacbba8d9a35aeb87b73b4"
".venv\Lib\site-packages\pip\_vendor\rich\containers.py","5502","73fe7a4f171e74662a0dea4704c4ee65d5088a38ad010827a31f9075ed19d6aa"
".venv\Lib\site-packages\pip\_vendor\rich\control.py","6630","0d29074d440ba2b7d211100a13fa1300450579f667669e1b41be2af2b1db2b0b"
".venv\Lib\site-packages\pip\_vendor\rich\default_styles.py","8159","759c606920fd554cbb49741284edf768b622016b290abdac0906455ff24ad63e"
".venv\Lib\site-packages\pip\_vendor\rich\diagnose.py","972","6a7eaea2ec2128f025bd0858a4d3691aaf44272b1f3083afbc26cede84a8476e"
".venv\Lib\site-packages\pip\_vendor\rich\emoji.py","2501","a264c5f5ab1a027b0ce322d8f78791ffd7604514a6d651d4b335f6d03d726024"
".venv\Lib\site-packages\pip\_vendor\rich\errors.py","642","e693f729ce5de1027f734285b31adfca18e23d57bb275ccea9215b140cdc57e6"
".venv\Lib\site-packages\pip\_vendor\rich\file_proxy.py","1683","4e5f531cc0d9f8f9395a6f2c23580683f5390e1bac9b10fe159d1f51b714d16d"
".venv\Lib\site-packages\pip\_vendor\rich\filesize.py","2484","fe2cfd948a5182f5bb30d49e0999cb83e1f0cdb3f81844e0e78dd6a83f1216cd"
".venv\Lib\site-packages\pip\_vendor\rich\highlighter.py","9586","1bfb27fbc0ca8ccd6c1232c6fe8738a2f9169a25295af8fc6d78b4c9e7762e76"
".venv\Lib\site-packages\pip\_vendor\rich\json.py","5031","bd512829d6b0a094630056b23f05e43013cbcbb4524ecf9fe38c124034769c9d"
".venv\Lib\site-packages\pip\_vendor\rich\jupyter.py","3252","432a0aa04ffc21d09baed8921e9f53b1348dc931d8d053b9c2113b8ce4ddf541"
".venv\Lib\site-packages\pip\_vendor\rich\layout.py","14004","6a3912140b4456ff44153705b3ec38b997dfb7b9c45e13732fb655760ad3e6b2"
".venv\Lib\site-packages\pip\_vendor\rich\live_render.py","3666","cc9b41e3bd631b3881b44c31739e31d76c0442d1f806e42bd5203cbfd914f36c"
".venv\Lib\site-packages\pip\_vendor\rich\live.py","14270","0e1cc03c49e34f142eabdff4636c61d8c53041c3ff6863e47a72df2844ec9703"
".venv\Lib\site-packages\pip\_vendor\rich\logging.py","12458","660a4a30c058fc1b8c008fc1633a3e52d5da93ab79a07f552bc9bd4362e6d1fe"
".venv\Lib\site-packages\pip\_vendor\rich\markup.py","8451","ddeb8628fe6ce353424306928d39c9c6eb398993078f1a483345ba7c2c6b6b7f"
".venv\Lib\site-packages\pip\_vendor\rich\measure.py","5305","1e6ac8257f2c5914c76e087c33111acbff37564a8d5bfef4b3c68a3f965c608f"
".venv\Lib\site-packages\pip\_vendor\rich\padding.py","4908","295108ded3b0a3db202b560d4ae1fffccd7f8d45a62d9c11555fca98eb55cf23"
".venv\Lib\site-packages\pip\_vendor\rich\pager.py","828","48efc44c114a6e0de7fc080ecd79b8d52bf7e98c57032237fd1f8a398dbfb927"
".venv\Lib\site-packages\pip\_vendor\rich\palette.py","3396","9489ef4753830d3d9fdd464c7cbd60aeaedd63fa4374a1f0e1b75480e19a3386"
".venv\Lib\site-packages\pip\_vendor\rich\panel.py","11235","7c544772f897bd6864dd5df3c796709ac6ff44bf4a2777ac0feb14d0d604572c"
".venv\Lib\site-packages\pip\_vendor\rich\pretty.py","36391","832dd2ef6bb8151836cada28ecdd590d60c8bc1e2e9dbcdde625067609bef1f7"
".venv\Lib\site-packages\pip\_vendor\rich\progress_bar.py","8162","9994cfa4953071f71d8100934f3de4c98f9f73bf5d74bc2dc7a1a18717e8d3ae"
".venv\Lib\site-packages\pip\_vendor\rich\progress.py","60357","32d9828d3939cd853f5ed447c511d30041c6ea117d3de17b10c59b10f95e202d"
".venv\Lib\site-packages\pip\_vendor\rich\prompt.py","12447","974461414fb45154d5f5ed3cc56d416c88f426ad885f20a15f8942d2514dcede"
".venv\Lib\site-packages\pip\_vendor\rich\protocol.py","1391","e611c70c3347724764f22587e7311b8becee215485e616d4da3228e3b47b9531"
".venv\Lib\site-packages\pip\_vendor\rich\region.py","166","acd4fdc59ad56536085d90b43589f8d42250c1835b47e29e70f3b14e042f07c6"
".venv\Lib\site-packages\pip\_vendor\rich\repr.py","4431","e4c64966638d802ea4b9df905befe6d68917c0bd9a47abbacbea54714089cf6f"
".venv\Lib\site-packages\pip\_vendor\rich\rule.py","4602","d1f35a4bf68445add43117374f958ca4dfecba6b43c5f6a8af6cb7a1fd5fb419"
".venv\Lib\site-packages\pip\_vendor\rich\scope.py","2843","4cc514f2aa35eed872a9008faa30cb62983f514d64e6a55df96c2226f9c955ab"
".venv\Lib\site-packages\pip\_vendor\rich\screen.py","1591","628791784494871ef882ba9bd264926fd960861cac5a6147621b1b3154235cef"
".venv\Lib\site-packages\pip\_vendor\rich\segment.py","24743","a2d9ca78a18457e591950568b1f2557850dc0f100a1e9bc9fe12f34aee65ba63"
".venv\Lib\site-packages\pip\_vendor\rich\spinner.py","4364","3d3e6a8173c6dd9a6a463ee7dc4650e8d5b9ea6c7795d66a64253b804332664e"
".venv\Lib\site-packages\pip\_vendor\rich\status.py","4424","9243e987761e019068f97fb8c0fa7c813a99c94e3ae8d2f06410383d94d37b0a"
".venv\Lib\site-packages\pip\_vendor\rich\style.py","27067","692a1435b5607cfd4f02776e02a81b6e5e00310cbaebcaacd92d45130af73aab"
".venv\Lib\site-packages\pip\_vendor\rich\styled.py","1258","799367cc6ac8e248bfe78a606373a3d13fb1de5c5d5d3621e3faf20c1db8c015"
".venv\Lib\site-packages\pip\_vendor\rich\syntax.py","35763","aaa0271146782b9ecfa3cd7fe510719ecb94e0a47349dbc33c084ac3c99aff71"
".venv\Lib\site-packages\pip\_vendor\rich\table.py","40103","c97614af462c3e91b8eba379d07080c366e96f9654baecdd73e1bae9993ea137"
".venv\Lib\site-packages\pip\_vendor\rich\terminal_theme.py","3370","d63e7eb9f25f9ef940a3942c8bf0026625c39b0317cea826141c8e6d3f7ec896"
".venv\Lib\site-packages\pip\_vendor\rich\text.py","47552","00eec93c2cfafa068dd6d8552d73019ed1260cf55816014d1b5a0ceb5fec6a75"
".venv\Lib\site-packages\pip\_vendor\rich\theme.py","3771","a0dca15e119a82d0e56c3c9eded56eddeb16396934bcd92ec45c3efee9e568ad"
".venv\Lib\site-packages\pip\_vendor\rich\themes.py","102","d318132e8cdf69b79b62d709b43742e50917e4855411abe2a83509261e185459"
".venv\Lib\site-packages\pip\_vendor\rich\traceback.py","31797","cfc52837b35b4d0296e980c3515c0e87b17cb2765fea0627516b4eacab0b135c"
".venv\Lib\site-packages\pip\_vendor\rich\tree.py","9451","c969d0eab02f446277a991aa06bc52d925b64ca05336b3f449d63c4313853eec"
".venv\Lib\site-packages\pip\_vendor\tomli\__init__.py","314","3e1370fdec8b81d9fb31c27a9eb00df32226ddd5c2ef9bebd6c546555c034a90"
".venv\Lib\site-packages\pip\_vendor\tomli\_parser.py","25591","f70f0b1b48c1edfc26659581d2f5576de7a30c7725e00348271076b1c1270e50"
".venv\Lib\site-packages\pip\_vendor\tomli\_re.py","3171","b21e2c0434603bde0a259c0d22b81d73257fa906acb79d18bf3380506a510ca0"
".venv\Lib\site-packages\pip\_vendor\tomli\_types.py","254","f864c6d9552a929c7032ace654ee05ef26ca75d21b027b801d77e65907138b74"
".venv\Lib\site-packages\pip\_vendor\truststore\__init__.py","1264","5880decb35a6ec4557e38837e78336e6fa515db798d65b0f1fa12650951cab8a"
".venv\Lib\site-packages\pip\_vendor\truststore\_api.py","10555","19e5d13539713d9de489fe2436887a258d28138411cd319c817afa97f5ff1a4d"
".venv\Lib\site-packages\pip\_vendor\truststore\_macos.py","20503","9d994b90e9accd413483aaf2470055198e423b33f2b9d72c889b4359aacce4b4"
".venv\Lib\site-packages\pip\_vendor\truststore\_openssl.py","2324","2cb519ed919a8a8fa2e5da4a2a328249e4ae7e69fa4fca62f650dc167bd2caad"
".venv\Lib\site-packages\pip\_vendor\truststore\_ssl_constants.py","1130","3540f87d529d483d36ae2efe75bd2d9ced15a8b3fd687bb3992b5c5bbb40974f"
".venv\Lib\site-packages\pip\_vendor\truststore\_windows.py","17993","ac01f22980fc33bb7e6d77c6f1580e55add3a5f85585bb78ad94253b8e58b8ff"
".venv\Lib\site-packages\pip\_vendor\typing_extensions.py","134499","efc8459741e90d8fb29475150a759d5399d31f150fdbe4bedf011993a09098b9"
".venv\Lib\site-packages\pip\_vendor\urllib3\__init__.py","3333","8972dc6222724a7d0635b58e3990c30298012f52603f8e0467c8b5efad12f0c7"
".venv\Lib\site-packages\pip\_vendor\urllib3\_collections.py","11372","a72012249856ef074ea6a263f50240f05c8645fafc13cb94521a94be1174ef6f"
".venv\Lib\site-packages\pip\_vendor\urllib3\_version.py","64","b7dc0607aa283935d782263ae8ad66e81652d422725c7014f04a160d37ba4a19"
".venv\Lib\site-packages\pip\_vendor\urllib3\connection.py","20314","b6d200f74f41adb4d4cf092a11efd3cd9561e0938e8fb83ad58b1e8b69abc068"
".venv\Lib\site-packages\pip\_vendor\urllib3\connectionpool.py","40408","7b67a203035b14d08ac63e1bc0328d2bec3b1c8752cf73a633153f4c8b7e7af4"
".venv\Lib\site-packages\pip\_vendor\urllib3\contrib\__init__.py","0","e3b0c44298fc1c149afbf4c8996fb92427ae41e4649b934ca495991b7852b855"
".venv\Lib\site-packages\pip\_vendor\urllib3\contrib\_appengine_environ.py","957","6c36f2384856d8228b25c42a00a032ac41cdf9a925b321c52aaeaf17c645b269"
".venv\Lib\site-packages\pip\_vendor\urllib3\contrib\_securetransport\__init__.py","0","e3b0c44298fc1c149afbf4c8996fb92427ae41e4649b934ca495991b7852b855"
".venv\Lib\site-packages\pip\_vendor\urllib3\contrib\_securetransport\bindings.py","17632","e1793ae2a2243c1b74f40e6af9120552e0e135cf665e29556a99bb5a7627cd1c"
".venv\Lib\site-packages\pip\_vendor\urllib3\contrib\_securetransport\low_level.py","13922","076241076fcd44fd36c4ae8309ad4f6bd22ec6b3f0c730f365b8b14246fb53d3"
".venv\Lib\site-packages\pip\_vendor\urllib3\contrib\appengine.py","11036","551ebc780544d77ee5c53823043c029dae5488165338a6b4d408fffb905a0b3e"
".venv\Lib\site-packages\pip\_vendor\urllib3\contrib\ntlmpool.py","4528","3657e45bb58c756f338aab9da298c7a16dbdf688350535a2d0878889baae1709"
".venv\Lib\site-packages\pip\_vendor\urllib3\contrib\pyopenssl.py","17081","843261e0c87263fa7ea0a9457187106954110efe86326046b96f728f1c9e7a33"
".venv\Lib\site-packages\pip\_vendor\urllib3\contrib\securetransport.py","34446","15e7f5208514147aa97afcd78833db20690329c858d8554a79578b191d50ab78"
".venv\Lib\site-packages\pip\_vendor\urllib3\contrib\socks.py","7097","6918bd7965e8f5911bf795d4c5e7f8676d421659e78db122028f473ac7a832de"
".venv\Lib\site-packages\pip\_vendor\urllib3\exceptions.py","8217","d0c9e7a372874cd7d745f63beb7f0db9f38f9146fa9973a6f8baa3fb8c76c3c0"
".venv\Lib\site-packages\pip\_vendor\urllib3\fields.py","8579","92f2c30a0fc9987d652e3514118fc52d2f14858ee106f0cfb951136d8f2676b3"
".venv\Lib\site-packages\pip\_vendor\urllib3\filepost.py","2440","e5bfeaaa04475652fbb8bb5d018073061f861e653901f255b7fd8dd174b73de6"
".venv\Lib\site-packages\pip\_vendor\urllib3\packages\__init__.py","0","e3b0c44298fc1c149afbf4c8996fb92427ae41e4649b934ca495991b7852b855"
".venv\Lib\site-packages\pip\_vendor\urllib3\packages\backports\__init__.py","0","e3b0c44298fc1c149afbf4c8996fb92427ae41e4649b934ca495991b7852b855"
".venv\Lib\site-packages\pip\_vendor\urllib3\packages\backports\makefile.py","1417","9dbcedde2d1a80f54fd3b8eaaa08e16988cc9ae022fd6e44d04cb0662bd53bc1"
".venv\Lib\site-packages\pip\_vendor\urllib3\packages\backports\weakref_finalize.py","5343","b5109a97938084d491c9bd03847a7edfc02d2250ac44ff01c45dcd5feeaba880"
".venv\Lib\site-packages\pip\_vendor\urllib3\packages\six.py","34665","6fd2ccd30057bfb13b4ab6c28c09b8c3037e86b1fe88dc6fd7c2e058d30c28fa"
".venv\Lib\site-packages\pip\_vendor\urllib3\poolmanager.py","19990","696ca15d1b4d3b82549c249556a29329077c1174ef526d5537da60b366dc38da"
".venv\Lib\site-packages\pip\_vendor\urllib3\request.py","6691","61358536bed023087b1355bd75d7bd2ccefbbf65564c9e55efc5ee4d3c3b0f50"
".venv\Lib\site-packages\pip\_vendor\urllib3\response.py","30641","7e60c9005906ef5b854e7fac5524e1d88c345a6717418aa46d18e286fc018d4f"
".venv\Lib\site-packages\pip\_vendor\urllib3\util\__init__.py","1155","2449929a6aaa2f26b0f0fe75814226661f06c20f62d7349ef83a2a022b67da77"
".venv\Lib\site-packages\pip\_vendor\urllib3\util\connection.py","4901","e4bc760753d6dbd2b1067d93d3190dd420604416b780654904aa10a11a201159"
".venv\Lib\site-packages\pip\_vendor\urllib3\util\proxy.py","1605","cd4bcf3c226ba7a74e17437818055b39c97aa3ee2e5ca4ab1a24e492be6f512e"
".venv\Lib\site-packages\pip\_vendor\urllib3\util\queue.py","498","9d1817f3f797fbf564bf1a17d3de905a8cfc3ecd101d4004c482c263fecf9dc3"
".venv\Lib\site-packages\pip\_vendor\urllib3\util\request.py","3997","0b4394b76b5c53a2d189027b61834ff46bcfad2be5ef388805e910fb99e50599"
".venv\Lib\site-packages\pip\_vendor\urllib3\util\response.py","3510","189a60dc4822f6a6895d1c01879c2ff8c36e4566a7e4122ee34a117a8c563f6f"
".venv\Lib\site-packages\pip\_vendor\urllib3\util\retry.py","22050","e8436f399f0f043ce1f24822c69aa5f6522b6f67711fe93b66605a9c9176360e"
".venv\Lib\site-packages\pip\_vendor\urllib3\util\ssl_.py","17460","403bae4f13d20a3d6b62d678c690fb531fabdb44c3e74687caa2b2850ec1ab80"
".venv\Lib\site-packages\pip\_vendor\urllib3\util\ssl_match_hostname.py","5758","22be1c65512398093c8140081d64a2ef0b4e3bcdd4098001636c450f5425fd60"
".venv\Lib\site-packages\pip\_vendor\urllib3\util\ssltransport.py","6895","340faee6b313ac3143142f10cd129410a306d39eb584e0f8a814ebdd9e29bfa1"
".venv\Lib\site-packages\pip\_vendor\urllib3\util\timeout.py","10168","730ab874c93cee624748192d2b59a2609fbce46fb74f74664f6d2fed2142a67a"
".venv\Lib\site-packages\pip\_vendor\urllib3\util\url.py","14296","942004ecce66c80f040dd5b4b09bb2c9985507d2bf8f7f258d684702715a5a81"
".venv\Lib\site-packages\pip\_vendor\urllib3\util\wait.py","5403","7ce5f4fdf6a8cc6d8fee25688d0a04d666f277078dc93726fa15c47c5ad3b4b2"
".venv\Lib\site-packages\pip\_vendor\vendor.txt","333","116f84ddc1395c402d545cc62278a402b38c0f118fd032d45b35e96384597c56"
".venv\Lib\site-packages\pyaudiowpatch-0.2.12.8.dist-info\licenses\LICENSE.txt","550","2b94fbbfe7259b16c5426692398ac816c520b8d0e9d234330df05ac75331f0a6"
".venv\Lib\site-packages\pyaudiowpatch-0.2.12.8.dist-info\top_level.txt","31","c9a4d1d95c7b08a4aa26053c7adcf5a2f343f4baf08324db4a685e75e0bc8251"
".venv\Lib\site-packages\pyaudiowpatch\__init__.py","48460","4d63ad5202c11a4cbd0dfcfe9ef112ea451e8e144f7524ab25b5ba1d856d3d7d"
".venv\Lib\site-packages\pyaudiowpatch\__main__.py","113","250545f73d668c78e7d748bf6684f51cdcdc9dba35971d27acdfa7118cbb1c54"
".venv\Lib\site-packages\scipy-1.18.1.dist-info\LICENSE.txt","45881","f0f5c56b298ec9795df1199edc328a987242716d14a1bde6813112e22dc15f99"
".venv\Lib\site-packages\scipy\__config__.py","6285","e0ff5cba814af5abfe1ffef605ed6079d09ff4f4aeb1a422083df462ee36e084"
".venv\Lib\site-packages\scipy\__init__.py","4659","a11ad8a1eaf423d32a0d3dd6c9be6c7be86068321f043dacd2d555a49418b92f"
".venv\Lib\site-packages\scipy\_distributor_init.py","629","0a6a098851752b233432f9cfa2fea40533bad03e37015958b1f61299a4aea196"
".venv\Lib\site-packages\scipy\_external\_array_api_compat_vendor.py","421","fc62b224b0da701c78b06544122b591b39934814aeabef9afb7216374a8d5368"
".venv\Lib\site-packages\scipy\_external\array_api_compat\__init__.py","1014","a292ec3f5b2da8be8f12ef2d3a0fe0f2ff002622d2b412759e7769e9fbfc26f8"
".venv\Lib\site-packages\scipy\_external\array_api_compat\_internal.py","2149","c918c5a2c56da335206e98055dbcab678a3ed736b6c4577bd6af3158cd68f4d9"
".venv\Lib\site-packages\scipy\_external\array_api_compat\common\__init__.py","39","0b254bf55364b83b6ea8a8217fd1040862a0153b3a37f31fd6160cc385192fd1"
".venv\Lib\site-packages\scipy\_external\array_api_compat\common\_aliases.py","19690","84723875859420a34e69f9ee5af4aa3155bfa2531d6d773c21eff7c3d57cfeb1"
".venv\Lib\site-packages\scipy\_external\array_api_compat\common\_fft.py","4882","b111bf49b00943657f8beac05a625a19f191bbfd846607b74de9983134e52fc3"
".venv\Lib\site-packages\scipy\_external\array_api_compat\common\_helpers.py","33647","67e49b76772e1b8b9280b9d09f91e2c1fd3837d7bf28af05e3b6f745618f81da"
".venv\Lib\site-packages\scipy\_external\array_api_compat\common\_linalg.py","7116","c966c7f6fa4c09474b82fcf0318f52c81d7a400845d485a60b1dab3d955580ee"
".venv\Lib\site-packages\scipy\_external\array_api_compat\common\_typing.py","4687","38a09e90c484c2f569a9e305e9370068ac3de2c47656852cf4aa627a2a070171"
".venv\Lib\site-packages\scipy\_external\array_api_compat\cupy\__init__.py","760","73f3d26554b7fbf8b4f14ac932b423e7664992a5862e77e0bf5471558666e69b"
".venv\Lib\site-packages\scipy\_external\array_api_compat\cupy\_aliases.py","6608","0533d65850f39fb589abc7ce876428dc3a6687b6b0a2bc3e8b048417b92b7e1e"
".venv\Lib\site-packages\scipy\_external\array_api_compat\cupy\_info.py","10466","6a4f546fac9b74d98ab8b4a8d4f131bdc7feb3c103d6d50773cb4e31d3576f26"
".venv\Lib\site-packages\scipy\_external\array_api_compat\cupy\_typing.py","637","7c3fd7c522b59e0d0e14a699ad045d89db30d1126dbefedc31a81dce065be907"
".venv\Lib\site-packages\scipy\_external\array_api_compat\cupy\fft.py","908","0984accb08e5b25650f8843c623b3798e8edaaef80dae14d2e4137e25c88a713"
".venv\Lib\site-packages\scipy\_external\array_api_compat\cupy\linalg.py","1913","c05b50c0ff4201eddd02484af84f9ce841074ca3ef681c6cf50d470e7282d051"
".venv\Lib\site-packages\scipy\_external\array_api_compat\dask\__init__.py","0","e3b0c44298fc1c149afbf4c8996fb92427ae41e4649b934ca495991b7852b855"
".venv\Lib\site-packages\scipy\_external\array_api_compat\dask\array\__init__.py","703","1ff03a6d5c89a4836db812f2eada5ced544afe9c077f597935f3d63fd02916e2"
".venv\Lib\site-packages\scipy\_external\array_api_compat\dask\array\_aliases.py","10801","5b806dafbd7f121b5c8de8fc45fb1cd76231d95962037b8b4f1d524336de9a4d"
".venv\Lib\site-packages\scipy\_external\array_api_compat\dask\array\_info.py","12649","b5daaf7fc51132bf5d84bccabf6ce2bb883a1e3af9284bb0a8916ab303f3ab93"
".venv\Lib\site-packages\scipy\_external\array_api_compat\dask\array\fft.py","349","24e8af1567689953a006b4bc7280a5585824f1e843f89b65bb6ce9b19c51cc13"
".venv\Lib\site-packages\scipy\_external\array_api_compat\dask\array\linalg.py","2204","aad57fbf817d3da8eddcdd2428cdbe613801107fc6e3d6881855a53bb9636d06"
".venv\Lib\site-packages\scipy\_external\array_api_compat\numpy\__init__.py","1102","dbad097bc612500145940458882d8725488fe0fa646b7b20da43d8f5f78aff96"
".venv\Lib\site-packages\scipy\_external\array_api_compat\numpy\_aliases.py","5857","1ce464cb295c9d04987fdc18004e58123ef4294353eb44a15baa89380b63012d"
".venv\Lib\site-packages\scipy\_external\array_api_compat\numpy\_info.py","11162","f37d1c725d25391c97c9a8fa5d052b1839097b112d07dfbec4477fa4a0896a4d"
".venv\Lib\site-packages\scipy\_external\array_api_compat\numpy\_typing.py","634","11e01ce414b4f95e1aafdb95a8b17385f110d8ffeda2ca7b592178ec59e613f1"
".venv\Lib\site-packages\scipy\_external\array_api_compat\numpy\fft.py","744","6984361e9cdea9fe28b4d1f3a5a9631e7096284de7485b9bc9f055e9020a2502"
".venv\Lib\site-packages\scipy\_external\array_api_compat\numpy\linalg.py","6725","18235c7741d838400f511319322024aa7706392f025720bb13a8046c1ea51475"
".venv\Lib\site-packages\scipy\_external\array_api_compat\torch\__init__.py","658","f7d9cfad3f46d4b25348f569f7edcbefe9bd80f63cb33447a7059ab6e0971e31"
".venv\Lib\site-packages\scipy\_external\array_api_compat\torch\_aliases.py","33861","624f1622f18e5f19dc0af59cb0e338f63b8079635921a594108a29c8cd027a9d"
".venv\Lib\site-packages\scipy\_external\array_api_compat\torch\_info.py","12265","5a2c86370526e130a30d260d4bc28bc47f7e87eaba23d9a068afbb66e2e5fcc2"
".venv\Lib\site-packages\scipy\_external\array_api_compat\torch\_typing.py","111","4540dcdd52d834f67841c6799820f47c0ae471fa421692205c3c155a7226c337"
".venv\Lib\site-packages\scipy\_external\array_api_compat\torch\fft.py","1915","31b38dab548f1e4fa423943e8faa260e1bbb46afd83800748d5af8041f672381"
".venv\Lib\site-packages\scipy\_external\array_api_compat\torch\linalg.py","4674","b892bb0d054dd412cb0fce05e9c1e67cf748b7661e6cde7a7a135580b9450622"
".venv\Lib\site-packages\scipy\_external\array_api_extra\__init__.py","991","061f2dc87e4e8865968603832b5c8b9f5458da3af0c9ba28240ab615a71f324f"
".venv\Lib\site-packages\scipy\_external\array_api_extra\_delegation.py","38410","7f140dabd58120375a50ffbcae1a0bcc15b4a529b4a681b73c5283c1eecfb0b2"
".venv\Lib\site-packages\scipy\_external\array_api_extra\_lib\__init__.py","37","e7836693c12ce771c0b75fab5ec7a8a44fc7a2c72b1b8db67ce261f4be86a156"
".venv\Lib\site-packages\scipy\_external\array_api_extra\_lib\_at.py","15779","a7c1cd638ac8bc3cbf264efe58bae729172bcf34482f12f26cb0be0294cc8d36"
".venv\Lib\site-packages\scipy\_external\array_api_extra\_lib\_backends.py","2194","3c7631488f3f2509cf265e99c8ca598c9aa01295bc5e2d4beaf40f97ffff880c"
".venv\Lib\site-packages\scipy\_external\array_api_extra\_lib\_funcs.py","26536","d870de73138733282c80ac20e97276e81f1707463df25d89f18844b75fbc2f30"
".venv\Lib\site-packages\scipy\_external\array_api_extra\_lib\_lazy.py","14168","3c5b803c86301c5168ffc74f4885c33ea85dc5e69e589f0e0c99bda6f253d27c"
".venv\Lib\site-packages\scipy\_external\array_api_extra\_lib\_testing.py","10594","aebf8d89cea1acc6a19ff7bd19050f1d71a2da6fcb76423cb7847bf4aee97129"
".venv\Lib\site-packages\scipy\_external\array_api_extra\_lib\_utils\__init__.py","50","5f83f8fc12fd4880fa22ed904cdf084cad1ed8999465c076ce0739214a47c1b9"
".venv\Lib\site-packages\scipy\_external\array_api_extra\_lib\_utils\_compat.py","1886","602504a9719bc9b264b684841951af0d6c317448cb33899795ac7eb74fb9b7d4"
".venv\Lib\site-packages\scipy\_external\array_api_extra\_lib\_utils\_helpers.py","20402","6d9f7dc0168bdfa1e6b2cdfb3cee0aeb5c23d0a1c75afe373ba3bf31a3704e4d"
".venv\Lib\site-packages\scipy\_external\array_api_extra\_lib\_utils\_typing.py","238","f8e020962a757637801807df0e1be201f78379fe79580bbcafaabc16e4a1cfb3"
".venv\Lib\site-packages\scipy\_external\array_api_extra\testing.py","19980","710f900e845069547cb464d93ad635aaf56300be7cdd4e4dfc4b126a400903bc"
".venv\Lib\site-packages\scipy\_external\cobyqa\__init__.py","598","e25f9537256f21fe34bc1332d63683cacbbe9d7ce33689695b96c0966046c9c5"
".venv\Lib\site-packages\scipy\_external\cobyqa\framework.py","40140","9c8cec29e94a2fcfb16bf40cbfc40a4eb6ddbd2b24e5f2d198238ec7a6328578"
".venv\Lib\site-packages\scipy\_external\cobyqa\main.py","59033","1d78a1cdf176bc2446507b018310493b363b17b79c166ac3a98b361f0cda12b4"
".venv\Lib\site-packages\scipy\_external\cobyqa\models.py","52225","ba644ec323fa7c2c2103e21aa0961040c4baafc97f5af6d164b6b0a9015022e4"
".venv\Lib\site-packages\scipy\_external\cobyqa\problem.py","41499","ad9c9426a20972cb8091e8d02bfc493043df90c8ce13cb879355ff941ea66fc0"
".venv\Lib\site-packages\scipy\_external\cobyqa\settings.py","3958","7d6bb434fc8588113ef0da3847d078a542928c46ee4a569ad005ad1c8cc76e50"
".venv\Lib\site-packages\scipy\_external\cobyqa\subsolvers\__init__.py","355","f7aca57a778987e62d32d09af2d1bc71fb0d33e63fd65177d23279b6720a2108"
".venv\Lib\site-packages\scipy\_external\cobyqa\subsolvers\geometry.py","14560","d633b7d28d8d9b80622a96fe180bfc52a8f54a70cd2e9a3d27b102a0e51d3f7a"
".venv\Lib\site-packages\scipy\_external\cobyqa\subsolvers\optim.py","46715","fad2557d9712ebabdf418ae2dbddc4e01c7bd7456a613f8dd346d837abe9a3d2"
".venv\Lib\site-packages\scipy\_external\cobyqa\utils\__init__.py","377","772736edbe4ce9b1a21fb7f595a79aa2a6907842a52af15ebd5821055ecbaed6"
".venv\Lib\site-packages\scipy\_external\cobyqa\utils\exceptions.py","505","ac532300b4cacfdc4d9dbe294d2e6ffd5217aa1d13ed0a709642bc61478dd34d"
".venv\Lib\site-packages\scipy\_external\cobyqa\utils\math.py","1688","421b1fcce6002672ed562b8c01728d430a5177964a30db3f7da789dd3290767c"
".venv\Lib\site-packages\scipy\_external\cobyqa\utils\versions.py","1532","4b6246e3ecebc8b06805fdb2cd594846cd6c5ba78c51e5857dc8d69f60f7f638"
".venv\Lib\site-packages\scipy\_external\packaging_version\_structures.py","1492","aaba2b13631f75f01d17826a74a0fe68b808a37b111026a586996313c01c731b"
".venv\Lib\site-packages\scipy\_external\packaging_version\version.py","17258","42902fc00708fa1b1ed168c418b60a35d25095fec7effa2efb29ee44cd97b65f"
".venv\Lib\site-packages\scipy\_external\pyprima\__init__.py","8673","6c818b0b2d05622fbc62b078050d23597033fc3e316fd632e440044a199e7ce5"
".venv\Lib\site-packages\scipy\_external\pyprima\cobyla\__init__.py","0","e3b0c44298fc1c149afbf4c8996fb92427ae41e4649b934ca495991b7852b855"
".venv\Lib\site-packages\scipy\_external\pyprima\cobyla\cobyla.py","22705","d65ab1538e9201f3b2e7dc261783ed6c76d8d5e9a281885ac0b19f7d461a9d83"
".venv\Lib\site-packages\scipy\_external\pyprima\cobyla\cobylb.py","41478","3d6a7fa5b33dddf4f4b72789ecc94280776adf8b29a7689d6bc65fcc08e7882d"
".venv\Lib\site-packages\scipy\_external\pyprima\cobyla\geometry.py","10871","3c203ec89bd53affff94ec992f32ed16705c52d3e2be64b5754b4607b338115e"
".venv\Lib\site-packages\scipy\_external\pyprima\cobyla\initialize.py","9624","f741db243ddfb371f429a779f4a75b06751d0756a820c2eda8211ba11ddea4e5"
".venv\Lib\site-packages\scipy\_external\pyprima\cobyla\trustregion.py","25692","e729aad5e2c9290ba4cb1e26649e3e3c0059c0077e34acc05510eda2615d9daf"
".venv\Lib\site-packages\scipy\_external\pyprima\cobyla\update.py","14171","512b0aea03da4c7a7bf68a863682d788ae26c00f7b4082061bb5fd28781dfdc9"
".venv\Lib\site-packages\scipy\_external\pyprima\common\__init__.py","0","e3b0c44298fc1c149afbf4c8996fb92427ae41e4649b934ca495991b7852b855"
".venv\Lib\site-packages\scipy\_external\pyprima\common\_bounds.py","1670","837d0ec05a51243b653cc12679d80dec4dd5d09ff70495682acd8392cf72fccd"
".venv\Lib\site-packages\scipy\_external\pyprima\common\_linear_constraints.py","2208","470e137f893b42e9f5c9423fe852a312f74845495d53798c13b256609bcdc3ec"
".venv\Lib\site-packages\scipy\_external\pyprima\common\_nonlinear_constraints.py","2204","34c26adf13e45f1783ff3788a5dad8b41aecb5b49202858abc9b85c09469e5d4"
".venv\Lib\site-packages\scipy\_external\pyprima\common\_project.py","8036","51fd01a40585faba85b88fb1665eacebe94b76f25f0e15fb039cb58d50a7da67"
".venv\Lib\site-packages\scipy\_external\pyprima\common\checkbreak.py","3544","779ea7e00d08811db6975ce48a0199343628d21e6fae66a0425a513a64965f8f"
".venv\Lib\site-packages\scipy\_external\pyprima\common\consts.py","1357","27f082d08419e7288fa74d62bdfd392e9505f4c6b9acc98944c61155c0d9c961"
".venv\Lib\site-packages\scipy\_external\pyprima\common\evaluate.py","3249","681f3cb93b80d39d426e72d0c920e2aadd88a6b1fda91144d2dae7be0773689b"
".venv\Lib\site-packages\scipy\_external\pyprima\common\history.py","1399","6edd76399bbb8b7fe1989c3b626291e8767398f4e20bfc0f9b95aeb4795545a3"
".venv\Lib\site-packages\scipy\_external\pyprima\common\infos.py","734","c241c506972aa757a4d0c0145585801dbda25e66988fb80288a107805ea4ad76"
".venv\Lib\site-packages\scipy\_external\pyprima\common\linalg.py","14715","803eb7d03ff9313f5bda9aa9d2b37fe773ea113d53ac05a784d90326bf08b4b1"
".venv\Lib\site-packages\scipy\_external\pyprima\common\message.py","9953","01a8a9f29295c936b031f9f812a14c28e3a00600ca738d33f7a7500f5368a00b"
".venv\Lib\site-packages\scipy\_external\pyprima\common\powalg.py","6916","d85be290d92baa74623a210558855d68caaf54d806af38d2a7270a6a48678e9b"
".venv\Lib\site-packages\scipy\_external\pyprima\common\preproc.py","14097","1d45af5c2e1f253ba1235fa695f53d5b5dcf8b9131374c7f84508f2d85b979a3"
".venv\Lib\site-packages\scipy\_external\pyprima\common\present.py","150","a9eddb5b88b9d51ef94628d2e5f5bdfb0d514fb095cadaf007c94f0fff4c9fa1"
".venv\Lib\site-packages\scipy\_external\pyprima\common\ratio.py","1877","1cb33f7d30dc89440ecc59cda4f19ee3d1fae79fb971e44a5272acf7804eb3d1"
".venv\Lib\site-packages\scipy\_external\pyprima\common\redrho.py","1305","768cc1895d6920e2eb81208ef42a653a23f23fa36085084e82367799ea16a475"
".venv\Lib\site-packages\scipy\_external\pyprima\common\selectx.py","14416","ef65c84be8c3bfffa68cb14a61e3e6e04aaee17b060d2d709b854cb60af86645"
".venv\Lib\site-packages\scipy\_lib\__init__.py","367","95c1dbc5ef4892ea146635c0f155faf926180911012ead5caa83e8da647a575c"
".venv\Lib\site-packages\scipy\_lib\_array_api_docs_tables.py","11106","a2faf95078376bea3b69006245c2d0fbce56faaf385df02124f9ae29b9a14eff"
".venv\Lib\site-packages\scipy\_lib\_array_api_no_0d.py","4528","a6d79877f3e2bd673c6042cdc25cadb2f3dd3403dfaecd4f02ed1a43f51213c6"
".venv\Lib\site-packages\scipy\_lib\_array_api_override.py","5794","5f9d5fcc03a44340f09d289df85be5d0be06a005dc08ce80cfbe3716bdcb5300"
".venv\Lib\site-packages\scipy\_lib\_array_api.py","45921","69d0c2a57ed99771c1d423232f32afac0126e8433cb2e0da545ba7aebe8e60d0"
".venv\Lib\site-packages\scipy\_lib\_bunch.py","8534","10e2539fb90024ed98530d9b74d4b5afc7a1be1eb0526c92c6e58a7166480028"
".venv\Lib\site-packages\scipy\_lib\_ccallback.py","7338","443cf959463f8e03ed525120b66f951b172e6fd9ef17895aa88b321312bc3739"
".venv\Lib\site-packages\scipy\_lib\_disjoint_set.py","6652","e30681d0c1cae24a2fa90a4ec4a105c94583db8a20bc054d99adc6741cb186f6"
".venv\Lib\site-packages\scipy\_lib\_docscrape.py","24601","b6685ee9f5cec205ea684080527d867f9420820731525a4cc4e460ce01d68be5"
".venv\Lib\site-packages\scipy\_lib\_elementwise_iterative_method.py","15843","5237c553a3d30556152000caf80a097c8143b7da0197d81afe96b1f58777166e"
".venv\Lib\site-packages\scipy\_lib\_gcutils.py","2545","8e6daf42739562f11150821b2693feb632af7178d4eb12004e1a4a2cbfbc26bd"
".venv\Lib\site-packages\scipy\_lib\_public_api.py","1892","ab9407a9a0394e959dbd657e3a1327f53c9c1ea78ff6d28248d6c4c269cbb40f"
".venv\Lib\site-packages\scipy\_lib\_sparse.py","988","a89c1c1eb856abe85d25f8beccb8781b82e58192cc8581454bba8484a9c90cc4"
".venv\Lib\site-packages\scipy\_lib\_testutils.py","12848","f4dd6d26dade5888a8e223a390b56b4fdab2dab91aef47dfc0a1bccd3cdb0dad"
".venv\Lib\site-packages\scipy\_lib\_uarray\__init__.py","4609","a5ec7bdc6818ed85160115601f3630fcacb67dd007eccf4172e0cc89ffe19b7f"
".venv\Lib\site-packages\scipy\_lib\_uarray\_backend.py","21238","bbda6526b9eff3220c6f4cd9c8279c9893e9fd922f502c10ed8dc7f9a8c65e1b"
".venv\Lib\site-packages\scipy\_lib\_util.py","48318","f817a92102229b51a3f1a2c0435f1347250ffe4812f4e5406a10e8a0e3c0eac2"
".venv\Lib\site-packages\scipy\_lib\deprecation.py","10128","3600ae6abc68a94b25d4be639089759ee4f5d92b1d6ab7a4807e14a7f1488fab"
".venv\Lib\site-packages\scipy\_lib\doccer.py","11087","a47dba3f7ba6aaa060f689d59ab9f898eb980a71045cf7a5a2e6133c8c54b5ac"
".venv\Lib\site-packages\scipy\_lib\tests\__init__.py","0","e3b0c44298fc1c149afbf4c8996fb92427ae41e4649b934ca495991b7852b855"
".venv\Lib\site-packages\scipy\_lib\tests\test__gcutils.py","3558","ea53625f1de02933556f9f35fac4780910cfb84b213e91662a7f9e0eead2df0b"
".venv\Lib\site-packages\scipy\_lib\tests\test__testutils.py","832","708ea82e29c9b190d7222fe998f313540613bdea5d76f85854610c7763255b64"
".venv\Lib\site-packages\scipy\_lib\tests\test__util.py","23164","f227e98abd88ce029f7a662ec9d3b7362db615bf60cba488a3181955ef2b6daa"
".venv\Lib\site-packages\scipy\_lib\tests\test_array_api.py","16088","8b800bff4e1e6db5da0d525a49acfd6fe6a518f50555ce257ea6e497247c635d"
".venv\Lib\site-packages\scipy\_lib\tests\test_bunch.py","6558","3b3726e63e554813ae41939ff906aad177881080e91dec8371b4792a7c0fc817"
".venv\Lib\site-packages\scipy\_lib\tests\test_ccallback.py","6236","0a2395712d62eab612a3ce9af6922b56c7485e34c3c87540725a5a6841250758"
".venv\Lib\site-packages\scipy\_lib\tests\test_config.py","1288","31aea332bf8ab88b83745173f3c64798571ac263ae8337c99eca59bfd02a75ae"
".venv\Lib\site-packages\scipy\_lib\tests\test_deprecation.py","450","e0c03447db03aa329071b6e8b6996a083b9a4d1a86d8ab9e780106aaf0573d9d"
".venv\Lib\site-packages\scipy\_lib\tests\test_doccer.py","4294","72a60be156c38aba90bd931af37ad678054099ec257f558a821edcf39ad17c88"
".venv\Lib\site-packages\scipy\_lib\tests\test_import_cycles.py","869","beaa07d4a63d5f3cc746509d6f993f0d70ed06a3ca92d0fdf9d79049afc84660"
".venv\Lib\site-packages\scipy\_lib\tests\test_public_api.py","18163","c72218dc29043aabefece2b73976f789b70b790c8847e492543b60b2d66fd972"
".venv\Lib\site-packages\scipy\_lib\tests\test_scipy_version.py","946","47fc16fda8e019b16ad1c97737cf0cb20f5b614bbafea24f1cecb002bb53f970"
".venv\Lib\site-packages\scipy\_lib\tests\test_warnings.py","5141","5a0b2c34875c341bf68a71f757442186fc136f22801b21da1bf0708cd74a9b1a"
".venv\Lib\site-packages\scipy\_lib\tests\test_xp_capabilities.py","2046","26048330480c315ccd8c2d6f056b586e835e0743c36acfc7c07ee97329fb7d9c"
".venv\Lib\site-packages\scipy\_lib\uarray.py","869","0218030ebba3f2931b1ec0c98393734969a686be9f5a88582e1202848c82a269"
".venv\Lib\site-packages\scipy\cluster\__init__.py","911","01634369fd8e8975c36df83f77d4aa0f1855ec313aa37e8adeed33c393bb8d70"
".venv\Lib\site-packages\scipy\cluster\hierarchy\__init__.py","2878","85d5e5e1260768c69eaf78a5545b831a33e7ff7bb2d84faecbb42c4de8835963"
".venv\Lib\site-packages\scipy\cluster\hierarchy\_hierarchy_impl.py","158999","71e8dfed31231026a9be62e21694db48c8413b6006ff203995f25e02dfc42b3f"
".venv\Lib\site-packages\scipy\cluster\hierarchy\tests\__init__.py","0","e3b0c44298fc1c149afbf4c8996fb92427ae41e4649b934ca495991b7852b855"
".venv\Lib\site-packages\scipy\cluster\hierarchy\tests\hierarchy_test_data.py","6995","96f54c9362f98842a5857df668544127772579cc7a0172d8c3be44a65d3b381a"
".venv\Lib\site-packages\scipy\cluster\hierarchy\tests\test_disjoint_set.py","5727","7dccc82fc84afc8084db78f9e1dc04767f4a04e8a93e7a7102158aef18fc5f8a"
".venv\Lib\site-packages\scipy\cluster\hierarchy\tests\test_hierarchy.py","52280","93b84ee2fa97572c8bc791f6f2e49946820d57dc70ae6623cc3acf9ba308267a"
".venv\Lib\site-packages\scipy\cluster\vq\__init__.py","3635","aec82eb2af3354c24c3ba7c8383e4d15a7fff30a5578826e8a0b5fc33a7d16d3"
".venv\Lib\site-packages\scipy\cluster\vq\_vq_impl.py","28912","02674e5f9739124a64e172624de22dd30d234f27ae8992ce24e18b174683b247"
".venv\Lib\site-packages\scipy\cluster\vq\tests\__init__.py","0","e3b0c44298fc1c149afbf4c8996fb92427ae41e4649b934ca495991b7852b855"
".venv\Lib\site-packages\scipy\cluster\vq\tests\test_vq.py","19531","408a12aa4f40841b9cdbffba3ded8a90eda96ed724226f4230a47cc82ab54684"
".venv\Lib\site-packages\scipy\conftest.py","31571","4856c6e0f3a89970e91a785bba5bf6446681e5b153f21513f9e9ec3726d7f9dd"
".venv\Lib\site-packages\scipy\constants\__init__.py","15161","7769c2a9ba09214e7c326a6e8c3e785786396c1c7b6d54be43419cd5ac56fb56"
".venv\Lib\site-packages\scipy\constants\_codata.py","204777","b77ad3347e93d33d107d254987401f6158c5f3f34d6b48780189d002cf5441a2"
".venv\Lib\site-packages\scipy\constants\_constants.py","10941","623ad90d22a0e8bb11ea9fb44eafe6696b2d63a16887d91d2e1668887316a5ce"
".venv\Lib\site-packages\scipy\constants\codata.py","635","15acb3f8792936a93c68e69d073ec07c5a4a8a74b825c6212819bf254c1e63ea"
".venv\Lib\site-packages\scipy\constants\constants.py","2303","bdd0bf8c34d0656425ae4619634523ecd28ed80b41c07e66736f09872ed4afdb"
".venv\Lib\site-packages\scipy\constants\tests\__init__.py","0","e3b0c44298fc1c149afbf4c8996fb92427ae41e4649b934ca495991b7852b855"
".venv\Lib\site-packages\scipy\constants\tests\test_codata.py","2932","ab89ebdbf21d3f2353d1558818f4cf7ece15cabe9b468848e597cba254f6a45b"
".venv\Lib\site-packages\scipy\constants\tests\test_constants.py","4330","0694904e780a803135512b17b36da6476f5e59ca78d6ed5d2b9ba7f37cd9e97c"
".venv\Lib\site-packages\scipy\datasets\__init__.py","2892","1141455cf6617216ac005156002cb5d92cf503ac37c205170480a07d39806871"
".venv\Lib\site-packages\scipy\datasets\_download_all.py","2256","55b1bc55d7e3ce55b5826eaf83a6f5d4364060ad1954c89fa3bb03af182c45a2"
".venv\Lib\site-packages\scipy\datasets\_fetchers.py","7331","b9c376ded285fa7a206c9bf2f97fa27b8ca1c36ab3546b0ed9e7e9d95622739e"
".venv\Lib\site-packages\scipy\datasets\_registry.py","1098","dff64d6297b79425ef5066a5a4db2b851c0a727140d8feb2595ecc15d29bd87c"
".venv\Lib\site-packages\scipy\datasets\_utils.py","3011","be41586ee8ce69ec3e531b361365f0a1e8373b4bf10c5e07406494ba80cd807b"
".venv\Lib\site-packages\scipy\datasets\tests\__init__.py","0","e3b0c44298fc1c149afbf4c8996fb92427ae41e4649b934ca495991b7852b855"
".venv\Lib\site-packages\scipy\datasets\tests\test_data.py","4140","20863eb1e07a7f3b331d7406102a3717cffb3cd32470884a4feec6165ad73755"
".venv\Lib\site-packages\scipy\differentiate\__init__.py","648","b3aec5ab1551cae2fe54a3e33b179a86538b5651c2c07a797ffeb11261a61ec8"
".venv\Lib\site-packages\scipy\differentiate\_differentiate.py","52780","85fa53c5aefd8d1e5139e2662a9012d5adb04e658c13b54638ccd354ec8ccd1e"
".venv\Lib\site-packages\scipy\differentiate\tests\__init__.py","0","e3b0c44298fc1c149afbf4c8996fb92427ae41e4649b934ca495991b7852b855"
".venv\Lib\site-packages\scipy\differentiate\tests\test_differentiate.py","28969","40414ded918ad8191b658e5cf7594ca65575db65406655f6c617221d2c4e8a85"
".venv\Lib\site-packages\scipy\fft\__init__.py","3744","618fe45184430db2fbece229593ce23227692714ca9dce6ac2b55e78d46e85cf"
".venv\Lib\site-packages\scipy\fft\_backend.py","7175","dc555a562abb1d07ae4ab835374edf219938ae884542a4fe23801790e9167d90"
".venv\Lib\site-packages\scipy\fft\_basic_backend.py","7598","eaaab55af371d9ce8e31a18e65b76488d0b10a870e850abb4ceaccec69ffb757"
".venv\Lib\site-packages\scipy\fft\_basic.py","66026","6537e1ce85cf5fd786232459155d3ba5e52e2879959cda2e48deebfa5981f1f4"
".venv\Lib\site-packages\scipy\fft\_debug_backends.py","620","474cc273f0a00ee6d89da19b4068e4d064e67791e5605a412f0ed64a5aa58e94"
".venv\Lib\site-packages\scipy\fft\_duccfft\__init__.py","214","e0fbb40f2274e8386acb520fb2459a756a63daed49601d9d273c9b85b463c07a"
".venv\Lib\site-packages\scipy\fft\_duccfft\basic.py","8905","f0598e1f0bcb0e98dda14830dc86c47f92a4f9f8ec5ed688b39ebea2b196e24a"
".venv\Lib\site-packages\scipy\fft\_duccfft\helper.py","7321","7aaf5509eb5f7922660749115f807ad4c47bdd11e5dcb50c37eb01137a067720"
".venv\Lib\site-packages\scipy\fft\_duccfft\LICENSE.md","1523","c04661685cff9d8035fe1c4c3ab357e7f7633cafc06a73e9d90c3c5fede8a86a"
".venv\Lib\site-packages\scipy\fft\_duccfft\realtransforms.py","3739","2f0cb652eee13d9640a29c5912715e50a322975c10394ff4555a705cd6c49505"
".venv\Lib\site-packages\scipy\fft\_duccfft\tests\__init__.py","0","e3b0c44298fc1c149afbf4c8996fb92427ae41e4649b934ca495991b7852b855"
".venv\Lib\site-packages\scipy\fft\_duccfft\tests\test_basic.py","36638","915b0718eb24402c22f401947508b53f7314e54c4cf105386433cbc6e5b70a8d"
".venv\Lib\site-packages\scipy\fft\_duccfft\tests\test_real_transforms.py","17368","9fd538a89a8d910052ae7ec35a427d5b9122b9cbc612ed56f799cd718b438e8f"
".venv\Lib\site-packages\scipy\fft\_fftlog_backend.py","5558","0f5a8788f3646d5115bc94b00d436c67b0db9060914cf74844950dfa5bcfeb93"
".venv\Lib\site-packages\scipy\fft\_fftlog.py","8226","2a96a02a790fe1c726ccf0f239df0c0e5e1f717a39f0e8f8ee6cf42026874af1"
".venv\Lib\site-packages\scipy\fft\_helper.py","11867","32127a2347e484fe380a037ad6f068bdf127887f25505da0d7be2dea25716622"
".venv\Lib\site-packages\scipy\fft\_realtransforms_backend.py","2430","56bbd4a79263537c9eeefd04028ccc9505730add43e2c1afbe201dbf96ba5115"
".venv\Lib\site-packages\scipy\fft\_realtransforms.py","29232","1ff154420f80160292adc21ab03176d558a398081cf6f1dcd1fbdbfccccd49a2"
".venv\Lib\site-packages\scipy\fft\tests\__init__.py","0","e3b0c44298fc1c149afbf4c8996fb92427ae41e4649b934ca495991b7852b855"
".venv\Lib\site-packages\scipy\fft\tests\mock_backend.py","2781","9a7538d932e894b07e7cd8b7b73c58fd014af6c9787f574db3034dafa430a481"
".venv\Lib\site-packages\scipy\fft\tests\test_backend.py","4369","95d386446657495286649f468d4a8792d1f2719c501f9d2c5f9e4aea1f35a94c"
".venv\Lib\site-packages\scipy\fft\tests\test_basic.py","23708","4716a71744e56be97bb6fe6866d87f5bc2f1ab8b7b8683b374c343eefdd986db"
".venv\Lib\site-packages\scipy\fft\tests\test_fftlog.py","8099","fa89f1365698d9327db8d333b585925e5f3c99afc1cdb03c3fe0b290338067ca"
".venv\Lib\site-packages\scipy\fft\tests\test_helper.py","20046","330d4ed7e91907209b8fdf9f7df6391748c67d3bee942daecfef2d7ebcd19c2a"
".venv\Lib\site-packages\scipy\fft\tests\test_multithreading.py","2234","84ca9811ac27a9aa024b77e9e9d3922c19f5978391e83eedc5c923a1df2f8a97"
".venv\Lib\site-packages\scipy\fft\tests\test_real_transforms.py","9532","e4c94762657177b748235754a65356292113edffa6f3652aef3442802bb614a0"
".venv\Lib\site-packages\scipy\fftpack\__init__.py","3258","34a4a7449e843033f79c3c464893327763c9041db2b4c00ed352aaf3ce0d5d7a"
".venv\Lib\site-packages\scipy\fftpack\_basic.py","13584","81d28bbff8eb19b5683fa6328aa86c78656284764321a32894dea27a86409ff2"
".venv\Lib\site-packages\scipy\fftpack\_helper.py","3461","526a8d5a1608b8b1aad086a29a61cdec37756536fd4b6bc580b63b803e66cd05"
".venv\Lib\site-packages\scipy\fftpack\_pseudo_diffs.py","16635","5154336bcb53ef0e971fcee7133563ab66d347421b55bb02835344e534790ad4"
".venv\Lib\site-packages\scipy\fftpack\_realtransforms.py","19802","5bf62b842e79d0230fa3075d2b5bd04bbd6d65ae7c2a8230ee9391aed520ace5"
".venv\Lib\site-packages\scipy\fftpack\basic.py","597","1459f62b1aec982e88b0e41d8dca15afc36fae59e0d85462bfb80d793d59ad8e"
".venv\Lib\site-packages\scipy\fftpack\helper.py","599","d5bd5bdbbf055b24dcd8c7808de2c507c7b257bea94713a2806b4152f0a9fe5a"
".venv\Lib\site-packages\scipy\fftpack\pseudo_diffs.py","680","a0b09c5ee7e947fc008f84ca8f7393ab22041976a0d714a5fee78ef375eca4c2"
".venv\Lib\site-packages\scipy\fftpack\realtransforms.py","614","a1425735be4a0324b893cc6e6e713b84613d0692c271d924fe28917b207c38e1"
".venv\Lib\site-packages\scipy\fftpack\tests\__init__.py","0","e3b0c44298fc1c149afbf4c8996fb92427ae41e4649b934ca495991b7852b855"
".venv\Lib\site-packages\scipy\fftpack\tests\test_basic.py","31349","64ede5999bb73438feb95b29401f865083e8ccede6d030548c9e678f89408dec"
".venv\Lib\site-packages\scipy\fftpack\tests\test_helper.py","1729","1ee0803f97ac4a6e25327c3d7fd8be072263d435119ed802eb8b367d7e515488"
".venv\Lib\site-packages\scipy\fftpack\tests\test_import.py","1189","bfadec0bb6072e239c68c599ef9fedd0d6accf643c4eafa5a3b6b00f80883702"
".venv\Lib\site-packages\scipy\fftpack\tests\test_pseudo_diffs.py","14121","d8d1a24793a55069fac9ba9bccb0f55974e5b56a5f06ebf77b4116f319357015"
".venv\Lib\site-packages\scipy\fftpack\tests\test_real_transforms.py","25296","087561850bd9e7f01f7fdc0e00d379305b8529d5b99ae3c22dad9cf574be0188"
".venv\Lib\site-packages\scipy\integrate\__init__.py","4495","448108eec91685bb784956cc955e019cfe0410e018f00572fa22762bea2fa78e"
".venv\Lib\site-packages\scipy\integrate\_bvp.py","42721","f8c4125dabc65bfcffbb9dcd2d1f438f6fc34089a4117af741a85ccc25506e92"
".venv\Lib\site-packages\scipy\integrate\_cubature.py","26497","21a761023a251fa6575c63d064c658e3082cc3f9a4eccbd4f0f2a899ec9d30a0"
".venv\Lib\site-packages\scipy\integrate\_ivp\__init__.py","264","5d5a319e3fb5ab55e6e12b568a3ba422822ba9ce8dcb50f18badb91aeac89d6b"
".venv\Lib\site-packages\scipy\integrate\_ivp\base.py","10844","5bd1a3ddb9fb986333d3d3cc2d2e00bc19efbda00169dcc5b82324aad9f198af"
".venv\Lib\site-packages\scipy\integrate\_ivp\bdf.py","18392","72a6db9b5237b901d3bfbbe1485c48983aa4296cb2aaaa945e9d98a4f1d912a4"
".venv\Lib\site-packages\scipy\integrate\_ivp\common.py","16368","741da5d84f09020c628a8b6e4cde6723fd11fdb4fc5e0c9a4816ca269bbdb706"
".venv\Lib\site-packages\scipy\integrate\_ivp\dop853_coefficients.py","7430","e283219a0f1e5f2cc37924ab961d9d24932f69a6d69fe68ee384b7c31f08839a"
".venv\Lib\site-packages\scipy\integrate\_ivp\ivp.py","32775","27b55eb57d7eb31685f884e9a5496954e285ac5d1f0d5018e0d84c750ab2a1ca"
".venv\Lib\site-packages\scipy\integrate\_ivp\lsoda.py","10463","0b6c4cc74b3ac7f0f92c48dcd1b82cef33142cbbf85e2264756230c0f11d654b"
".venv\Lib\site-packages\scipy\integrate\_ivp\radau.py","20721","232f08010ccaa736e16ca34afc888c69365352df58fffbf7aecba6f863a456c6"
".venv\Lib\site-packages\scipy\integrate\_ivp\rk.py","29289","54fb9365032395cd9c087df03b386972c6084108e1371b803d658ae97e171540"
".venv\Lib\site-packages\scipy\integrate\_ivp\tests\__init__.py","0","e3b0c44298fc1c149afbf4c8996fb92427ae41e4649b934ca495991b7852b855"
".venv\Lib\site-packages\scipy\integrate\_ivp\tests\test_ivp.py","44775","af5191d84f51cd10ec4b20d15ab9b01f586d6de2bba4a25049bd5d6548e98804"
".venv\Lib\site-packages\scipy\integrate\_ivp\tests\test_rk.py","1363","ffc9d02ada2d56f476d7c6ebfb498d49048467e493e0bd9381acf9c4a5c7809c"
".venv\Lib\site-packages\scipy\integrate\_lebedev.py","267559","38d9daac755a695ec6dedcfa7184f68ddc1773c2ee681b9ebb5ee87ed6b33487"
".venv\Lib\site-packages\scipy\integrate\_ode.py","52239","111a8787fb27c707eae8f204e55a2b323107309adb917a332b104912e4c97a5c"
".venv\Lib\site-packages\scipy\integrate\_odepack_py.py","11507","f8069eb8358936189159fe8e97517bfdea57eabe301909f0e8f91b646c2fbf4b"
".venv\Lib\site-packages\scipy\integrate\_quad_vec.py","22280","6e05ccb71a69ddca441ca4f78f75205511a5bf84f08fba5cf49ff278a9ec5a87"
".venv\Lib\site-packages\scipy\integrate\_quadpack_py.py","55925","92384d42718f3832429e34fc5ff4174e66f3ce11b2efc15badd9de1da450f806"
".venv\Lib\site-packages\scipy\integrate\_quadrature.py","50877","096d2dcb3a1d1175ab2c1ffd1d865dcd3b8c432a7202f382cc9dc16a64bfa7a7"
".venv\Lib\site-packages\scipy\integrate\_rules\__init__.py","340","1c51d80d8b3950e4258ed78a7835c691215bf93f5e848dcdde015613c40aeaf4"
".venv\Lib\site-packages\scipy\integrate\_rules\_base.py","18445","080007c95211701c82b1be4ff8b92f382bab1eaecc7279b0ba72e2ab2de64589"
".venv\Lib\site-packages\scipy\integrate\_rules\_gauss_kronrod.py","8675","b49e61d7169811d889ff9c0242c282bc4697074ca3025f65b88efcae0f6f5f13"
".venv\Lib\site-packages\scipy\integrate\_rules\_gauss_legendre.py","1795","27798aa13b5996fc547479c5630d9d3d2b160337555e8bd5ddfed44274f9053d"
".venv\Lib\site-packages\scipy\integrate\_rules\_genz_malik.py","7509","ca59787e5219d17197a77588b6a8542344de97528c0da0fcb1af0a8054a0483c"
".venv\Lib\site-packages\scipy\integrate\_tanhsinh.py","63348","9f068232cef5e9133fad83cbcd9aecb90bba4fa9d690e94ffdc4c24de7530a0e"
".venv\Lib\site-packages\scipy\integrate\dop.py","437","5c50a404bc9485d36211bdf50c661d8a2c18be6912ec53b0502e074b6440fe0d"
".venv\Lib\site-packages\scipy\integrate\lsoda.py","453","23b8813c9a78eb3a6cccff09cb9992d8d3f4c7f223ee88266335de6eb68bcbcc"
".venv\Lib\site-packages\scipy\integrate\odepack.py","562","4f1b1789d0f6e5ab4d30ae642970fe1723422d79f3af009d541d613f868b490f"
".venv\Lib\site-packages\scipy\integrate\quadpack.py","627","d031db337f73072c50901475d710a892ec2e254e35613f5b23be214b5a48ad72"
".venv\Lib\site-packages\scipy\integrate\tests\__init__.py","0","e3b0c44298fc1c149afbf4c8996fb92427ae41e4649b934ca495991b7852b855"
".venv\Lib\site-packages\scipy\integrate\tests\test__quad_vec.py","7369","80aa0848b92e23b3956bebe1836da2ca9afb4cfc0b0fadba66e88651fc9d4f4e"
".venv\Lib\site-packages\scipy\integrate\tests\test_banded_ode_solvers.py","9548","2d488ebae513de56eba7589b76fa117ea247e071109a11483cc570059ae80875"
".venv\Lib\site-packages\scipy\integrate\tests\test_bvp.py","20929","d1d85b9d42bbca73b79be155830b336590bdd9737195d47e46dc69c18193d27a"
".venv\Lib\site-packages\scipy\integrate\tests\test_cubature.py","38679","01f02e8d484a65cd9f3be1482b857bbeb6f4c9ff62580565eb6835fdb7232a76"
".venv\Lib\site-packages\scipy\integrate\tests\test_integrate.py","26499","bc8806dc24b7bfe32626f20fd08ded6dedc5fad3a9048ba732fde8b80f9510bd"
".venv\Lib\site-packages\scipy\integrate\tests\test_quadpack.py","30560","f463dda5ad5780064a7a188f110e20757b00cbdcd49bb77853c7adba08cb8920"
".venv\Lib\site-packages\scipy\integrate\tests\test_quadrature.py","32636","a7f1abd89e0cecb5dd13895177b1c2d5750ea67d417fb160720cae9da3a5c52b"
".venv\Lib\site-packages\scipy\integrate\tests\test_tanhsinh.py","46795","3acde52beb92b0b4323fb2620c9656c0d324329f39be847fb58d6c7866e0b03e"
".venv\Lib\site-packages\scipy\integrate\vode.py","439","1a4c749cadff51b3b39d2bdd8218c2b54431e2aa52699cc1eab825b4a8cfe945"
".venv\Lib\site-packages\scipy\interpolate\__init__.py","4301","5b87c4a23bf5c1673d6f971e0ef255c468a4e2087078ddf828bd75d2922ac7eb"
".venv\Lib\site-packages\scipy\interpolate\_bary_rational.py","30334","6a7436449ef788023f4a896ad27630f2898871c0737eac8dcc2bd75e95a4bd89"
".venv\Lib\site-packages\scipy\interpolate\_bsplines.py","101277","6c485563b651d8dcb0b55a63d2e4d17fbe50a0d532f4bd6ff2025b3ea2215082"
".venv\Lib\site-packages\scipy\interpolate\_cubic.py","41976","7ebd5f5026605ac5896944e1d4261e979fce3b9dd2f864586256aebbeb201879"
".venv\Lib\site-packages\scipy\interpolate\_fitpack_impl.py","29854","f16e665855b633d7c0a94bda4c204f8b64aa67fcd3e086c6fa1590c26b6c3b7e"
".venv\Lib\site-packages\scipy\interpolate\_fitpack_py.py","33438","d0e1c6ebcf6f5ef5a25d2ce0c9a9ff910111a26f272f017c182b6601f1013e78"
".venv\Lib\site-packages\scipy\interpolate\_fitpack_repro.py","53502","3d6c1b9264fa2ff1e0ff0dc9eceed7aee03e93d25abf9af1e0c991be98f7a060"
".venv\Lib\site-packages\scipy\interpolate\_fitpack2.py","104191","5533ef10843b1deb6096cdfcbfed9cff55b56b3a1f05a75d74e6009c819794f8"
".venv\Lib\site-packages\scipy\interpolate\_interpolate.py","100877","68bee3b69759f77acbfd5f137790f9d81d5ef7aad7f05d72e89af4ead9717adf"
".venv\Lib\site-packages\scipy\interpolate\_ndbspline.py","18362","98e446ff47a59591cc5614864bd140ba9f422e9b3f04bb281534b21546e89fbc"
".venv\Lib\site-packages\scipy\interpolate\_ndgriddata.py","13175","760ac10fc96016a44266c7d4735a8402c90ec7864c1091dca272ad11f38e30e8"
".venv\Lib\site-packages\scipy\interpolate\_pade.py","2391","702d5b4e9c6ff0f14899ba0bc7bebd6198307cb6a19f32e5f44903bc68665a9b"
".venv\Lib\site-packages\scipy\interpolate\_polyint.py","40961","54b8bb7db16b6351d49728345157535452bbcb269f8e10f958ca2be25aea7bbe"
".venv\Lib\site-packages\scipy\interpolate\_rbf.py","12059","a7850ea7b493b3615edf5b219bc50205297d1084c27d834a3f4b4e559e7d0357"
".venv\Lib\site-packages\scipy\interpolate\_rbfinterp_common.py","1005","6f6213bbcec147dd22070d2531e64497dcd96a03dcce6f101925c99c0a6ca301"
".venv\Lib\site-packages\scipy\interpolate\_rbfinterp_np.py","3151","d33b6a2df5e20b73cd2bb8b33ae9de801f7685538e4fc7ecc8716f1e28389323"
".venv\Lib\site-packages\scipy\interpolate\_rbfinterp_xp.py","7920","de0ba42c6dd5970cac23e40c292bcf4b70166a127c8811f1ee3bb32386e44d98"
".venv\Lib\site-packages\scipy\interpolate\_rbfinterp.py","19978","e566d6b1a43de7c3d5e387de9b9b59edd0f497408bf5f1ec70cc449f0dddd689"
".venv\Lib\site-packages\scipy\interpolate\_regrid.py","43336","5f74725fc258f0fdcd46ff870434955342940b9990d494b0e0aa2e4383bca3b7"
".venv\Lib\site-packages\scipy\interpolate\_rgi.py","34776","c7b4cbcbf25bff14de93026e2ecbe3cc9a28c4e353a841bfa71ddfc435606743"
".venv\Lib\site-packages\scipy\interpolate\dfitpack.py","617","6488fc7a1a59b42390c3223ca78c585cb433fb3cba89e5a03482494a940e87ca"
".venv\Lib\site-packages\scipy\interpolate\fitpack.py","733","c450ed231f8e32ee9022c1764b7c789c417b6734f6737e7119e40158325bf878"
".venv\Lib\site-packages\scipy\interpolate\fitpack2.py","846","e760331916cef8bdb70d2b4404bfe58adc6d30d20b40c58b3f1f5f990b724d7a"
".venv\Lib\site-packages\scipy\interpolate\interpnd.py","630","ec76b3ea5cab9d849206268caead84279dc7897fcc4cdc462b84a45fab71b6d0"
".venv\Lib\site-packages\scipy\interpolate\interpolate.py","784","d0cbe388f25fcf240ef7f144c716674c4abe7b047a2e3884b4517a3394426ff5"
".venv\Lib\site-packages\scipy\interpolate\ndgriddata.py","659","40da8b6cad5f9e0f938ccf36a6e3f4ebc4adceaf9398539291be265e8a542578"
".venv\Lib\site-packages\scipy\interpolate\polyint.py","696","cdf225713721dd92e16d3df812a86c7ec3ce8bc8765fc95b9c89fabb810c8102"
".venv\Lib\site-packages\scipy\interpolate\rbf.py","537","63b0117758617a3f50452591e83b91c38a3fb344dabe6e435d8214e4339da513"
".venv\Lib\site-packages\scipy\interpolate\tests\__init__.py","0","e3b0c44298fc1c149afbf4c8996fb92427ae41e4649b934ca495991b7852b855"
".venv\Lib\site-packages\scipy\interpolate\tests\test_bary_rational.py","17320","97fef541e61fae795928b2bbcd12e3372e624ce0a76500fbfad667e9c193ee68"
".venv\Lib\site-packages\scipy\interpolate\tests\test_bsplines.py","162332","90e2d6da9d48108592354ebe4af9c662c041190bd2fd99600a8cf4bdb3a0a46f"
".venv\Lib\site-packages\scipy\interpolate\tests\test_fitpack.py","18538","c91dcecacd9f09e1d971d008fc84c1660d774c241ec418c13862c504b5fe6d23"
".venv\Lib\site-packages\scipy\interpolate\tests\test_fitpack2.py","83608","7dfa83a5602e5784b23bf80ac836dddc42147e05a7c120a2b62c2d01557ab29e"
".venv\Lib\site-packages\scipy\interpolate\tests\test_gil.py","2464","eea408e27db17938a239121d846dd9214e68d5d334809268c9e8b5144c749cf5"
".venv\Lib\site-packages\scipy\interpolate\tests\test_interpnd.py","19005","75051ce34f410983f38f2ceb042ea8dca6de1d55f8b31ceb6325fa8b8f5c6425"
".venv\Lib\site-packages\scipy\interpolate\tests\test_interpolate.py","113778","f1721cb02aa973bdb1c0a17ce80aa9de77218b56ef2a0e7717d8ff2c77abf94c"
".venv\Lib\site-packages\scipy\interpolate\tests\test_ndgriddata.py","11301","fc0d250b4f12132d88cbaf10915eaec2273c410bbbf02eab70f5c787ea18aa5e"
".venv\Lib\site-packages\scipy\interpolate\tests\test_pade.py","4331","88871d49976778aa8d899003c805dfc44626c13792ee7b70c56df27f0f333513"
".venv\Lib\site-packages\scipy\interpolate\tests\test_polyint.py","38551","7917f00fe49b31a8a1e974045fb99ca5f4230cff5e917b403e8ca445a8fd408d"
".venv\Lib\site-packages\scipy\interpolate\tests\test_rbf.py","7248","558cfa51ef349e0cacd0397c75cfb22d949ee2172090bf376784e02f113d77e9"
".venv\Lib\site-packages\scipy\interpolate\tests\test_rbfinterp.py","21866","bb5fd570f72992ff25661626fced4d8a28b78d82c916c3fb6088abb7b8332a86"
".venv\Lib\site-packages\scipy\interpolate\tests\test_rgi.py","51984","7f5ca29430f188e9ab2b48b51ea9fa8a31c18b9e957830c4eece050f7ca7f335"
".venv\Lib\site-packages\scipy\io\__init__.py","2896","b95f9aa8883d5c02dc947f800675cd744907a4109b476caf44ab7d3c9edd477f"
".venv\Lib\site-packages\scipy\io\_fast_matrix_market\__init__.py","18997","bcdcdbbe83fe7caf6e5572d66000ec48d19de2b7452249066d0d1f568e5415ec"
".venv\Lib\site-packages\scipy\io\_fortran.py","11213","e19eabe9f4ce98fd2a6c5bb12c8be5001066223b72ba3bd1661f5cdc08a88f2b"
".venv\Lib\site-packages\scipy\io\_harwell_boeing\__init__.py","171","6cf294fb9f42a2152886e6e1241a4316ab456c2a37bf73ed97d85bf851da162f"
".venv\Lib\site-packages\scipy\io\_harwell_boeing\_fortran_format_parser.py","9319","ea364a138a18c4bb4464794aa2706e0f61ca6f7a609ddf8953aedf705b56e54e"
".venv\Lib\site-packages\scipy\io\_harwell_boeing\hb.py","21217","31721bd32a8531a73ede6a5e7be82cabdfff5dc544dde6c490adca693dc8494e"
".venv\Lib\site-packages\scipy\io\_harwell_boeing\tests\__init__.py","0","e3b0c44298fc1c149afbf4c8996fb92427ae41e4649b934ca495991b7852b855"
".venv\Lib\site-packages\scipy\io\_harwell_boeing\tests\test_fortran_format.py","2457","137b87ad641d5178dd8db369918519e75e948389cf8d6b9c2bc7c9f5906defb2"
".venv\Lib\site-packages\scipy\io\_harwell_boeing\tests\test_hb.py","3104","3435a77319459d02c2ba207e3559115afe1e2816dd4649754505f0456123d6db"
".venv\Lib\site-packages\scipy\io\_idl.py","27936","f65a75d02fb8bcab344a600ac2ca5c36f20eb77bfc6c03972fc1526d497bfe15"
".venv\Lib\site-packages\scipy\io\_mmio.py","34653","148f9c88a52d5580801567e610bba0225eda1c6c846da7de7e32b1817dd3a7e7"
".venv\Lib\site-packages\scipy\io\_netcdf.py","40605","0fa5dd2664204f047fce7f2cd11bf65276d1c7730b3af7281dcae8361b5438cf"
".venv\Lib\site-packages\scipy\io\arff\__init__.py","833","dc5d32bea8b3253ec7ab9832829999c3658cbb2d2bf5a0a66fa1b6c8d367f3e2"
".venv\Lib\site-packages\scipy\io\arff\_arffread.py","27181","ea94b578360d1eedfc5960e85de2033759ecf29db05ac177d33cb3eeca2e34ef"
".venv\Lib\site-packages\scipy\io\arff\arffread.py","594","44cb1d9b9adac947427ddafda6cabce416f5e4dc4b934cfc03a9c179a0a8a4dc"
".venv\Lib\site-packages\scipy\io\arff\tests\__init__.py","0","e3b0c44298fc1c149afbf4c8996fb92427ae41e4649b934ca495991b7852b855"
".venv\Lib\site-packages\scipy\io\arff\tests\test_arffread.py","13515","c79388812d245be3ed06532e77802e4ebbcf6036786aa98fcc29f9e490045a53"
".venv\Lib\site-packages\scipy\io\harwell_boeing.py","555","b99ecd6412d1c10dfd1a510b1986f2fc9b081e3303a753466dcedc8d6aba385b"
".venv\Lib\site-packages\scipy\io\idl.py","521","160202b9c165fad47de1045db71d3df5c143f1811b189fdf1fd035713e6a4468"
".venv\Lib\site-packages\scipy\io\matlab\__init__.py","2313","2ab292e3a52875d96a3763279237a1c5c23895cc04061f5b2c69f166ba34c19a"
".venv\Lib\site-packages\scipy\io\matlab\_byteordercodes.py","2058","e502f989056fdd48ff7648b534eb359b97f5ca2bb654d17cde45cd358384ff9f"
".venv\Lib\site-packages\scipy\io\matlab\_mio.py","15802","625813bb02b4a85904a09c050ed1279e482d106f1346339a05e802132d167369"
".venv\Lib\site-packages\scipy\io\matlab\_mio4.py","21625","dbc50f4c5639d4c19c021d1cebe6e32ca00549c826a9838c88d878270db6f7cc"
".venv\Lib\site-packages\scipy\io\matlab\_mio5_params.py","8936","2a2928ca6897afb33dcb1f8f25c28192eeb62613d0ddd011f0a1351d894d2074"
".venv\Lib\site-packages\scipy\io\matlab\_mio5.py","35632","d08ff89fbbc668d513cf6d5cfe2a202dc2284d5439eb7edadb6277c6e7e8a427"
".venv\Lib\site-packages\scipy\io\matlab\_miobase.py","13538","3990817b3d77e995703ecd4b25fa8d93109cb97dedd22d12055b69f3013568cc"
".venv\Lib\site-packages\scipy\io\matlab\byteordercodes.py","545","8b2ab033edd8214087f4b25d3846ef309ee7da0bba9f129dc9bd33b295dec80e"
".venv\Lib\site-packages\scipy\io\matlab\mio_utils.py","535","dd88ce460b76326999bf15cb9e4ebcd185feddcb3b615bcac51c8ca947c7a383"
".venv\Lib\site-packages\scipy\io\matlab\mio.py","555","45dfb913c149fffe329507ea04bb22657b8774eb3f929a96d60bba53cbae1230"
".venv\Lib\site-packages\scipy\io\matlab\mio4.py","525","fabdd33f2a0e40bd891697e0fd3924ab54cb195c14e69b857927e90df3f6fea7"
".venv\Lib\site-packages\scipy\io\matlab\mio5_params.py","611","93f0ee46ec66c0c0570dd2abae96b6803994d192ee773c72289866883677d9f8"
".venv\Lib\site-packages\scipy\io\matlab\mio5_utils.py","537","cc018650f4707814a72b655c95f2de3e89dcdcdeb75b01fbab8aed6b85450733"
".venv\Lib\site-packages\scipy\io\matlab\mio5.py","657","2c36298bcc92e5287fd67f94ebae482f18e1bf693868475ea5be23bfaa5d2147"
".venv\Lib\site-packages\scipy\io\matlab\miobase.py","581","b9cc85aeaa6e5a6d8635ea42dcf07d660d31b366c656abd83ec729865c551db4"
".venv\Lib\site-packages\scipy\io\matlab\streams.py","529","4236c5561a9f937211d68c3948fa44dfb05ee3b8c9af9d7af6c3530b5861a666"
".venv\Lib\site-packages\scipy\io\matlab\tests\__init__.py","0","e3b0c44298fc1c149afbf4c8996fb92427ae41e4649b934ca495991b7852b855"
".venv\Lib\site-packages\scipy\io\matlab\tests\data\japanese_utf8.txt","270","ae0c62047ef1984285f75664077a0c2eba800415c83443073d70ca7595cd0446"
".venv\Lib\site-packages\scipy\io\matlab\tests\test_byteordercodes.py","967","60a3c0b04dfa3113c38b726c87642b8a7bcb384bc33e6b01ca5930533aa80d38"
".venv\Lib\site-packages\scipy\io\matlab\tests\test_mio_funcs.py","1441","d5cc8d0ace720ece6aa1992030c337f30e319c4d7b77ff41b88dbf4b7866abf3"
".venv\Lib\site-packages\scipy\io\matlab\tests\test_mio_utils.py","1639","238ff3f0ccbf243cba8ef7ab5f86e6f867833679c2ea35fbd61a6bb064a7085f"
".venv\Lib\site-packages\scipy\io\matlab\tests\test_mio.py","51827","41996fd82d47ae43ce862fe45aec107ca7c6e022cb585f922c570c9c1e593f09"
".venv\Lib\site-packages\scipy\io\matlab\tests\test_mio5_utils.py","5568","675072af400932476589d3844ea22c009742642c744c6a91e0ec8523848305a6"
".venv\Lib\site-packages\scipy\io\matlab\tests\test_miobase.py","1492","26ed922b08627ae02cd80667b7c361130d4355cfc1a4bb6ce01bd89f649a68e1"
".venv\Lib\site-packages\scipy\io\matlab\tests\test_pathological.py","1088","f2572f797cf3927407ff4d3d90d4efadfe1a02bfaa81ab6b5cf12e459b71438c"
".venv\Lib\site-packages\scipy\io\matlab\tests\test_streams.py","7784","3820477d26e98deae9b56dd8cb7e41c941b23cb6ea84e76ad9a5247d77964295"
".venv\Lib\site-packages\scipy\io\mmio.py","543","a831da9666688ff5592d371a3bae73017b3ed5917af5a78aa05f69d51f8c875c"
".venv\Lib\site-packages\scipy\io\netcdf.py","550","61a46d1d23348dd6850795be3a0eef53a0ac81a56110e6a8813c0e6e1b874ce0"
".venv\Lib\site-packages\scipy\io\tests\__init__.py","0","e3b0c44298fc1c149afbf4c8996fb92427ae41e4649b934ca495991b7852b855"
".venv\Lib\site-packages\scipy\io\tests\data\test-1234Hz-le-1ch-10S-20bit-extra.wav","74","87c097b16e7f4a1291d7deedfddf935139600ea399fbbc0afc47151ae711f9a6"
".venv\Lib\site-packages\scipy\io\tests\data\test-44100Hz-2ch-32bit-float-be.wav","3586","823bfffe783dc47fec9b7e21cb109b0a03b800ffbe3d901f0ce02b1f9a269233"
".venv\Lib\site-packages\scipy\io\tests\data\test-44100Hz-2ch-32bit-float-le.wav","3586","1f42cbcafda573682ecd81a7c780d65d4eaf079ec9ad15fe1bd0dde2a1a1d213"
".venv\Lib\site-packages\scipy\io\tests\data\test-44100Hz-be-1ch-4bytes.wav","17720","28acfd497bff477817fc055e103dafca16278f806f0f5bb20e22a9093dee959d"
".venv\Lib\site-packages\scipy\io\tests\data\test-44100Hz-le-1ch-4bytes-early-eof-no-data.wav","72","617d60f2a7423801b5eaf5fd1baab84ac7c28f6655935f7d8f30d0f12d335982"
".venv\Lib\site-packages\scipy\io\tests\data\test-44100Hz-le-1ch-4bytes-early-eof.wav","1024","6c5aec46ac344179ac683b630fa4c53fc859e631183326829adfa46bf0ba18d9"
".venv\Lib\site-packages\scipy\io\tests\data\test-44100Hz-le-1ch-4bytes-incomplete-chunk.wav","13","ccc9e1bd9beb3f893239629529f6c19decafd37c6fce0a976211cdc6c0310c9e"
".venv\Lib\site-packages\scipy\io\tests\data\test-44100Hz-le-1ch-4bytes-rf64.wav","17756","1922690ae7b396f1db84fdc2af88cd5a6cf8cc6e3a5d9ea3722d9f5ad88c3749"
".venv\Lib\site-packages\scipy\io\tests\data\test-44100Hz-le-1ch-4bytes.wav","17720","f6a4c2be981dcf7ada79c54dd558a08073e742305fe3bc665e877d8820ec1229"
".venv\Lib\site-packages\scipy\io\tests\data\test-48000Hz-2ch-64bit-float-le-wavex.wav","7792","12a6019c4813c532af69302d740e47225e3b0821488def77cb885ac11e8fcaed"
".venv\Lib\site-packages\scipy\io\tests\data\test-8000Hz-be-3ch-5S-24bit.wav","90","84661c8714058ebb6f642068d142e2fb1759f24aea5dc29d4e5dcd4947ea7bc9"
".venv\Lib\site-packages\scipy\io\tests\data\test-8000Hz-le-1ch-1byte-ulaw.wav","70","0685020dcb771a263f24957f1e88211779b301e6d3d7c8f4d9cf8c3a7d7d2b15"
".venv\Lib\site-packages\scipy\io\tests\data\test-8000Hz-le-2ch-1byteu.wav","1644","47a109b21bd0a79615478181f6ee0a867e4733554c7c9523d3cda2f2d901209f"
".venv\Lib\site-packages\scipy\io\tests\data\test-8000Hz-le-3ch-5S-24bit-inconsistent.wav","90","b76320ae2de1e892d00de92bc0884304e686e3a394cc7ca7533d2929bbcea4d5"
".venv\Lib\site-packages\scipy\io\tests\data\test-8000Hz-le-3ch-5S-24bit-rf64.wav","126","8921b2aa8b97e7735a101df7b732976b5d4d44863dec61b8d3fa6a585fe4e4b4"
".venv\Lib\site-packages\scipy\io\tests\data\test-8000Hz-le-3ch-5S-24bit.wav","90","c82bf4ba1faec7fb2426cc5e3a3ce88346019376503bf930e4724732ab55c88d"
".venv\Lib\site-packages\scipy\io\tests\data\test-8000Hz-le-3ch-5S-36bit.wav","120","a22315b1057dfaa181cff670b1f024800f416573635db1f8cf1086bef753d116"
".venv\Lib\site-packages\scipy\io\tests\data\test-8000Hz-le-3ch-5S-45bit.wav","134","7bded7a0facf1890c887c9ceea68a2fff562639c95966b783a73d0a03375763b"
".venv\Lib\site-packages\scipy\io\tests\data\test-8000Hz-le-3ch-5S-53bit.wav","150","c1ba272a5cefcd0fdb418c81b23f86c278a164e867d2ec5f2a12ff9c434218d7"
".venv\Lib\site-packages\scipy\io\tests\data\test-8000Hz-le-3ch-5S-64bit.wav","164","52ee503d071bb671659f139de33146c698930b8c20769e893a8609d95319214d"
".venv\Lib\site-packages\scipy\io\tests\data\test-8000Hz-le-4ch-9S-12bit.wav","116","d45ebb87cb6bdb1cf40b92b6d53f72f60b29706034aa748ecec976be302b00cb"
".venv\Lib\site-packages\scipy\io\tests\data\test-8000Hz-le-5ch-9S-5bit.wav","89","4c9bc653b1a9817742addae3ccc943b6989e0cc9c32be95630caa55a34f6dc16"
".venv\Lib\site-packages\scipy\io\tests\test_fortran.py","11707","ac4b1d82cffccab64142975b294705a4a8b30a9413f662a8b7cd75a7c3b3313a"
".venv\Lib\site-packages\scipy\io\tests\test_idl.py","21758","a0f8e32f9c889f742612e9ab66a3fdbd0ed18cbfc4bed1cad69301e015cad9b9"
".venv\Lib\site-packages\scipy\io\tests\test_mmio.py","30895","73080f44d3a32c3031af6f7f5d463ddacca5dc106dff86b7b3cad0b9dd1e8635"
".venv\Lib\site-packages\scipy\io\tests\test_netcdf.py","20109","0121f246f68b34ece4c2215f58a254a665bcc4b15cb0d46ef551284cde8df9c5"
".venv\Lib\site-packages\scipy\io\tests\test_paths.py","3371","021ca2228dc34c649ecc97175cd74aae113b9b6895694c0d715ada4d09bedb48"
".venv\Lib\site-packages\scipy\io\tests\test_wavfile.py","19289","d007da2a9c8738c30be7c5adf0d605cdc4eff4de6e34a0d1cf4c509ae372525f"
".venv\Lib\site-packages\scipy\io\wavfile.py","31629","ff72efe99aca7fe3ba1a26f2bae67c2d5c4bf87bef8a699f196496e494eb733f"
".venv\Lib\site-packages\scipy\linalg\__init__.py","7660","91604d8726c12c89bda30609d2662e1aa7cf7f8b37a6393c8761110b21b502d7"
".venv\Lib\site-packages\scipy\linalg\_basic.py","78191","cf2429926e41a67bd0b776c4662665eac10ec0eeb2ee7eb0513e4b3eeb2f0260"
".venv\Lib\site-packages\scipy\linalg\_decomp_cholesky.py","17218","17b24e05e46c69e1a94fc98ff4acbc3f022811cd3337106ad60146ae57300e4d"
".venv\Lib\site-packages\scipy\linalg\_decomp_cossin.py","9839","c3b8a5af709ec50e71c997766b9f734a828937dd191aded5a4c1454dfcee496e"
".venv\Lib\site-packages\scipy\linalg\_decomp_ldl.py","13027","3218a5551a5509cac38ab31e83059a06afbcb02be50abf0177b1cc9e31b11c7a"
".venv\Lib\site-packages\scipy\linalg\_decomp_lu.py","12871","d7607b5324a27272d479e7b0452bf3bfd0c91174084842285c83c24e13c34a8b"
".venv\Lib\site-packages\scipy\linalg\_decomp_polar.py","3767","893067af75be87473bd36074d6c76762e8fb823eace6a93c112ddec6c848be58"
".venv\Lib\site-packages\scipy\linalg\_decomp_qr.py","17063","eee0f78b1f33900f66d28db06d35d7932ab198616504d6d8f1b274916dffcc66"
".venv\Lib\site-packages\scipy\linalg\_decomp_qz.py","17112","f3ca2d721220ae234f0dc12070c5e44ce50334e732b4e6548ee11255f41372bd"
".venv\Lib\site-packages\scipy\linalg\_decomp_schur.py","12567","a0e8c6d6d65ca280981494308f1c8f6ef57fda6393b5b1b3cece7914efe48116"
".venv\Lib\site-packages\scipy\linalg\_decomp_svd.py","19827","81d2cf8b8c04bf1db8d09290ce00bdce7a9b212edb1b10352b5ce4e80ff71dac"
".venv\Lib\site-packages\scipy\linalg\_decomp.py","67002","75f5ce85364850c34ac621e033bc2eeb22dd370904df72f7630780c9bb5d8270"
".venv\Lib\site-packages\scipy\linalg\_expm_frechet.py","12832","289ff3742f5b44b748e47eb1dedf6a9c1b00e7a3ba1b13fb1925f97a37a00273"
".venv\Lib\site-packages\scipy\linalg\_matfuncs_inv_ssq.py","28971","32148b074723317ebd919dc105c5eed2d616a60535b699ea247efeba6fa81b08"
".venv\Lib\site-packages\scipy\linalg\_matfuncs_sqrtm.py","3490","265d79ee7a8664c4766a427f73d8dfbaae015c6aa2d9c0530794a6821df5671a"
".venv\Lib\site-packages\scipy\linalg\_matfuncs.py","27449","c401b97eca6361814a400ec06b9670441c0315c845d67749a5a7f987462256e6"
".venv\Lib\site-packages\scipy\linalg\_misc.py","9701","12d793c44980f0be2e3afcc25d2a979a64714a48ec5a1a939e18d1756c504774"
".venv\Lib\site-packages\scipy\linalg\_procrustes.py","3978","de69265bf5acce6c917376d03e5036336887df730deae7feb484ff54de44cc4d"
".venv\Lib\site-packages\scipy\linalg\_sketches.py","7398","5cead92521ca9d3fc03cc7ac228c884b2849376e4b3d4075da3ec1d28b477208"
".venv\Lib\site-packages\scipy\linalg\_solvers.py","31002","0022aa8d9374c57550b3174ac9e7b4fbdbb4e02e25bd47f360422318a3d148ed"
".venv\Lib\site-packages\scipy\linalg\_special_matrices.py","42603","960148766004267dcb83d4dc647adebf77b7de860c969f32e3f48923333d8120"
".venv\Lib\site-packages\scipy\linalg\_testutils.py","2016","7eb91ed721630c1ff5da7a4817635dabe2a02a770965060144bff95443f8fe6e"
".venv\Lib\site-packages\scipy\linalg\basic.py","776","718d50ec65a339bc6f74e1e007c110593dd38906e65f359fc8b3803a9bc018de"
".venv\Lib\site-packages\scipy\linalg\blas.py","13465","27e55f13129b8d3695a337a2f6d0d1460d2bacf35c04a70078a81fa87a808d3b"
".venv\Lib\site-packages\scipy\linalg\decomp_cholesky.py","670","6964165694a65eec4e96689b7f8c1ea2401b72e9b3b770786d61cd71a49e2935"
".venv\Lib\site-packages\scipy\linalg\decomp_lu.py","614","3a9021921f4bb86cde177c6c36b57b2e72cd1f5afd04a2118c4ca43eae89eccc"
".venv\Lib\site-packages\scipy\linalg\decomp_qr.py","587","763f48a7f34bf7f0e16d332f3aedd47fbdca171cc05b0f199390245bfc7c220e"
".venv\Lib\site-packages\scipy\linalg\decomp_schur.py","623","053488eb0a543197b03c6b1a63fb7f8895561f4d183b5ba79f727c3397040341"
".venv\Lib\site-packages\scipy\linalg\decomp_svd.py","652","eaf4c0ba32623430aed7e51390f70f996913f6cd815d28bd1fd77fa3e4590a8c"
".venv\Lib\site-packages\scipy\linalg\decomp.py","731","9478e247b82238b00b1554549da2e0519b7390996c3af75b81dc4949ecd6cc92"
".venv\Lib\site-packages\scipy\linalg\interpolative.py","32110","07b65dca7f9fa03dfb2a6394297837e532b202e05bf6c4e579dabe50dd5d000e"
".venv\Lib\site-packages\scipy\linalg\lapack.py","20840","335454e0ca801553691bf28a5a0550ab0b00c02e3682eeb52b4f2f9cc5987a2b"
".venv\Lib\site-packages\scipy\linalg\matfuncs.py","767","bd2d8bd0d2034c4e10f0549e137ba58cb554aa686c4d763f2546d32ef6d8b2e0"
".venv\Lib\site-packages\scipy\linalg\misc.py","613","498deba2796fd392911148b4be1c53debb923d483a319991a195a05c987eed94"
".venv\Lib\site-packages\scipy\linalg\special_matrices.py","771","f247a3d7253af5b75354836ea821fb06d7a871506b1a8f1062473e9e809d86bb"
".venv\Lib\site-packages\scipy\linalg\tests\__init__.py","0","e3b0c44298fc1c149afbf4c8996fb92427ae41e4649b934ca495991b7852b855"
".venv\Lib\site-packages\scipy\linalg\tests\cython_abi_signatures.json","393796","1b2cf1ee0adb802907cba594e1384095a6dbc31a8aa846bb71ed83e7966e3ace"
".venv\Lib\site-packages\scipy\linalg\tests\test_basic.py","118742","d40ba24f428b409d9dc8787b33a14927268ebc6e94209560f0cd696484636eee"
".venv\Lib\site-packages\scipy\linalg\tests\test_batch.py","33749","4027cd0313acd8be2f977d17b0a55ceb8f7d73ee3fd67ecea531a8757f148b3a"
".venv\Lib\site-packages\scipy\linalg\tests\test_blas.py","42011","386ff2bd810f8ebfc5005f0990233b9f5d1a5925c141bf1082960c46e3cb9596"
".venv\Lib\site-packages\scipy\linalg\tests\test_cython_abi.py","4164","2829f2e4d0fb13dd3db5ef79bdd37685040e3e6ef59196c867af3e45d814fce9"
".venv\Lib\site-packages\scipy\linalg\tests\test_cython_blas.py","5426","e6a41d2b6c4f1501ca5bbc766e3c9cdd857d68d72a296f91f66f3bf8f25554ad"
".venv\Lib\site-packages\scipy\linalg\tests\test_cython_lapack.py","2203","2727c928d53cd01ffc2870caecb65ad4ea1c372abfb5c015b1572b3d496c9135"
".venv\Lib\site-packages\scipy\linalg\tests\test_cythonized_array_utils.py","5297","508b6ed6a6b6b7dfcd1a305e4b671bc6d0ed49d0e4aa8d09c0822da06dde6222"
".venv\Lib\site-packages\scipy\linalg\tests\test_decomp_cholesky.py","17472","f910e6e03e9efacdb5e9834e67943e7f328eefee93400d9a80a737304b352165"
".venv\Lib\site-packages\scipy\linalg\tests\test_decomp_cossin.py","12874","3249d0d7a7c92b2161fa8a98998fc18bdb0cc5f1514ccfc24173a5197636e8fb"
".venv\Lib\site-packages\scipy\linalg\tests\test_decomp_ldl.py","5170","8c34396c04f58d617cf5c551e0fa6ba6b581e012fea28b563321c9a21ec2d86a"
".venv\Lib\site-packages\scipy\linalg\tests\test_decomp_lu.py","13070","80373c63623ca611a0f100455aec0ab40d2d70bac1b9a27d3cf4b9b0a08167f0"
".venv\Lib\site-packages\scipy\linalg\tests\test_decomp_polar.py","3397","41bcf8d7dfbf44193ad3db2bb606043012398b45e4bccdbae0d78c7223207101"
".venv\Lib\site-packages\scipy\linalg\tests\test_decomp_update.py","70328","1357aed67c19fcc24148c8c6eafce41135db891cde38b1a193be9051c7be79a6"
".venv\Lib\site-packages\scipy\linalg\tests\test_decomp.py","137038","65926c3670cd2d17d95ed808cd932d02563a19250dd1add41a6e8e5ad3e2b26d"
".venv\Lib\site-packages\scipy\linalg\tests\test_deprecations.py","7197","b1f2b442b34c1c49e335340b830d01a51d08f06111e2f93bdb6005ef4dc6340c"
".venv\Lib\site-packages\scipy\linalg\tests\test_extending.py","2287","da67107d6e2d049f181b8eb016882dee402181defba7c5bb61fd53b5c7e42b1f"
".venv\Lib\site-packages\scipy\linalg\tests\test_fblas.py","19536","0cf495f9323dce032e365604bd5cd37d8e78fa919b757a16dc0a52305fb0c0f9"
".venv\Lib\site-packages\scipy\linalg\tests\test_interpolative.py","8848","b99843d59315028d75d75ed7c755b1195fab505ca6af41ec912293f5d8a80328"
".venv\Lib\site-packages\scipy\linalg\tests\test_lapack.py","142388","f6e084016d10d94a1122085e0f1365ef7020725378370dce598801ce17438a56"
".venv\Lib\site-packages\scipy\linalg\tests\test_matfuncs.py","46889","e69b83c3acf3d14c4630e35fc084313213827777c046e9f8293756e9a86a4998"
".venv\Lib\site-packages\scipy\linalg\tests\test_matmul_toeplitz.py","4224","5397b2cf40a07da9aa76b66c5c2bd8feacbbdfac616f02a033439eddec9b91d3"
".venv\Lib\site-packages\scipy\linalg\tests\test_procrustes.py","9267","b240958d170f0e5e5887d14773ea00e74b2c8a71cd9c00eca6a0c63a55a32ff5"
".venv\Lib\site-packages\scipy\linalg\tests\test_sketches.py","4058","96f7a54510534eef28e5ff79c049cc3d0864f9826b0485ab2679407e67860c0f"
".venv\Lib\site-packages\scipy\linalg\tests\test_solve_toeplitz.py","4716","9afa3cc91129c539fb934d9a36edb20ddd4fcf90d4b62197a5938cba15536943"
".venv\Lib\site-packages\scipy\linalg\tests\test_solvers.py","35472","fe70d28e16a185fbdc6d9271ddd2ee6cfa605a5da0d4d3e96f40f62da8d6d6cd"
".venv\Lib\site-packages\scipy\linalg\tests\test_special_matrices.py","25526","1344ea770cda2bf4b86eb136cbe60d87b7d1972e803ae84bd35e23424d16c90f"
".venv\Lib\site-packages\scipy\misc\__init__.py","141","43142a9d80917625a9ebf8eca0e2873f8ca9b87ced6e1fb7cf4afa7ddc4de20c"
".venv\Lib\site-packages\scipy\misc\common.py","148","dfe09cd8df6013fc94a3df1a797a8d804fc907058b2d639126e9988817cf1ee4"
".venv\Lib\site-packages\scipy\misc\doccer.py","148","99f071207c0e18322bc5124dde787677d6d2a371ae77559dd3293eb7e090655a"
".venv\Lib\site-packages\scipy\ndimage\__init__.py","5381","80ad9f3187bdd48c014b9cac985ae885c68b7bbc2670dab2e85e2090e70e41b0"
".venv\Lib\site-packages\scipy\ndimage\_delegators.py","9713","4894aaa5e54c9174cef3965a40a9f9a54c5033bafd2f062511072c6a0c7d3912"
".venv\Lib\site-packages\scipy\ndimage\_filters.py","95819","b83ba559da8ab41d1aa0b4beecf93b01ccb0064ed5bc56a45798ecf6c7041f35"
".venv\Lib\site-packages\scipy\ndimage\_fourier.py","11572","3d3728cb2b6065cfdd141b0fb98ae20b2ea826fe47573f39cdd4a9a6de06a203"
".venv\Lib\site-packages\scipy\ndimage\_interpolation.py","38730","b5416f83a8f6aac833ffc9ab34a7300f110d95132accefb9955c8a8f957674cb"
".venv\Lib\site-packages\scipy\ndimage\_measurements.py","57963","7c0ae574a7b0d8609da230c282d4182b12a61d3463c58857b68991d57956e397"
".venv\Lib\site-packages\scipy\ndimage\_morphology.py","103595","acc30fc9bf11de6fef46353bb26dd0a86a3917945fd185a9a50534bde779d8ba"
".venv\Lib\site-packages\scipy\ndimage\_ndimage_api.py","602","1af939ed138e9726a415896c9392ced77c62946f46d1e6cb0ece4dc978dcedd0"
".venv\Lib\site-packages\scipy\ndimage\_ni_docstrings.py","9266","c3f0379e5c0b5689cdabd77448a1372d34004e98230ebf18671411573114bd93"
".venv\Lib\site-packages\scipy\ndimage\_ni_support.py","5355","936622ef7b7e7ab7a9db20201f93afceea81c0f80f551b27fd35580fae4c7373"
".venv\Lib\site-packages\scipy\ndimage\_support_alternative_backends.py","4363","5a5cf3e24afe2ba93cbd261d282beba075e9b5028e891e17983d852da3053fd6"
".venv\Lib\site-packages\scipy\ndimage\filters.py","1003","a414930597946375c024220574bd5466607738ce8a2657768e1ccf5561e9398b"
".venv\Lib\site-packages\scipy\ndimage\fourier.py","620","320f329ba7ddd815c1152ad48b0ad6dc65287834d85db74ea907bbe44262298c"
".venv\Lib\site-packages\scipy\ndimage\interpolation.py","686","b79fe16c20c4dc6d3a15df80ef0a33b7f4e776395b8f7cfa8d140fb6388145ea"
".venv\Lib\site-packages\scipy\ndimage\measurements.py","812","34d4eb64b6526d4ea13b8d938f8f667be4b503e57ea673836e9c649b87a12ce2"
".venv\Lib\site-packages\scipy\ndimage\morphology.py","992","e9ac675bea7f169dc19bedb5cd8a1a6b3fb549d37110f60297c4a87915f00d04"
".venv\Lib\site-packages\scipy\ndimage\tests\__init__.py","326","9e7db6b00cfbeba0bc153ca4b7e7b635d099ea0674e35eda06b685b89096f353"
".venv\Lib\site-packages\scipy\ndimage\tests\data\label_inputs.txt","315","a0128e8e5c8eaa40c444579fbb28e5b0f7957c64727e60dcfae89ac2e31ecb80"
".venv\Lib\site-packages\scipy\ndimage\tests\data\label_results.txt","4603","84d3c4f1838f9b9319d7af48e1ce499c6d9c5b195e3a529d746d55740f859f76"
".venv\Lib\site-packages\scipy\ndimage\tests\data\label_strels.txt","294","7cb8cb0826fbd90757e7990ab2c65dc20dbad92695e4d81d206fc19ff80f1d28"
".venv\Lib\site-packages\scipy\ndimage\tests\dots.png","2114","b20b56fadc7471c0694d3e8148d9e28a83d7967bac16bf8852094afea3950414"
".venv\Lib\site-packages\scipy\ndimage\tests\test_c_api.py","3840","879021f8ad707bf7777f24324bb285332e8eaecaf9e81c4f9d2c79a8405819a4"
".venv\Lib\site-packages\scipy\ndimage\tests\test_datatypes.py","2886","aef9bca651d68e2855ab1535ab5c46e37b336c2e1c93776afd58b304c09b946d"
".venv\Lib\site-packages\scipy\ndimage\tests\test_filters.py","148860","4ede77003abf94cfa32e1f8e1d3dfd07b6f7fb3d4c0bd908bd87b0e1dcc2e4e1"
".venv\Lib\site-packages\scipy\ndimage\tests\test_fourier.py","8277","68ffbaad28b96b4694461d432939f9fff041c61156227987c133f1be78b65a58"
".venv\Lib\site-packages\scipy\ndimage\tests\test_interpolation.py","64296","4b2c81430e3e6dc033b073e14ddb6bd76f525133fdff0f85c99944a6dabfe35c"
".venv\Lib\site-packages\scipy\ndimage\tests\test_measurements.py","64193","528a2505f7c2e2772612814036056a68d38472bfc2dd43551653bf9f12067aac"
".venv\Lib\site-packages\scipy\ndimage\tests\test_morphology.py","141257","335d90046ba1429b5c2761904fe4f2a90be56491f93fcf45ba1ac164c6facdee"
".venv\Lib\site-packages\scipy\ndimage\tests\test_ni_support.py","2561","2810c79527cb79fd8c961341c33a1a2d56acfb707434ad7f329c8796c5c675fe"
".venv\Lib\site-packages\scipy\ndimage\tests\test_splines.py","3325","18bbc860563c119d8ee658bb9a1ca536e73377eac69c8de85f0b879cd7c7623a"
".venv\Lib\site-packages\scipy\odr\__init__.py","6391","374605579bbe12d15323f4b4b4b1f976c55714e25f0095dcc2ee453cb04aaa47"
".venv\Lib\site-packages\scipy\odr\_add_newdocs.py","1367","7e07d1198bfe7c6be09b3a07aa888b12ac38df13e628c5b8e63c24f535f115e2"
".venv\Lib\site-packages\scipy\odr\_models.py","9114","95205b8f2a2321446873526949d204c4254fcfa9c3db3e79d4b69021d279f0a7"
".venv\Lib\site-packages\scipy\odr\_odrpack.py","45507","c59ad11fde2a3eff085d21229cafe975083a734ebfbf14d991028c05e62c2df5"
".venv\Lib\site-packages\scipy\odr\models.py","812","5daa265b850a458256a6eff2ec01755b534fa5ed821c35c514a2e20664c46d5d"
".venv\Lib\site-packages\scipy\odr\odrpack.py","856","4a9a939202c1b56944b3d69f748a55ea2508c571bdeb029bcff439161043bc0a"
".venv\Lib\site-packages\scipy\odr\tests\__init__.py","0","e3b0c44298fc1c149afbf4c8996fb92427ae41e4649b934ca495991b7852b855"
".venv\Lib\site-packages\scipy\odr\tests\test_odr.py","23099","78e954cc92aa5aa385bb23aa1f6deffb899ccdc98b97c16458e90e0f64626ad6"
".venv\Lib\site-packages\scipy\optimize\__init__.py","13739","386c0ca12008b1da344df26284cb7806d5b92f12c98bde043e464b65faa99f6c"
".venv\Lib\site-packages\scipy\optimize\_basinhopping.py","30719","ccf52060e2627a0d0bbeabf916d0758c51666f67b2f1bf161b1dd2382a96e8a1"
".venv\Lib\site-packages\scipy\optimize\_bracket.py","32051","35d780d2e321060aed87046de07c2fa3fbe4eb416ecea9b5bbe93ad434ad62cd"
".venv\Lib\site-packages\scipy\optimize\_chandrupatla.py","25298","9034754d85e1d6f028fc4be3e879611786f35576b9d2339920d558b9f796813e"
".venv\Lib\site-packages\scipy\optimize\_cobyla_py.py","11304","1e2e943bca624ef7d129d46aff926447286f5505054c060f33f13822cc43ae13"
".venv\Lib\site-packages\scipy\optimize\_cobyqa_py.py","2999","7d2172c81d9283a557e691d59f329f012da4dafce074372ac291fabc1519ad1d"
".venv\Lib\site-packages\scipy\optimize\_constraints.py","25902","b490e0e96ca59cfb4ffaafb11e3ccb7b398680b34abb01c43c7ddd7644d89809"
".venv\Lib\site-packages\scipy\optimize\_dcsrch.py","25962","9a413b3f462fb5312501c7894efb2fa591066069663d3918f57c9d2e045d576e"
".venv\Lib\site-packages\scipy\optimize\_differentiable_functions.py","30809","2f62c728fa4daed54d783601726107d6c287e0c00e5c17016d7e3afba5c7bef6"
".venv\Lib\site-packages\scipy\optimize\_differentialevolution.py","92056","04134c8ce29e7f02c9af6902bea5f16ff09d82147df5b1dffb295b8ac2b6f6d5"
".venv\Lib\site-packages\scipy\optimize\_direct_py.py","12128","b22b67ca91f0cf4e473f180feba1c9811f47cc1d4652e223c99f6fef4290af37"
".venv\Lib\site-packages\scipy\optimize\_dual_annealing.py","31967","b210664685e7507bb59edcfc33e7f441c2822dce9a267ad2e701303d66ab01c6"
".venv\Lib\site-packages\scipy\optimize\_elementwise.py","35567","fd299a43d6f013425a9df73024887a6cd3a4462f70677edf96ba329d5ca6dfcd"
".venv\Lib\site-packages\scipy\optimize\_hessian_update_strategy.py","18902","891551c990c13796cd2712804beba98f2aaf1a7b1909fabfa01fa7a0eb39ec41"
".venv\Lib\site-packages\scipy\optimize\_highspy\__init__.py","0","e3b0c44298fc1c149afbf4c8996fb92427ae41e4649b934ca495991b7852b855"
".venv\Lib\site-packages\scipy\optimize\_highspy\_highs_wrapper.py","11632","1f2a701c25725dc78b53f0185ac802e74f74d484695c6c2127d51d907302994d"
".venv\Lib\site-packages\scipy\optimize\_isotonic.py","6234","e1b3790ef7d79fe213500f16d310e5e31a074a73638b20075fe279b8cad5be56"
".venv\Lib\site-packages\scipy\optimize\_lbfgsb_py.py","21662","1add9425fb6c634339839a2f20c16c7a6a14f68db6f38e4f57e3366006439fd4"
".venv\Lib\site-packages\scipy\optimize\_linesearch.py","28771","03a1fcd1dda084f295d062689f8cf651e783e529e7cb19c2e45ea09c67b305ff"
".venv\Lib\site-packages\scipy\optimize\_linprog_doc.py","63363","e83978b6a320988a7062f73f6312421fcd1a3575655c5a79307b00c05257a82c"
".venv\Lib\site-packages\scipy\optimize\_linprog_highs.py","17567","7f6acb007a35617222845b56c9919d5f549ce3744e5154c3bf0f12934dcf7f9b"
".venv\Lib\site-packages\scipy\optimize\_linprog_ip.py","47792","78c11ac578a2018b0b4f91cc1de14332bbde2c6f129bd6f83cc56a6391003bda"
".venv\Lib\site-packages\scipy\optimize\_linprog_rs.py","23718","047575127581a8d50c0767ec4fab3a0397647b8c3619ab83b81a2f151beb07f7"
".venv\Lib\site-packages\scipy\optimize\_linprog_simplex.py","25411","f2859720062d354d1eb6ff0f10977d123570038787ac2ab2c8c03420be532d5e"
".venv\Lib\site-packages\scipy\optimize\_linprog_util.py","64259","57a6498a7441613a0e3825e33d994787ee62bcbde940dec5aabad7fd616b3777"
".venv\Lib\site-packages\scipy\optimize\_linprog.py","30973","883172f6c372b656187a3e5da92998b3e10c608c502de8ce8c27c8a8309a9a15"
".venv\Lib\site-packages\scipy\optimize\_lsq\__init__.py","177","73857eb673328b675734d5e48c543c49dbc600db606eba9710cf8ea5d05d6694"
".venv\Lib\site-packages\scipy\optimize\_lsq\bvls.py","5378","87d6d88776acb4846f32d306821b441a91b97c3b21ef848c45b9a01771cdf183"
".venv\Lib\site-packages\scipy\optimize\_lsq\common.py","21212","538075ef250c1936456aeab1be8f5697196a777b4fcc9f4c4b68e5fb4064cb1e"
".venv\Lib\site-packages\scipy\optimize\_lsq\dogbox.py","12522","05fdcf0b75a5250eed2ebbe5e11dd613811a1aae0c262dbc5609c0f7c2a736de"
".venv\Lib\site-packages\scipy\optimize\_lsq\least_squares.py","43856","b768b647932fea1329a9e44df3b3b1cc69635dc79a43ad36e402f41799dbe7b8"
".venv\Lib\site-packages\scipy\optimize\_lsq\lsq_linear.py","15636","9a6e3a1e3f965510ec49c193d86543f897e6d7a89f2962aec4eb9e0b73af3b9d"
".venv\Lib\site-packages\scipy\optimize\_lsq\trf_linear.py","7891","184306c8ca96c1a54b51aeec0a8f62c0399492e4fbe3aa1c8b588ae8a8e72500"
".venv\Lib\site-packages\scipy\optimize\_lsq\trf.py","21103","a174a6e79b67067823804666c9e97413dd0d432c7ac7cd148c0c9ee5cfa9732b"
".venv\Lib\site-packages\scipy\optimize\_milp.py","15647","803785ebcc365d1c04967a267650953da01ed285ee8be1c7a66a9fe3dbf75c3c"
".venv\Lib\site-packages\scipy\optimize\_minimize.py","54249","1e557fd87a76a768bef65a8191f9e81a56edf7b96d3e0eddafb452dfe6fdb895"
".venv\Lib\site-packages\scipy\optimize\_minpack_py.py","46764","0040c87c28ee04be39c51120e0155e37541b41792f9bf71d8070f42272fe9ecf"
".venv\Lib\site-packages\scipy\optimize\_nnls.py","2699","9e5fdc27e228c4754606c3232a379c2f3ce29b57b31567f090e968f6866d9de6"
".venv\Lib\site-packages\scipy\optimize\_nonlin.py","54081","26b0ac1940ceeb62b3013a90f8da9c5389d4e07de423ff071e1fcdd808e3e16e"
".venv\Lib\site-packages\scipy\optimize\_numdiff.py","38227","c030c88bb0e54b4851b9e91460861e3807073cb48d982dab08ac690465f1922b"
".venv\Lib\site-packages\scipy\optimize\_optimize.py","154034","2333b2f730c1cbf97f5d93d74a9157e23d3856ae43489e3053ad467690366ffa"
".venv\Lib\site-packages\scipy\optimize\_qap.py","28078","3ecaeddc015b820c46f7095e5f16adcc48278ddcb5f52f28b9f7da67a7cca1bb"
".venv\Lib\site-packages\scipy\optimize\_remove_redundancy.py","19279","ebb4910f5d61e41fe7cfdeb09daea52f0c22726cbeee0ddb7cc027f9b6924e4e"
".venv\Lib\site-packages\scipy\optimize\_root_scalar.py","20920","da7191bb5faf8c28953c0271a295495703fe76f6343e2e43dc2a802faca91c01"
".venv\Lib\site-packages\scipy\optimize\_root.py","29439","1a9740149847cb569aa0c06473f478a647f9488288ca456d9610cb0d216031f3"
".venv\Lib\site-packages\scipy\optimize\_shgo_lib\__init__.py","0","e3b0c44298fc1c149afbf4c8996fb92427ae41e4649b934ca495991b7852b855"
".venv\Lib\site-packages\scipy\optimize\_shgo_lib\_complex.py","51485","1a2396fe8f44f43667a13ebbcb07e529eca56e8338c0824b5bfe9be27701ffd3"
".venv\Lib\site-packages\scipy\optimize\_shgo_lib\_vertex.py","14456","cfd6be517a4c543f0d5daff2d5e3e9f956b76fb075b5c0103e645c932d56d880"
".venv\Lib\site-packages\scipy\optimize\_shgo.py","65114","9ca44de85d48514c5ed6757d88e063eec7d4d7aedad203ff5077a6fe4bd9c5c1"
".venv\Lib\site-packages\scipy\optimize\_slsqp_py.py","25050","3971def62a3f336021b06cbac7b788ba554176cee76130c5e01ca902130afee4"
".venv\Lib\site-packages\scipy\optimize\_spectral.py","8388","53c467d3b73d4289591a96d58d43e74ec286c66c1a0ea6c0860cb5b6edd37ef7"
".venv\Lib\site-packages\scipy\optimize\_tnc.py","17782","3a2305bc2b6502d51adde2a7865addc7618bdecb4fb84b6856c94d853fc13f80"
".venv\Lib\site-packages\scipy\optimize\_trlib\__init__.py","536","e536d5f14252484c16fea38d833a33a070e0be186e833ab2909cf26c30ab363d"
".venv\Lib\site-packages\scipy\optimize\_trustregion_constr\__init__.py","186","63638b9f61c1439af1a407c8f948d665ce23fec0ea8ce0469a0752db3002ff6e"
".venv\Lib\site-packages\scipy\optimize\_trustregion_constr\canonical_constraint.py","12932","2e2617c7ede17d5ada87d965f90cd57dddcd6b4e003aaef77ab477dda93b205f"
".venv\Lib\site-packages\scipy\optimize\_trustregion_constr\equality_constrained_sqp.py","9391","e6c51c6572d3d4a6371ecfe373e5d0ad7c9c1616603ee315bb59dee817e7967b"
".venv\Lib\site-packages\scipy\optimize\_trustregion_constr\minimize_trustregion_constr.py","27165","6d22bb391f205ec2177923ae3adb779055c1d18f8c2d532f14748a63f253136b"
".venv\Lib\site-packages\scipy\optimize\_trustregion_constr\projections.py","13925","1d758d70122b18a3a032cd406b7c18828076529c7bbbeb45046db339588d83e0"
".venv\Lib\site-packages\scipy\optimize\_trustregion_constr\qp_subproblem.py","23228","5e362a407088e4696b79685f826f52de1ae19217500c814ea9fb58d35a0006e0"
".venv\Lib\site-packages\scipy\optimize\_trustregion_constr\report.py","1831","628c9d1d5453c4ee69f2367d259522657e279cb930a3ebac22c92c144cf407a6"
".venv\Lib\site-packages\scipy\optimize\_trustregion_constr\tests\__init__.py","0","e3b0c44298fc1c149afbf4c8996fb92427ae41e4649b934ca495991b7852b855"
".venv\Lib\site-packages\scipy\optimize\_trustregion_constr\tests\test_canonical_constraint.py","10165","cfc30a37a35b6b1b07ee98f6adb08674e4388d713e78cf923eefc870d32d21a2"
".venv\Lib\site-packages\scipy\optimize\_trustregion_constr\tests\test_nested_minimize.py","1255","7d17abae52f8f06b24b9dade5bd62eed823b3c6f7f6cbb90e594fdec2064b3ba"
".venv\Lib\site-packages\scipy\optimize\_trustregion_constr\tests\test_projections.py","9083","dfabe507c4979b7ab3fc84c98b995251b251b5edee6ff01a7a581c4189c5e936"
".venv\Lib\site-packages\scipy\optimize\_trustregion_constr\tests\test_qp_subproblem.py","28287","ab06800592a8b54a49135c5e019cdfe4aadd3d4ba95a768e5088c14818a112ee"
".venv\Lib\site-packages\scipy\optimize\_trustregion_constr\tests\test_report.py","1138","eac9f7de5927fbf849a39ff98bbbc63d9b6582e1748a47f1014ff4fc62e430da"
".venv\Lib\site-packages\scipy\optimize\_trustregion_constr\tr_interior_point.py","15109","512a5c5f4e8b5557de9f2ec406c67d2408b8fecc9bcb34cccab26106e6a948cb"
".venv\Lib\site-packages\scipy\optimize\_trustregion_dogleg.py","4511","5d3bcd42d79b6533f397ac46b731c12c37050f6a9ee6c48e14e4db9ad0d6b30a"
".venv\Lib\site-packages\scipy\optimize\_trustregion_exact.py","17161","90070fe63ebbf1762f236984943d7a3123047bb0b4ea10ad903b1a632b746659"
".venv\Lib\site-packages\scipy\optimize\_trustregion_krylov.py","3095","384e8004dd7fa1e4545015d6181036405973c4ee0625506c7a834e301d9be12c"
".venv\Lib\site-packages\scipy\optimize\_trustregion_ncg.py","4706","3b6ffca7dda5fdf6941cb236e861cadb0574453740475b1c962d178574d3b12a"
".venv\Lib\site-packages\scipy\optimize\_trustregion.py","12198","9b62a2b052a840fa3b126d524794b06a7469ca6c46e1eb5bb40db5c558242282"
".venv\Lib\site-packages\scipy\optimize\_tstutils.py","35032","95a08f8897212bc3a93095bf7da359a9474ecb27938253cb459f4ad39fdce701"
".venv\Lib\site-packages\scipy\optimize\_zeros_py.py","58518","a9159901a6928511baed2a64245638a37fb775e1621d1be5989e1558e1285c0e"
".venv\Lib\site-packages\scipy\optimize\cobyla.py","576","08739e6bf6223a908d2796e5448e98aa8622782a2153de8c35857e6225800c67"
".venv\Lib\site-packages\scipy\optimize\cython_optimize\__init__.py","5020","2c4c94719fed51f44d318832141614b077f3b6e8b5e53be22652c2b1b656ac3c"
".venv\Lib\site-packages\scipy\optimize\elementwise.py","1228","3d0ac6279ed44422deeb41f7a204bed1a613d7c97c63c8ffd8134cff641a7db9"
".venv\Lib\site-packages\scipy\optimize\lbfgsb.py","624","c115d09d471cf3e78f40e326a953350f487e821ba10ffab25bf777e67afa61e0"
".venv\Lib\site-packages\scipy\optimize\linesearch.py","553","2a2a2bc57636d2a97e995903414754a694e583f281112de909f24734bf176700"
".venv\Lib\site-packages\scipy\optimize\minpack.py","691","bb1027086ed2bbd1b18b9bbc3fe0426c07bea8ac2434ab4cbc8911a0f76b4519"
".venv\Lib\site-packages\scipy\optimize\minpack2.py","531","353af19f4b6f37fbc14c7c0fbb9997355ef830a8fd312115b7cc501f3a4eb96a"
".venv\Lib\site-packages\scipy\optimize\moduleTNC.py","526","d0166d8f8d4d11ad673365d837d0dffa4986ed6d50246e0f59c638d19a2eafeb"
".venv\Lib\site-packages\scipy\optimize\nonlin.py","739","9ad8f89807d98548d317fd763f7770cb7656832b5eba0caa1bca0904ac24867d"
".venv\Lib\site-packages\scipy\optimize\optimize.py","917","209770172fed61fb54f655c879c41a0695965cdb1b7964d8b992743f92a460d2"
".venv\Lib\site-packages\scipy\optimize\slsqp.py","591","45ee650c8f2f76ecaec34c77cad82d0d0e712cfc912921f81d59107b16c4f982"
".venv\Lib\site-packages\scipy\optimize\tests\__init__.py","0","e3b0c44298fc1c149afbf4c8996fb92427ae41e4649b934ca495991b7852b855"
".venv\Lib\site-packages\scipy\optimize\tests\cython_abi_signatures.json","892","1264b20f5d6518ec695652a5a4f7a22ed4fc75203d85ab424aeb7bd11204532e"
".venv\Lib\site-packages\scipy\optimize\tests\test__basinhopping.py","19767","5514ce415633688db35be1251e81170aba75131f1cf0821786d185a30cab2c89"
".venv\Lib\site-packages\scipy\optimize\tests\test__differential_evolution.py","73327","b4abd9f6ffee85a72ca4e6f15a794c28351a6d1e18964a18e289b5f686ffb1a6"
".venv\Lib\site-packages\scipy\optimize\tests\test__dual_annealing.py","17018","c769286758f2db87059b0fa5f879acb205fa2752e8b7a61eff09dd6cc1570edb"
".venv\Lib\site-packages\scipy\optimize\tests\test__linprog_clean_inputs.py","12196","ec68995bd873bc8706ad80cb43ad67a6616e220dcfe1a9c8d583d0447b0de03f"
".venv\Lib\site-packages\scipy\optimize\tests\test__numdiff.py","37879","0ddbfcbe21a1fe6dbee8d2ab43667b8e124f98544512dc6aae7a1cb12531684d"
".venv\Lib\site-packages\scipy\optimize\tests\test__remove_redundancy.py","7110","6402a7882c3ac5b3e07c40244196c160b283958e55411ac0e3fb98fe439e65a6"
".venv\Lib\site-packages\scipy\optimize\tests\test__root.py","4322","aa381dbadb03e8b39080731e4ae3b1259152706a34869c99d46f8ca1adefc944"
".venv\Lib\site-packages\scipy\optimize\tests\test__shgo.py","43422","b42dcda43a9d98b293948668bb0dfc88ac0c41408390b6a4423c13f604a5eb4f"
".venv\Lib\site-packages\scipy\optimize\tests\test__spectral.py","6864","6df0e96d99198dea1c2e1a3a2be90467e91a9504639fc05897907180952f5dd3"
".venv\Lib\site-packages\scipy\optimize\tests\test_bracket.py","38347","5a978e1fd1202897e2a95f72625e0120b1f0a32036f78fca8cf0cb14fcecfa7f"
".venv\Lib\site-packages\scipy\optimize\tests\test_chandrupatla.py","39620","dd0ecebf15439a453ac2437e355b7ef2b13252152f1f72e155ff1f2cfd59733c"
".venv\Lib\site-packages\scipy\optimize\tests\test_cobyla.py","7017","74e6e8dd4d180a32d413d63b7d428b371bd163e62c349e3f8dd7a8a6efad7923"
".venv\Lib\site-packages\scipy\optimize\tests\test_cobyqa.py","8395","077064057131344100908cfe7ab9a2abc8bf0e120e1d1369a2ad55d72ec007da"
".venv\Lib\site-packages\scipy\optimize\tests\test_constraint_conversion.py","12806","cc5713daea54a0ec91fcd87acaa33d3db41ada404908e0096135699dc443b345"
".venv\Lib\site-packages\scipy\optimize\tests\test_constraints.py","9946","a39a02bfedc0cebde4c076f767317d5ea63bd0f33ae7f79bd3a6f86d07be9fad"
".venv\Lib\site-packages\scipy\optimize\tests\test_cython_abi.py","3068","188284b827226ead109b4a4042e289fb9cf3e216e018595a527b2991d8877e97"
".venv\Lib\site-packages\scipy\optimize\tests\test_cython_optimize.py","2730","5e652b9c9af158a59f1f9df7ec588201f095e9d8df7e3a50595835a251b5be0d"
".venv\Lib\site-packages\scipy\optimize\tests\test_differentiable_functions.py","39624","e1a0c29187df8358fb27785133a4edd4ea428d881caf3a8ff4c70e72275156ff"
".venv\Lib\site-packages\scipy\optimize\tests\test_direct.py","14081","6efd93131b27cc00ddf8c0b82491d49f004f11c72b7b1bf600b12990a78dc7ef"
".venv\Lib\site-packages\scipy\optimize\tests\test_extending.py","1132","e9b5260ea4764c244c42160f35c24be1012447b26c889be460641ace96fa4760"
".venv\Lib\site-packages\scipy\optimize\tests\test_hessian_update_strategy.py","14637","146c5007e229ba8a949086bd2de3fcf5a04f5788e218ca8bafccc2c3d6a0354e"
".venv\Lib\site-packages\scipy\optimize\tests\test_isotonic_regression.py","7280","eff946ba85b063039d2db502b9ece8ba6423f2168014c7bb44998ae73b6ca0e9"
".venv\Lib\site-packages\scipy\optimize\tests\test_lbfgsb_hessinv.py","1999","8047f08015ce2a299b6751b2afdfce78d6c84c1d17a0581fe36d4fb3b31fed22"
".venv\Lib\site-packages\scipy\optimize\tests\test_lbfgsb_setulb.py","3808","c0a60524c7d6d87bb958f0d705a2995ccdc6f7915b29ca36e2514199898ceb77"
".venv\Lib\site-packages\scipy\optimize\tests\test_least_squares.py","39296","f2bd702a36b80c3a904fb2f23f1fca928c824a8155be241c59c2ba24f47dda2b"
".venv\Lib\site-packages\scipy\optimize\tests\test_linear_assignment.py","4219","5558a256ee17f226998030bf3b0f55edf2c255d0965b27ad457af7ac920dfe7a"
".venv\Lib\site-packages\scipy\optimize\tests\test_linesearch.py","11932","9b017e8948aacc0a3b950f597ce5ddd6623212c7fdd3c7f8838ad2d6103c4703"
".venv\Lib\site-packages\scipy\optimize\tests\test_linprog.py","107728","a9f211e78869efb7669e8990be10a5fef28a5749f3c7e1d9ad8ad86e25b9380a"
".venv\Lib\site-packages\scipy\optimize\tests\test_lsq_common.py","9797","01775fcc89423b98106b7832ecebbd9a9d520070fcfaa30fd720b27cad64688e"
".venv\Lib\site-packages\scipy\optimize\tests\test_lsq_linear.py","11290","ff719a91fa9c8a7eeaa9dfea3c8ef33327d49063581f7dee6a8d76967ac7bf52"
".venv\Lib\site-packages\scipy\optimize\tests\test_milp.py","19288","a402b9f1456401e5d008ab0b47514ff5826f8c1648090c38348814f80bdf56d5"
".venv\Lib\site-packages\scipy\optimize\tests\test_minimize_constrained.py","35782","e64b287508a9b34649e571ad827415fdf2559c287ea2fb230c67bcb4e4470250"
".venv\Lib\site-packages\scipy\optimize\tests\test_minpack.py","46074","f77697af607df20012ae36e332901580729ae63f0e23e9c0f026eb6ec4962802"
".venv\Lib\site-packages\scipy\optimize\tests\test_nnls.py","27554","a11e5299dad2e5332e50ee5b478808ea3ba09897788b6739cef08c724a2ac00c"
".venv\Lib\site-packages\scipy\optimize\tests\test_nonlin.py","20821","6fb8d1487c306e2db784eeb8315805a817b22656f3dce52607e55ba0de44bbc1"
".venv\Lib\site-packages\scipy\optimize\tests\test_optimize.py","146794","18e1ba5e852676418abdd4b1ceef001406aea206d67e5258c258963072128a62"
".venv\Lib\site-packages\scipy\optimize\tests\test_quadratic_assignment.py","16861","564a4cad0180428ca39552f5b8177d77e3d2646ce530ec66c0d4cd88eb7ad111"
".venv\Lib\site-packages\scipy\optimize\tests\test_regression.py","1117","8dcfae57cf506af0217f7e23f09dab88dc5863d80822039d76b44c57996d0b46"
".venv\Lib\site-packages\scipy\optimize\tests\test_slsqp.py","26341","cb52bb5ef6ab2315b9bb9ccecaac6ab85869fe34d03e83dece46d26612daa2c6"
".venv\Lib\site-packages\scipy\optimize\tests\test_tnc.py","13045","5d62f58ffbbff59ae450139fc85572b4801d0ff770e6b468fb4c39207c7fecf3"
".venv\Lib\site-packages\scipy\optimize\tests\test_trustregion_exact.py","22288","ff4063e7e6ab8fe324ee98f00ea5947428d949592384f7cbe676557d01171929"
".venv\Lib\site-packages\scipy\optimize\tests\test_trustregion_krylov.py","6739","32df349849a86a9952542045947478fe6cd4098bda51dd6a362120a0c75635c0"
".venv\Lib\site-packages\scipy\optimize\tests\test_trustregion.py","4747","3b2199099e87fa3cb3a63365782510f7a7f94bde032e16398e2473bb6e3a382a"
".venv\Lib\site-packages\scipy\optimize\tests\test_zeros.py","40099","d873567a7147d095d5ac3f969f1e62392496c020c16107437064fc97d7fc7739"
".venv\Lib\site-packages\scipy\optimize\tnc.py","582","ce78631f8215d7b895ea085dc701346a3eb5ee2a1d1fa38f3cbfc07eb8fcf0b5"
".venv\Lib\site-packages\scipy\optimize\zeros.py","646","c9983fbedeeb47ff33e4dda2f8e6a6deb6cc88f75ab3c97dc6089bfec0004e19"
".venv\Lib\site-packages\scipy\signal\__init__.py","14022","8b2349c36c1cea4fb9d597860eaeee512de87f8f8e1a221bad95c200a7e13394"
".venv\Lib\site-packages\scipy\signal\_arraytools.py","8558","5bb93fd1edc05bc2f3dd12cf0268b84979c93207bd377cb5f9565cbdeb66da33"
".venv\Lib\site-packages\scipy\signal\_czt.py","20152","a8e4b6853e07f9f4468cd8cd7d838c6474314907400ff23549085d979735d859"
".venv\Lib\site-packages\scipy\signal\_delegators.py","15224","1d26ece9ee012869883c6a37ae968d4873170e9d7c2f262298b20438039fe072"
".venv\Lib\site-packages\scipy\signal\_filter_design.py","211042","bde198e0ad7e215a0d332f5897967a55722ca1a4a8b1f0a6d8da216c58006ae0"
".venv\Lib\site-packages\scipy\signal\_fir_filter_design.py","65721","964f1b765b86ec44b9f548fbf50cacdadd6b25100639f91f0f1ea36bc7981796"
".venv\Lib\site-packages\scipy\signal\_lti_conversion.py","20234","73790204a81e3724c335e68411f5692c4ddd3e3a03218b0f6a2278671ce6f3c4"
".venv\Lib\site-packages\scipy\signal\_ltisys.py","136228","355a9bfa9b47a4e466b268c24f777c179c7d1d46c754ae6eaf90a85b13b7c201"
".venv\Lib\site-packages\scipy\signal\_max_len_seq.py","5199","a155242f7a927ccd7f143598fc07142397c58b6bc1407d1fd625e20d53ab21b1"
".venv\Lib\site-packages\scipy\signal\_peak_finding.py","50069","73ca23aba0863ac8db9442b6e483865cf95d5f11f307e3dd5ca4519015fb076e"
".venv\Lib\site-packages\scipy\signal\_polyutils.py","8567","3a7fde7b1088fdbc3bee64ab251a95b9d399f5ae9f2e86692ad166a282ca0253"
".venv\Lib\site-packages\scipy\signal\_savitzky_golay.py","15073","5d07c9008b018df3edee9dd54fd98bd53fff7630caf5ec140da9322928e62559"
".venv\Lib\site-packages\scipy\signal\_short_time_fft.py","105461","f85dd915d7377f2136383b0dd8c976da22f2a73b80f31200e488ec4c060fa24b"
".venv\Lib\site-packages\scipy\signal\_signal_api.py","1326","ac58ddf3ea60a011c326d192cf40d905df17b2b52c04e1a8628f8a49987b343e"
".venv\Lib\site-packages\scipy\signal\_signaltools.py","203726","3f49179f82f7cfc94cffbe6d90ad4529a51492c3e5f92a4992cde218da1795e8"
".venv\Lib\site-packages\scipy\signal\_spectral_py.py","99636","e5ad1caf4747f3c4e83ef0c8cb8f92f1e22803f3d46a3fbd825c894d4e7ebdc2"
".venv\Lib\site-packages\scipy\signal\_spline_filters.py","26305","0ee640163e3fce9d2c3e05ec07d2ac37a3f6419519362d6dc57942bd2ea9ccea"
".venv\Lib\site-packages\scipy\signal\_support_alternative_backends.py","18704","aa2d4a31d1c10adbcbefcc2996e9da7f5a0db1c1323c46aeb2d2619702b3f322"
".venv\Lib\site-packages\scipy\signal\_upfirdn.py","8195","e93ad2616d74b50bae5db2a472b5df9e7ea6cb5198b036888e582e1274cf3cdf"
".venv\Lib\site-packages\scipy\signal\_waveforms.py","23639","d636897b980c7da6519234094740e1ab6f6eb58da4eedfed4c9bb3c165ac81f7"
".venv\Lib\site-packages\scipy\signal\_wavelets.py","915","fc1159736d48c5fc6ca2d0e2762717c415a5490b6d372390e569722c4c10ba5f"
".venv\Lib\site-packages\scipy\signal\_whittaker.py","18547","b424959440eff0ead7c3256e6112d0eba60f5ef122dd8bf925a162a8bd44c52d"
".venv\Lib\site-packages\scipy\signal\bsplines.py","672","96879ffa200c415d5112be44c1b08d0d24f41472c78079f04b6e3a7e48199d27"
".venv\Lib\site-packages\scipy\signal\filter_design.py","1140","37a3c757c036e966ada17f34ca0fb48857ee0c2d7eb0f8b21ece051ecae14356"
".venv\Lib\site-packages\scipy\signal\fir_filter_design.py","678","9e18358b1457a0605d4a2f7442f1e37033ccffb4499c2711da8f242280fcfc38"
".venv\Lib\site-packages\scipy\signal\lti_conversion.py","659","eb00958ccf718329f7cb962b5d3e9a3c53941d22120e434569216c5667bc0529"
".venv\Lib\site-packages\scipy\signal\ltisys.py","894","840f50eaa722aa028744b79448e79d1b1f6af63374756c84449dc5d7dfe26bfb"
".venv\Lib\site-packages\scipy\signal\signaltools.py","1065","21af3c38da97a57e2a67261ddfae08d82650caa9f632ac1ae6b08e8a11210f37"
".venv\Lib\site-packages\scipy\signal\spectral.py","683","5dfdf40dd655cddfaca781883ef0a2cae95424860da3ec7b2f17aa97240b4081"
".venv\Lib\site-packages\scipy\signal\spline.py","554","e9326c5b5a0d557f6c98c732909f69fd4699337146e25d81151daad8acdcf89a"
".venv\Lib\site-packages\scipy\signal\tests\__init__.py","0","e3b0c44298fc1c149afbf4c8996fb92427ae41e4649b934ca495991b7852b855"
".venv\Lib\site-packages\scipy\signal\tests\_scipy_spectral_test_shim.py","12988","89d2a78ca98e215cdfeee3b4f86f8b6a606f50664b84f303d2937cc880e7e429"
".venv\Lib\site-packages\scipy\signal\tests\data\GLB.Ts+dSST.csv","13028","50f7eb91b8240c422430b94ec030ff97ad44355d09e5abd494a289d69ef1b05c"
".venv\Lib\site-packages\scipy\signal\tests\mpsig.py","3430","ddc77f58f833f5d9236a5aee857c7100f60257c2b3b342fc087e21fb45bc8d7e"
".venv\Lib\site-packages\scipy\signal\tests\test_array_tools.py","3700","bdda6c883130022c88efa6757078d3cb8428f26549bd6634d68cba12deaaf48c"
".venv\Lib\site-packages\scipy\signal\tests\test_bsplines.py","19892","e332441c374d67fc3b3002b6e8483292275bccaec02686b388de14e5eff4763a"
".venv\Lib\site-packages\scipy\signal\tests\test_cont2discrete.py","15980","33f78361e4953fdffbff0ecf2527bb377b8b6a75556ab98e320f750c0c49bb7c"
".venv\Lib\site-packages\scipy\signal\tests\test_czt.py","7377","ba284d2af1f1656244fff277e9332d13ef59a3ec369cc33e641f4db3b3fceb9f"
".venv\Lib\site-packages\scipy\signal\tests\test_dltisys.py","22168","d84ca89dc5ed7934d0a97fd5b2a29df0554a5515dcfc571dd61e4878488e0656"
".venv\Lib\site-packages\scipy\signal\tests\test_filter_design.py","236803","85ebec235dcc024c82e18236e859083dad1efa14c0a8ec74f289e377c121d949"
".venv\Lib\site-packages\scipy\signal\tests\test_fir_filter_design.py","38759","0ec154df27546da61141290a36779ef7101d74e80d916242c9c5daaa1937f9aa"
".venv\Lib\site-packages\scipy\signal\tests\test_ltisys.py","49002","74d9c8c4ca8589438bb2f8e05722e487bea1a2c07a167f54126b5c65fd7da148"
".venv\Lib\site-packages\scipy\signal\tests\test_max_len_seq.py","3389","d27bbd64fec1cf269440a14869c180b726034d960d5755f79854534c9997acbb"
".venv\Lib\site-packages\scipy\signal\tests\test_peak_finding.py","39299","eb57dcc59dc2196b5e80ddb07702e091f3eaedbc616a1e86e784d0be329ebfd0"
".venv\Lib\site-packages\scipy\signal\tests\test_result_type.py","1624","c8f20a8e03ac1bc6a5dd391c780eeea1ef4ddb87054ccd3be6c57c59563f6fd4"
".venv\Lib\site-packages\scipy\signal\tests\test_savitzky_golay.py","14726","8cbb2db134dadd315ccb7fb7e05f660da628adda8c15527966aaf31a5a2978cb"
".venv\Lib\site-packages\scipy\signal\tests\test_short_time_fft.py","49410","f551b9cb748554a07818358ffa0f7cabd392ca55a98b17b02e0fa66512f8e539"
".venv\Lib\site-packages\scipy\signal\tests\test_signaltools.py","202053","29a6fbe450d4e3dafba98341ea43374906464b91b9d57a837d00a48b4973a461"
".venv\Lib\site-packages\scipy\signal\tests\test_spectral.py","85572","f535a735ddad6b28516eb08538888407a1546c481d942b3f2b884ab97e3d7a9a"
".venv\Lib\site-packages\scipy\signal\tests\test_splines.py","17437","619dda94203c36aa710cfeca05215171e95b5bd03aa26e50d208049b18deb74f"
".venv\Lib\site-packages\scipy\signal\tests\test_upfirdn.py","13362","de5f140b5dcd0b99c2bfe621ccb753d963043c671202d7c156677b93ef0d46d7"
".venv\Lib\site-packages\scipy\signal\tests\test_waveforms.py","17467","6065762212141ce5205db8287aff1711980b962e0d345117d16313d6509abcb7"
".venv\Lib\site-packages\scipy\signal\tests\test_wavelets.py","2204","258c88098ece314064990d8633345ea9e5eaa9f33deb4abdaec0dab7f476a60c"
".venv\Lib\site-packages\scipy\signal\tests\test_whittaker.py","16138","f27f1ff695c7779dd41a2122e28a3fa028efbc392fe518d701612db3d8612aaf"
".venv\Lib\site-packages\scipy\signal\tests\test_windows.py","59906","1c6c901f49d307baab53427660c10ec997c25f382cdb7999b428b9aac37efe73"
".venv\Lib\site-packages\scipy\signal\waveforms.py","619","188cc9eb4cb9b1dd4f7985821074497b2a9bfc428b2caa235e396e30cee3baf2"
".venv\Lib\site-packages\scipy\signal\wavelets.py","527","4711da5b5c811869eb03ab0c1dcf6bc8c4e77fc43420cbc3b8f020a9ac417bb8"
".venv\Lib\site-packages\scipy\signal\windows\__init__.py","2178","e315c2ac196ddc0210dd65ceb196b0a952144df9d7c344f17acf3a8b05ed24eb"
".venv\Lib\site-packages\scipy\signal\windows\_windows.py","97653","d13b43af959d3a79b48edbb4b124e5ce185101a2a0f0f70cd0bdaa728a428134"
".venv\Lib\site-packages\scipy\signal\windows\windows.py","862","ef27cfeacc1d19975323b377eff1a0f0f590cf4f87c98a8c91f5aa007c225538"
".venv\Lib\site-packages\scipy\sparse\__init__.py","8466","86b73ca13b743554ae1b835760893f6f31a675509ee3f0c26f0430aa115da4cf"
".venv\Lib\site-packages\scipy\sparse\_base.py","65516","f6e4a282f2088664d8021dd46c6785f54ab33d68af95749ea8754eafe9b6292a"
".venv\Lib\site-packages\scipy\sparse\_bsr.py","33312","ab1ea216f1aac34698b9bb6243f28baec546a861ec466ae086d54a564b1d5917"
".venv\Lib\site-packages\scipy\sparse\_compressed.py","54001","9b960cf9e25068bc31fd5f4f07edb2b883a84714992172e9d50e36a62814ab0e"
".venv\Lib\site-packages\scipy\sparse\_construct.py","67182","40bed38f27ea420827c732718785a975524ea8688bcb3c2f566275304ce2deb7"
".venv\Lib\site-packages\scipy\sparse\_coo.py","79442","bc0027293b0b94af08d9270182d1accc53dca9c48177b2cedbfe6dc344069e95"
".venv\Lib\site-packages\scipy\sparse\_csc.py","13374","e2a5f253810073e12222445529a011b3a6417a901e301c1358f1697f6af4de7c"
".venv\Lib\site-packages\scipy\sparse\_csr.py","21014","e0845b485389bb9c482f6a8d9952d0785a07b222d64dcc5a69817c91922f0c9f"
".venv\Lib\site-packages\scipy\sparse\_data.py","21923","4ccc5815d663200ac13e0a18c4e011ee108330a88e1f5a25c0b7556abc5f8ea4"
".venv\Lib\site-packages\scipy\sparse\_dia.py","27973","86746a6a7d85ffe0443b9179cdd64de72bb1942765a327ddfe65d164e3dba073"
".venv\Lib\site-packages\scipy\sparse\_dok.py","28654","1704b086943c639af3e243d47ae33c8a43e8903aef1f5f83cb851fb7bb8aa2cc"
".venv\Lib\site-packages\scipy\sparse\_extract.py","8461","647666756ff6557ea8d8821dbaa17a80455165cc1fa82bd8255e591ed61d4529"
".venv\Lib\site-packages\scipy\sparse\_index.py","18713","5064fe6c39e9fccdfc8d1513579a032ce60efcf6e47877dd19bae8b582e970b3"
".venv\Lib\site-packages\scipy\sparse\_lil.py","23458","3a9c65075698faf40e77cf05fd35ffc39979b05ce6ada1abfb883bb12899be2b"
".venv\Lib\site-packages\scipy\sparse\_matrix_io.py","6402","2a0ddc909325ab8ea2a6fac356be78dfbc7660df0c77865b95323be877344566"
".venv\Lib\site-packages\scipy\sparse\_matrix.py","5743","93628ff95c319017c1b24cca5f03aebfc2eae346e503b7f5af8e09d7e0bffd7a"
".venv\Lib\site-packages\scipy\sparse\_spfuncs.py","2063","bf00448fac4d1a1d55d7b74e3495fbeb00808fd8857e6b5e1aa878f0367fbe78"
".venv\Lib\site-packages\scipy\sparse\_sputils.py","21078","ead9bb722d5e83c4c8181f4ed2234cd0f902074f7e5869feb35ea7aafdeaac40"
".venv\Lib\site-packages\scipy\sparse\base.py","633","8fd6c4b2f3ffb701bf2cca5a54d3141ceefd5299d34579c491b9a89f61786394"
".venv\Lib\site-packages\scipy\sparse\bsr.py","583","8dbbf43c2844c05713376e60f063dd8ee165c4b7dfa28478146891d5781afaf2"
".venv\Lib\site-packages\scipy\sparse\compressed.py","570","8da7f6ecaafbd9843c9020ea6b880b740f155298cce4e5214812d1216dd5b0b6"
".venv\Lib\site-packages\scipy\sparse\construct.py","850","3e918c819471834907c0ce9e8cf05226440b7e0ac951d22cd2435c3cc93816a0"
".venv\Lib\site-packages\scipy\sparse\coo.py","615","7857e3f59e4f27946609007cb75d7fff65b464473679da03b34b001b52d2eddb"
".venv\Lib\site-packages\scipy\sparse\csc.py","583","38e2124ac68db0aa7858577322e3a0fabe28d84258028b6c8bc6005dc8aa0a2a"
".venv\Lib\site-packages\scipy\sparse\csgraph\__init__.py","8052","12bb57daca660adbc9762558b47d7da22de6c3c4d22b8947b271384657823835"
".venv\Lib\site-packages\scipy\sparse\csgraph\_laplacian.py","18840","efc7715a5799c3b48d60e0ed2e9d10d01d9d3f65443abb197834a258cd937f11"
".venv\Lib\site-packages\scipy\sparse\csgraph\_validation.py","2925","84d3e61ffbf7d2994cf5fee36e430d8fc34869a0dee92dbd2b791205ee3e8f48"
".venv\Lib\site-packages\scipy\sparse\csgraph\tests\__init__.py","0","e3b0c44298fc1c149afbf4c8996fb92427ae41e4649b934ca495991b7852b855"
".venv\Lib\site-packages\scipy\sparse\csgraph\tests\test_connected_components.py","5554","2574bf9146f48e970c6ce4303c21327b74f14b47608e00587d40398ccd709b26"
".venv\Lib\site-packages\scipy\sparse\csgraph\tests\test_conversions.py","2415","a2b4f0f3ba794bf214a3678f2494b151831ac2e69fd8c8d5f995c25d1e72e09b"
".venv\Lib\site-packages\scipy\sparse\csgraph\tests\test_flow.py","7927","bc45dcb45a201694ab4a6fcd321e17a9a99daebcdd859c57bd6fd9c3c6762d22"
".venv\Lib\site-packages\scipy\sparse\csgraph\tests\test_graph_laplacian.py","11314","fe5ab1613fb541f6392bdf786bb6ecbe041d2de85f59c9b04a719fb946cef6c2"
".venv\Lib\site-packages\scipy\sparse\csgraph\tests\test_index_arrays_dtype.py","3191","1c2ad60ffbf6fc60adc858860d4f3e921dd9dfd72ec038fdd4e11f5c3dccfd82"
".venv\Lib\site-packages\scipy\sparse\csgraph\tests\test_matching.py","12679","0750e1a82840f395255fe91a376152a36e3cd4e523c000ab22c90f25db3d6d64"
".venv\Lib\site-packages\scipy\sparse\csgraph\tests\test_pydata_sparse.py","5187","57dc4128d338a678eef0ebc8779080fc93c29bfa5c23dd584d5f74f340c58b82"
".venv\Lib\site-packages\scipy\sparse\csgraph\tests\test_reordering.py","2639","efc666a1eaa4341e1aeb3c85577ec8028f9ff91e3c80f7bc1bd83c985faca65b"
".venv\Lib\site-packages\scipy\sparse\csgraph\tests\test_shortest_path.py","19290","b598bb9dfaa64ff259d3808349409906550c6136afcfc750acd3b64f96a5f55c"
".venv\Lib\site-packages\scipy\sparse\csgraph\tests\test_spanning_tree.py","2230","bce3d56690fb53c5a18629edd8b993faf7a30be45db916950b3a97d97fabd665"
".venv\Lib\site-packages\scipy\sparse\csgraph\tests\test_traversal.py","6362","ff5fb1a258d7eda7becbc86dffe3a5fa4b1590a2576454841544228d845965a4"
".venv\Lib\site-packages\scipy\sparse\csr.py","583","296dd81efcda55c090b160c85ce2b53c33d67129d6beec7233eee5094e81d337"
".venv\Lib\site-packages\scipy\sparse\data.py","522","385db655aa126895ea82ded81f3a61769f313c47ddec75d5aa108cd8f4fbe0a1"
".venv\Lib\site-packages\scipy\sparse\dia.py","583","138f76524eb05b07594b9219d8620cfacf60b696011b37033f1b2001fd649129"
".venv\Lib\site-packages\scipy\sparse\dok.py","583","e8a60101836cbbd778989d5bf127622c707ac7a155607197d866b17f6ddc0807"
".venv\Lib\site-packages\scipy\sparse\extract.py","590","b5cc1791fddfbf12a0e0fa2d5ccaefae378ccc282abd44016c3073aca74b109a"
".venv\Lib\site-packages\scipy\sparse\lil.py","584","9ae7401473774e4d9e412d5c5934110100171ae3e78a43ad616356611bf042ab"
".venv\Lib\site-packages\scipy\sparse\linalg\__init__.py","4378","1c0450dce2ff5c8805a14203e6e20d7ab6aeb60a80f290d45356ab254aab29b8"
".venv\Lib\site-packages\scipy\sparse\linalg\_dsolve\__init__.py","2110","05bdb3fa011132e8b95d945b4fab4e8d425b4cb935bff97684b15647bcb22583"
".venv\Lib\site-packages\scipy\sparse\linalg\_dsolve\_add_newdocs.py","3890","dabcc0b0ddba161a55e20c52c8278dd585dbde67959bf731e5bc78f17361d69e"
".venv\Lib\site-packages\scipy\sparse\linalg\_dsolve\linsolve.py","34569","1a9d680532ef45a9ee18d9467603d647dadeb8d4f55d21b8a63026bab193d4af"
".venv\Lib\site-packages\scipy\sparse\linalg\_dsolve\tests\__init__.py","0","e3b0c44298fc1c149afbf4c8996fb92427ae41e4649b934ca495991b7852b855"
".venv\Lib\site-packages\scipy\sparse\linalg\_dsolve\tests\test_linsolve.py","35379","ae7e204e8b96b899eca2e6269c57c13c6e0b9c7f61f86a7f49a533244599b6d5"
".venv\Lib\site-packages\scipy\sparse\linalg\_eigen\__init__.py","482","d35dc5deeea931ed09d302a3305abf6b58d2b8efa9c12fe1fd7ce6248df17cc3"
".venv\Lib\site-packages\scipy\sparse\linalg\_eigen\_svds_doc.py","15385","41755492e74c080dc1afb4e0835a0ba9dcf84866f1b9d66e886b7bf5d996c3d5"
".venv\Lib\site-packages\scipy\sparse\linalg\_eigen\_svds.py","20325","c99d11f8cc0c45260e5fc780c37ae7a3840eaa705e6b178691a3a1d94c2a3092"
".venv\Lib\site-packages\scipy\sparse\linalg\_eigen\arpack\__init__.py","582","114d2f5ee4e567331c5f10884d44d5c5467f374120703174e90dab333cb4437a"
".venv\Lib\site-packages\scipy\sparse\linalg\_eigen\arpack\arpack.py","72031","a543eaf37e47be53870a7aadec0a48198913ba6fda1086c07a3d5dd7301d8777"
".venv\Lib\site-packages\scipy\sparse\linalg\_eigen\arpack\tests\__init__.py","0","e3b0c44298fc1c149afbf4c8996fb92427ae41e4649b934ca495991b7852b855"
".venv\Lib\site-packages\scipy\sparse\linalg\_eigen\arpack\tests\test_arpack.py","25809","04cec60b5d75b034eed28514a001c157e6374282bfc31fa7b9562b88143cc98e"
".venv\Lib\site-packages\scipy\sparse\linalg\_eigen\lobpcg\__init__.py","436","f1ac3ae78da03c736b88544110d4d9e6b6f533772a24a4e81befa969aaa96b13"
".venv\Lib\site-packages\scipy\sparse\linalg\_eigen\lobpcg\lobpcg.py","43091","f57a90b4582b92c777761228dd1ad491539651db78194e5a12d065fbd4c35ea3"
".venv\Lib\site-packages\scipy\sparse\linalg\_eigen\lobpcg\tests\__init__.py","0","e3b0c44298fc1c149afbf4c8996fb92427ae41e4649b934ca495991b7852b855"
".venv\Lib\site-packages\scipy\sparse\linalg\_eigen\lobpcg\tests\test_lobpcg.py","28197","86a02085ba311999e1f010112604e0cf2d1269feb9628e1d7b44a76feeb37031"
".venv\Lib\site-packages\scipy\sparse\linalg\_eigen\tests\__init__.py","0","e3b0c44298fc1c149afbf4c8996fb92427ae41e4649b934ca495991b7852b855"
".venv\Lib\site-packages\scipy\sparse\linalg\_eigen\tests\test_svds.py","38046","1aa62dfb7f5a82daef0d6837e81c4f28fe787b9943da96eac33e1a5dcdff7bb2"
".venv\Lib\site-packages\scipy\sparse\linalg\_expm_multiply.py","27300","265294cd3ecc5e197752b502c97d5c894a571efd30362d010228e9df38b70b82"
".venv\Lib\site-packages\scipy\sparse\linalg\_funm_multiply_krylov.py","12522","2c3f00994ba7c37eaf9e90cd601e5d119893327fe5ea9933e5cf1add519caa66"
".venv\Lib\site-packages\scipy\sparse\linalg\_interface.py","42611","21c9a35a714f63113d6fcebe24632b543462feb650f6003fda28ef5fb2ad07f1"
".venv\Lib\site-packages\scipy\sparse\linalg\_isolve\__init__.py","499","ac572831833bd136ed8e5737c615a182374d1d43b07384d2575b0e159c0be86c"
".venv\Lib\site-packages\scipy\sparse\linalg\_isolve\_gcrotmk.py","16374","2d9f0c77e4d0a0a43c261f13dced3132c576e8d2fdf88e0fc8f0d3a724e7c9c3"
".venv\Lib\site-packages\scipy\sparse\linalg\_isolve\iterative.py","34677","b467009e4c8853579bd8966002a017b761d4a1979df6eb0b8a62114b3ddab848"
".venv\Lib\site-packages\scipy\sparse\linalg\_isolve\lgmres.py","8936","aaa76a71764529d1627855b2b2d9c7c7af1c3b0ac0886f7f184ed15c59e9c27a"
".venv\Lib\site-packages\scipy\sparse\linalg\_isolve\lsmr.py","16335","73d4b3c402e20dd08e8e7690184253c4b755dc75c2b98f76361dee798596bb9a"
".venv\Lib\site-packages\scipy\sparse\linalg\_isolve\lsqr.py","22016","bdafb08dae382d3c78978eb5f5f4741dab5c88e62886f4db979cee98a77dac01"
".venv\Lib\site-packages\scipy\sparse\linalg\_isolve\minres.py","11562","c70c91f54e40a469750448b9b44ffa95ad85442e107443c4423ff6b765252b05"
".venv\Lib\site-packages\scipy\sparse\linalg\_isolve\tests\__init__.py","0","e3b0c44298fc1c149afbf4c8996fb92427ae41e4649b934ca495991b7852b855"
".venv\Lib\site-packages\scipy\sparse\linalg\_isolve\tests\test_gcrotmk.py","6258","4131687442f5fa5275ab56deac44afca8ae84564e97b899f69f7d5a95b5a5bee"
".venv\Lib\site-packages\scipy\sparse\linalg\_isolve\tests\test_iterative.py","33127","319b2032c2cc38b6b469c58c29e3b4081d15cc1c84da6d4c89c512a328136f10"
".venv\Lib\site-packages\scipy\sparse\linalg\_isolve\tests\test_lgmres.py","7740","f22ca1c6563ae720720bc95b44e8c949fc738cd0d1eb27464217813e28aa34c6"
".venv\Lib\site-packages\scipy\sparse\linalg\_isolve\tests\test_lsmr.py","7284","3ea7f021ca03f9c5c8c4cc2494f10060a50ef5deb6db39d874d6568732df1ac5"
".venv\Lib\site-packages\scipy\sparse\linalg\_isolve\tests\test_lsqr.py","4152","ca3e1ad834d141d9d41313a4ecb8b6f6166ce32257c1d6c436242e7cfbb63d18"
".venv\Lib\site-packages\scipy\sparse\linalg\_isolve\tests\test_minres.py","4559","bf4fe500f9fb9914e35f25c37388ff6c0301f52e731ce65d95c55ccd918988eb"
".venv\Lib\site-packages\scipy\sparse\linalg\_isolve\tests\test_utils.py","274","5bf111a4f57865fc5386f8011f1bb28624c19a67d26d02851596922b6e661818"
".venv\Lib\site-packages\scipy\sparse\linalg\_isolve\tfqmr.py","6413","3bb42fe05946cf6c7dfb97f197dc8fca6286d65e565989155081211d9308d88b"
".venv\Lib\site-packages\scipy\sparse\linalg\_isolve\utils.py","3613","7d39bdcb1dbd552a117a48821fa328af60565187ee854803010b33caabe38bd7"
".venv\Lib\site-packages\scipy\sparse\linalg\_matfuncs.py","30272","76af98e92e31b18d47e762990580f0cc11301cf5904ea5d3b60b67344bc135d2"
".venv\Lib\site-packages\scipy\sparse\linalg\_norm.py","6508","eaa3add5349403ad1c620d4004d3f434a804481ffd1eb557591bc9e9f070a731"
".venv\Lib\site-packages\scipy\sparse\linalg\_onenormest.py","12309","fcc27c1fc5e19e06f58c121067499f0eb3dea1269b1c35afd455bad195903d8e"
".venv\Lib\site-packages\scipy\sparse\linalg\_special_sparse_arrays.py","35302","772c2fecc0197975d6b40e8c8babef30bc40a90066de60fa8b06f84f2953b90b"
".venv\Lib\site-packages\scipy\sparse\linalg\_svdp.py","11224","77413c957e5cba804bb390fe93fde34686912518f4b2b457e1d2e5fe66ee4d80"
".venv\Lib\site-packages\scipy\sparse\linalg\dsolve.py","676","16a081a2348c58a7d728bf14d8ab7eba14d08f2d9b1512b88dd9bed2ebe670b4"
".venv\Lib\site-packages\scipy\sparse\linalg\eigen.py","647","45d0fceefa26c1a9997d688a55cc575fb960234a27efd3362bf8f353dc26afb9"
".venv\Lib\site-packages\scipy\sparse\linalg\interface.py","593","a54437f7a1a8f34a03e4d867c35391034ba0de294e109d34b5aafa733438255c"
".venv\Lib\site-packages\scipy\sparse\linalg\isolve.py","671","adaf602213b9a9f14f30ab16f0e81049fe107a9772919a5350c6975cb6a410e6"
".venv\Lib\site-packages\scipy\sparse\linalg\matfuncs.py","588","e35e22708ae241b036330ae8d9323530c912b55e85d5f462f4786cf66ae9b019"
".venv\Lib\site-packages\scipy\sparse\linalg\tests\__init__.py","0","e3b0c44298fc1c149afbf4c8996fb92427ae41e4649b934ca495991b7852b855"
".venv\Lib\site-packages\scipy\sparse\linalg\tests\test_expm_multiply.py","15391","8efb3380cd4a94b30f6acf543c6c3ba40199af79bbefafbb49484cf51edb068d"
".venv\Lib\site-packages\scipy\sparse\linalg\tests\test_funm_multiply_krylov.py","7486","7158131e60cf37e166eb64a78688e70dee57e71e5ae3810af9d14c5ddf791bb9"
".venv\Lib\site-packages\scipy\sparse\linalg\tests\test_interface.py","52197","ab5edea5df0695324b3934b101708b34cee7e86d499552e6bddfbce380c93414"
".venv\Lib\site-packages\scipy\sparse\linalg\tests\test_matfuncs.py","22616","68a92dbd4af581d3d64b94455bba7aa74748db0a35802e2674dcc340b41dfc88"
".venv\Lib\site-packages\scipy\sparse\linalg\tests\test_norm.py","6722","c3d543d9a19b0456849c1173ada7d7d9d1a4ffb24c790190403606a227d54893"
".venv\Lib\site-packages\scipy\sparse\linalg\tests\test_onenormest.py","8866","eb256662bdf7d1471a49a74cb07d6e595efad31d67acf45af2d2f3ba4662a9b4"
".venv\Lib\site-packages\scipy\sparse\linalg\tests\test_propack.py","7656","ffb3355cdedcab0213f548abd3fa87381e322b053e840e2ea019e6bccf2ef2d8"
".venv\Lib\site-packages\scipy\sparse\linalg\tests\test_pydata_sparse.py","7574","10819714a087feb5f1b3dcdd7e863a1c9f608dc8ad17194ee4719b48b6801302"
".venv\Lib\site-packages\scipy\sparse\linalg\tests\test_special_sparse_arrays.py","13467","0151255da0dd094d2220dd0c75ac96336ad9757362a8ed61b1f32ce8176bea09"
".venv\Lib\site-packages\scipy\sparse\sparsetools.py","533","b0a57a76235a1f8af8075055f85fb502fb86007c36229cab6922650685d9f586"
".venv\Lib\site-packages\scipy\sparse\spfuncs.py","525","14ad5c79c7e18c72e4dbf8120284d2b2f79de4781c3b050faed3529c6edfdbfa"
".venv\Lib\site-packages\scipy\sparse\sputils.py","525","724b947a3e23474f4caefca725367d73afd008a4c79feed951e05c05fe8c533b"
".venv\Lib\site-packages\scipy\sparse\tests\__init__.py","0","e3b0c44298fc1c149afbf4c8996fb92427ae41e4649b934ca495991b7852b855"
".venv\Lib\site-packages\scipy\sparse\tests\test_64bit.py","13462","bc979127068ba0b49e6d720afaacf79148fa657a42319b68f66c111243ce8677"
".venv\Lib\site-packages\scipy\sparse\tests\test_arithmetic1d.py","12325","a32aeacf996d2a795dedaba9cabe4ab5b6496c8173def42370c0b3c8267f5616"
".venv\Lib\site-packages\scipy\sparse\tests\test_array_api.py","15387","2ced5fbcc2cb48451168fc6a729c5fbdadfaa6561bd13b77c2e3b644b9dd0dd3"
".venv\Lib\site-packages\scipy\sparse\tests\test_base.py","233375","c5f99678c0b73e76ff1df15c3bdf7512d4fa182ca5fb90ed35e2435d4e5d8192"
".venv\Lib\site-packages\scipy\sparse\tests\test_common1d.py","16097","448755c2dadf65d8f577173d2a3f3c519973e3acfa9112d46a9b5942c6adcdd6"
".venv\Lib\site-packages\scipy\sparse\tests\test_construct.py","52092","44343693d4d9a9380c30b52883854a7dd650e3818302b7db629f3a96980175aa"
".venv\Lib\site-packages\scipy\sparse\tests\test_coo.py","50459","84c7ea6213d93284d8b95c5955a6756a7e7dec4377fffb9f834505bf60861ca3"
".venv\Lib\site-packages\scipy\sparse\tests\test_csc.py","4444","f79a1eab8118b6e2782eeb14d329e1196f79c604ccde9390ea33a5503d224769"
".venv\Lib\site-packages\scipy\sparse\tests\test_csr.py","10501","399ae6022c720ce4354ac534fddc153fe440a1ce11b4b756daae7db36dad0450"
".venv\Lib\site-packages\scipy\sparse\tests\test_dok.py","6908","e14909f74b1d6f0406c450df78a9c505e7114358ac8ca013f29b7d5dc7d31b27"
".venv\Lib\site-packages\scipy\sparse\tests\test_extract.py","2061","67e9a4c9c6b2f8cc5640802ec6e9e4745ae9a6efe7d001d396e7385a86edf396"
".venv\Lib\site-packages\scipy\sparse\tests\test_indexing1d.py","21678","325f7d84e1f85df7769c99dc1370fc278e1bf30ac13e4615a73290591cca6506"
".venv\Lib\site-packages\scipy\sparse\tests\test_matrix_io.py","3565","7b462aff726ea4e78cdc68f4817a8990bf71f54845cbc62c69f21c885d76afa6"
".venv\Lib\site-packages\scipy\sparse\tests\test_minmax1d.py","4397","09e69c83d0b91ffa8c5c4b222ebc69c3351e0d4ca18af11808a94d18037093b6"
".venv\Lib\site-packages\scipy\sparse\tests\test_sparsetools.py","10953","bf6ce81234a1de5d6ec9471da7450f1afa8b37a181c764307f42a99fde63e0f9"
".venv\Lib\site-packages\scipy\sparse\tests\test_spfuncs.py","3355","8d43e126319ab746237047995ab0fa233d86dde974b9b032b6ce1ecef6eb08cf"
".venv\Lib\site-packages\scipy\sparse\tests\test_sputils.py","17461","717cf377ebe3fddaea7847620533d28280ff4b7ba37fe0e5187057b84f1bf2db"
".venv\Lib\site-packages\scipy\spatial\__init__.py","3910","9055db278ade26c71aadb6aa2250d1357691806f9e5d58502befa782aea9dcb1"
".venv\Lib\site-packages\scipy\spatial\_geometric_slerp.py","8875","73003b4e208f5dbe072b6d26f8097b726fecb15446bd438018823360bb213e14"
".venv\Lib\site-packages\scipy\spatial\_kdtree.py","38903","ea803bb9d0cb3dbe8639708038fdd9e45a28545cf5474795596a7a2809ac61ae"
".venv\Lib\site-packages\scipy\spatial\_plotutils.py","7454","c71833a9a8b7264da9ea5c953a749b39a087a80ed685dd2ef58835a62d100a00"
".venv\Lib\site-packages\scipy\spatial\_procrustes.py","4559","ec2f6fde8fc09f2d4bed2342a44ef588b25a57c9d75197e9bf2102eccbb88bbf"
".venv\Lib\site-packages\scipy\spatial\_spherical_voronoi.py","13851","76007bd1bf1e4a95724cd21ca6923b78cc9fb33c6137cb0d2086bdba0a9ffcb2"
".venv\Lib\site-packages\scipy\spatial\ckdtree.py","541","3a9b32cfa5a962257edbb5b918975f3964139104e85a776b784c781a7c13daa3"
".venv\Lib\site-packages\scipy\spatial\distance.py","94977","795042ebc259d0bc1cd7578c0f770d45925df872c6e230ef647ed58c13be70c2"
".venv\Lib\site-packages\scipy\spatial\kdtree.py","661","cdce0a83e6bb12f37685726ae87b8274f97a71c11b8391b20d5ebb5eae67b220"
".venv\Lib\site-packages\scipy\spatial\qhull_src\COPYING_QHULL.txt","1759","2a6ebb495e26dd5f88cbc40c593733da6edb27b64936f70409cd5a1acafb1c32"
".venv\Lib\site-packages\scipy\spatial\qhull.py","647","d749f5783705f6aad4986a6aac46fcb0b8f0fdc5df492813fd6534fb3e2e714e"
".venv\Lib\site-packages\scipy\spatial\tests\__init__.py","0","e3b0c44298fc1c149afbf4c8996fb92427ae41e4649b934ca495991b7852b855"
".venv\Lib\site-packages\scipy\spatial\tests\data\cdist-X1.txt","5760","2d3c5f243e47cf18b49a63338730a0a7475425f96b83a3b976e8fc2d5c5af650"
".venv\Lib\site-packages\scipy\spatial\tests\data\cdist-X2.txt","11520","4dbdaaf2229b3ef525c4efe7d6905f6245afbb5cff2ee05cc055c221166004e8"
".venv\Lib\site-packages\scipy\spatial\tests\data\iris.txt","15150","b1689ce7802e0c4dc8c8b93a5cec3405cc824b3af90645eba4325cec1d343934"
".venv\Lib\site-packages\scipy\spatial\tests\data\pdist-boolean-inp.txt","50020","0fa90c0bc38ae47d99e86d3b979f7656d1043677a1c32f30b8cd6b8d5abbc175"
".venv\Lib\site-packages\scipy\spatial\tests\data\pdist-chebyshev-ml-iris.txt","178802","62cc35f7aff143f029c0a89a07b39767e815be1be1147f30519030ec47da713b"
".venv\Lib\site-packages\scipy\spatial\tests\data\pdist-chebyshev-ml.txt","3042","8ed3e667083901fa48a26fb0323b72f3fead23af5e3d49c9ede61d17216af46e"
".venv\Lib\site-packages\scipy\spatial\tests\data\pdist-cityblock-ml-iris.txt","178802","59fddd56685a9fc104622280b2b80de5634c980987f6ff4d8c9a4ee3145d98f1"
".venv\Lib\site-packages\scipy\spatial\tests\data\pdist-cityblock-ml.txt","3042","68c192576f1c8ca215d8245f751db366c8ac967ea8c62d6d6106f167db6e30ca"
".venv\Lib\site-packages\scipy\spatial\tests\data\pdist-correlation-ml-iris.txt","178802","3dd541ff7d0ee421cbf66b3c2910759058acc29f5279df02579e34590bcd6897"
".venv\Lib\site-packages\scipy\spatial\tests\data\pdist-correlation-ml.txt","3042","543817ab1def527dbaaf511915c4a4fabab5fb079fd965457280562c6f33beba"
".venv\Lib\site-packages\scipy\spatial\tests\data\pdist-cosine-ml-iris.txt","178802","ab99ebbc3cb2a9d96dae3051c93e5e1554085becb62206f625d0bcb4101797b1"
".venv\Lib\site-packages\scipy\spatial\tests\data\pdist-cosine-ml.txt","3042","9cb2b9c83b5c994facbe861e2cfb99668a25669c66a4e69e2ecc0b2d1e50a063"
".venv\Lib\site-packages\scipy\spatial\tests\data\pdist-double-inp.txt","50020","d94ccc22fcffafb653d93c2dfa31fea6cb7402fb9ee2e78665ece4ed3dbfeaad"
".venv\Lib\site-packages\scipy\spatial\tests\data\pdist-euclidean-ml-iris.txt","178802","556326ccbda33ffbe10f34c1858b591fbf9504a245a5a7d144eade7c37a89162"
".venv\Lib\site-packages\scipy\spatial\tests\data\pdist-euclidean-ml.txt","3042","2a7f2f1ead7b21b5ad8f51bd5f308563512e5c54cf9c3ee05fd1705b62929b8e"
".venv\Lib\site-packages\scipy\spatial\tests\data\pdist-hamming-ml.txt","3042","3aa8c7c2ba860709b0b1f4de3767c8d44162592a4e03a665658c0dd76d58b35a"
".venv\Lib\site-packages\scipy\spatial\tests\data\pdist-jaccard-ml.txt","3042","9e3fc9610e9b7ef8651432aee4e0bfcc178eccf2a07b0926a7149c2443c0ce1b"
".venv\Lib\site-packages\scipy\spatial\tests\data\pdist-jensenshannon-ml-iris.txt","172739","c33d4ef841d94f6703c05b68c386682d64204bc598e833f36ff224f525c0f05b"
".venv\Lib\site-packages\scipy\spatial\tests\data\pdist-jensenshannon-ml.txt","2819","ae9b3903050ae14a7da82477c00135c1fc2e284e5fb4a6531c284f607d21b1f0"
".venv\Lib\site-packages\scipy\spatial\tests\data\pdist-minkowski-3.2-ml-iris.txt","178802","adf5ae43846049f634928fe3aa54938d02096060877846c4c231d8a400bd22fa"
".venv\Lib\site-packages\scipy\spatial\tests\data\pdist-minkowski-3.2-ml.txt","3042","8ca940f3b95d1a87fc9dd64b915f65f7bf93b21dae5d3225c9946c3285abd200"
".venv\Lib\site-packages\scipy\spatial\tests\data\pdist-minkowski-5.8-ml-iris.txt","178802","6d660d4fb5eaa4b4c691004c7e708527b6e7a31a28665cdf234fcee7850eaae2"
".venv\Lib\site-packages\scipy\spatial\tests\data\pdist-seuclidean-ml-iris.txt","178802","6c6201ef28090bc0861c0a152adc0e74f800a833396f37dfa60c5831308a8264"
".venv\Lib\site-packages\scipy\spatial\tests\data\pdist-seuclidean-ml.txt","3042","83dfaabd2038a9ee12d313f19d36b5ef3a9ae19f8fe52d13575800b1bafe440b"
".venv\Lib\site-packages\scipy\spatial\tests\data\pdist-spearman-ml.txt","3042","be98017cc96b5141fe9d89672ea9bf32cf8c223ae03a53425be4d6f02e186a7d"
".venv\Lib\site-packages\scipy\spatial\tests\data\random-bool-data.txt","6100","b327511bd68be821fd8bbf8db795f698dc900ecbbd382d5f6d40fe31176de5b7"
".venv\Lib\site-packages\scipy\spatial\tests\data\random-double-data.txt","75100","39c9ac28949b8bf798eb995de748806ada1d4b3c3637115f0c92031f1d253a94"
".venv\Lib\site-packages\scipy\spatial\tests\data\random-int-data.txt","10366","b1a1d890ad02311cd5efc455d7cb54188178b8a4253aa90de1c116a83e209c5c"
".venv\Lib\site-packages\scipy\spatial\tests\data\random-uint-data.txt","8811","6816c4b75b6575722f02f90331b4abf5675d9315ed3136b4e50abc8f8b39e421"
".venv\Lib\site-packages\scipy\spatial\tests\data\selfdual-4d-polytope.txt","507","c7e73fb0333c6a54f075a8fbbd8bc601012c8eb83a9f92f2706aeb3d1e1d958d"
".venv\Lib\site-packages\scipy\spatial\tests\test__plotutils.py","3905","9fd3820c3822a6c1c9cb695ef8ffbc7dc4ba3c3f08437df39a2cf6640cdbb256"
".venv\Lib\site-packages\scipy\spatial\tests\test__procrustes.py","5090","899ca9c378debf338f887bf5e54647c1cdec5c4de936552509e29365fa0be6f1"
".venv\Lib\site-packages\scipy\spatial\tests\test_distance.py","87024","c71c088d3c503aabc3df86052d419556d45e13ec7147ee945fdc9754d39f81c9"
".venv\Lib\site-packages\scipy\spatial\tests\test_hausdorff.py","8416","15386432e27c5db55768685d0227acab90198669d656c095b9aae134e2ec7c31"
".venv\Lib\site-packages\scipy\spatial\tests\test_kdtree.py","54704","0d373201115b4799da00d8b3cb3609c3c521847c8ec37ef5457ca4402baee22f"
".venv\Lib\site-packages\scipy\spatial\tests\test_qhull.py","51520","3c915af57a117292ec2f6e88841fe9411b000c985c84a5d627347747f9d30a06"
".venv\Lib\site-packages\scipy\spatial\tests\test_slerp.py","18920","ee552bfa79cbbd0df851249f3290f4a15c494f13857d17e1b06079925b6406ac"
".venv\Lib\site-packages\scipy\spatial\tests\test_spherical_voronoi.py","14858","9d3f3c099ceafd6f2c3dd7a3ca2ff6393f00f1bed8c3caac03b75366a1bad462"
".venv\Lib\site-packages\scipy\spatial\transform\__init__.py","857","305c5baab68b3b9d4bbf03685e1e928b36d5764503107d4c9465939d0b59f6d2"
".venv\Lib\site-packages\scipy\spatial\transform\_rigid_transform_xp.py","17297","072074633fc82d34617c38408461286122a657ad700540c69e8ba74f3b267f2d"
".venv\Lib\site-packages\scipy\spatial\transform\_rigid_transform.py","74951","8798b96d0776ff73029a2249bd41cc206897816a67b31fd0bfd977c9168992c2"
".venv\Lib\site-packages\scipy\spatial\transform\_rotation_groups.py","4562","5c111acd3b0c83bd5578369ec62be4f556265438073e43638bd16b951ca98f27"
".venv\Lib\site-packages\scipy\spatial\transform\_rotation_spline.py","14709","95a8cd26c5e4f43f38e6102f0a678c0f702cdb342589782cb4cee78672b9e80b"
".venv\Lib\site-packages\scipy\spatial\transform\_rotation_xp.py","45527","f4c29c9e8c70cbdde5d062a0dc33f2ea93b07244cad2e4dd0e6ba5136cebcea2"
".venv\Lib\site-packages\scipy\spatial\transform\_rotation.py","110011","4a89827114ec2a3d0af3f847a225663e97778df79ae2daa07c042437ae595c33"
".venv\Lib\site-packages\scipy\spatial\transform\rotation.py","577","669069f4e82122f03363ad3565bffd4dac30cf14604bdc9d451e5a35c6e87a48"
".venv\Lib\site-packages\scipy\spatial\transform\tests\__init__.py","0","e3b0c44298fc1c149afbf4c8996fb92427ae41e4649b934ca495991b7852b855"
".venv\Lib\site-packages\scipy\spatial\transform\tests\test_rigid_transform.py","62462","7873f104bdc4bc32b779316407c43c0b41ba0c966f16666a22abed4f7fa2f25c"
".venv\Lib\site-packages\scipy\spatial\transform\tests\test_rotation_groups.py","5745","9957bbf43379ebcb0ab342af07e5d3f1f1c369443ae51c26801db3d8f59cc7fa"
".venv\Lib\site-packages\scipy\spatial\transform\tests\test_rotation_spline.py","6074","624d75e495e142c84a08391f359de9ab40092dc672a66ae8c5e1076108fd60e8"
".venv\Lib\site-packages\scipy\spatial\transform\tests\test_rotation.py","121118","5c1423cb507ea28291f5d9db59653082bdd16c0f897f0f6c2139063ee4e5aeb2"
".venv\Lib\site-packages\scipy\special\__init__.py","32693","34f678a1008a6903b6a42a0c1b6ee2a2546c9beafa28fabe59dbd3b64ebc1950"
".venv\Lib\site-packages\scipy\special\_add_newdocs.py","250693","ac8f928322d7847f0499e7a883ff6dbc3a454b1eb59a38043b48e95d129aed37"
".venv\Lib\site-packages\scipy\special\_basic.py","111699","5ee2c7f6fc3b7611172b7fed2af3bf7a8d2f0d252d803931a8cedbb1a3a5835a"
".venv\Lib\site-packages\scipy\special\_ellip_harm.py","5610","ceed6e67d87a8a467f743260c566586d3f39a6c85c174dd14039c8f8821b8032"
".venv\Lib\site-packages\scipy\special\_input_validation.py","491","4415f4a76dce8b383a7726c348a089186742a275c334ac9fe34bd53febf4bda8"
".venv\Lib\site-packages\scipy\special\_lambertw.py","4111","2189b2d189a393e97b4fce2e1ebf3f3800e0a6c50fcb52b8175ed0191c165ee1"
".venv\Lib\site-packages\scipy\special\_logsumexp.py","14857","e66dc03ecdde481065c749aa93fc7824536a7d62015cbc9083674de7f809a388"
".venv\Lib\site-packages\scipy\special\_mptestutils.py","14894","2d706ab4f816cd7bdd0ae423f4729c7986923f0fd477422e77e51bc4b1f571e2"
".venv\Lib\site-packages\scipy\special\_multiufuncs.py","23449","3339aafc2baecb7ed11746243a737196bfe50a2d8fab967d237eda2e6119b3f6"
".venv\Lib\site-packages\scipy\special\_orthogonal.py","85224","f130c32ef3022f21397e30a186f96c4d2353fb68fccb94ff027b49a2c38d84cf"
".venv\Lib\site-packages\scipy\special\_precompute\__init__.py","0","e3b0c44298fc1c149afbf4c8996fb92427ae41e4649b934ca495991b7852b855"
".venv\Lib\site-packages\scipy\special\_precompute\cosine_cdf.py","371","ec58e5c7bdb55ab15c50c49487a56fe3434c891d505fbd7deb75f5b4739de793"
".venv\Lib\site-packages\scipy\special\_precompute\expn_asy.py","1319","b6b7c54fb3bb13078eec37d01c81c2ce4c1636eaa6eec4ed0a8f878ec510b616"
".venv\Lib\site-packages\scipy\special\_precompute\gammainc_asy.py","2618","f17068e91054cddc54847ec6ad57954f3b0c2604a719bf4da649c501d1f07016"
".venv\Lib\site-packages\scipy\special\_precompute\gammainc_data.py","4201","845164aa351449dc20932ba5a7ea7fe4b08c6afdc21cbfda0ecfc96dc41697f3"
".venv\Lib\site-packages\scipy\special\_precompute\hyp2f1_data.py","15191","acaf286c6ef6a7e526a5d8d2be14bafb19b80384d1b1cb1434030a3ae2995be4"
".venv\Lib\site-packages\scipy\special\_precompute\lambertw.py","2029","52c4a2afabfdbdfc98ae5bb91775be427dcc316e51ceaa9fb5f6400be9131fc2"
".venv\Lib\site-packages\scipy\special\_precompute\loggamma.py","1137","2768f3eb69c13beec910e03b9c6e09410b7906e5d27d43d18a4dabde9c13affb"
".venv\Lib\site-packages\scipy\special\_precompute\struve_convergence.py","3755","7f6d4db8ca091350e2e0c1769197dde9bff08b0aa697eb903f29567699dc2bf4"
".venv\Lib\site-packages\scipy\special\_precompute\utils.py","925","b49a6370d4ba59a5f3a8fedc2da73bc85c977dbfe97dedc02af0c26b49b08bd0"
".venv\Lib\site-packages\scipy\special\_precompute\wright_bessel_data.py","5799","4c8c04cb128b4e5d83a9b2efa69c5d5560758c9bbe84bd79eccdc932314ae9e2"
".venv\Lib\site-packages\scipy\special\_precompute\wright_bessel.py","13210","e081ce0e8618ac014ac3c9e525600fceb39dba21c831420b4c96aab40e236eae"
".venv\Lib\site-packages\scipy\special\_precompute\wrightomega.py","996","840297cf72a4f4bfb924e040f3a53afb20bfb6c17c80ecf4a7c635be659c0331"
".venv\Lib\site-packages\scipy\special\_precompute\zetac.py","618","71931592e6c45ed8a576220cf69e6576b575b04a32db8d0c72428f3b726133a0"
".venv\Lib\site-packages\scipy\special\_sf_error.py","390","8436f29a3d5e4a23e397cdbc3d1f8a89d91c77c462543a49101f9f180f65b473"
".venv\Lib\site-packages\scipy\special\_spfun_stats.py","5802","2a44d75ed51b294596f06621d7fb50a1e3eacdb3194a342ad727a54dd11fc879"
".venv\Lib\site-packages\scipy\special\_spherical_bessel.py","13187","a74884613eeeaf2d2e6c57b78dbd7d477ef591f71dd9fac358af5fd22760627c"
".venv\Lib\site-packages\scipy\special\_support_alternative_backends.py","32082","8744eb2a10232c90362080d756c925faf01130189721ae2e646a0e8b53cecc99"
".venv\Lib\site-packages\scipy\special\_testutils.py","12315","535d976f6c42804c3e6d26a34fe7fd70ee5ed5ff666f7d293c141aec7000e179"
".venv\Lib\site-packages\scipy\special\_ufunc_tools.py","6508","f95cb9baa06313b55192329db3b466295fcaad1783bace017c2be90942b654e8"
".venv\Lib\site-packages\scipy\special\add_newdocs.py","451","e62e2fca1f54ae709467acd37159b2d1886c6cfeb3d4c75dc5beeaad4756c0a1"
".venv\Lib\site-packages\scipy\special\basic.py","1630","1289993a8aea3377e78792b3dcd76db8a7e972f4edf855cad9f01a44cd6c25d8"
".venv\Lib\site-packages\scipy\special\orthogonal.py","1769","62598872ab71efd217e14a142bb1602aec8e2df1422170987851c0bd2cf81e23"
".venv\Lib\site-packages\scipy\special\sf_error.py","593","3a1116822539924e106e564885301f01cd1e53e99428afe74c0dc7f8c1e527af"
".venv\Lib\site-packages\scipy\special\specfun.py","573","3bf3f044d1403ec053cf3ea2aef627f74ff8f9a9aaffdb15c02fbd132e0aff76"
".venv\Lib\site-packages\scipy\special\spfun_stats.py","552","98b41060c1dfe90a30a464a194bcb80832fe66b8b5cf0c846b0a71d54fdfe75b"
".venv\Lib\site-packages\scipy\special\tests\__init__.py","0","e3b0c44298fc1c149afbf4c8996fb92427ae41e4649b934ca495991b7852b855"
".venv\Lib\site-packages\scipy\special\tests\cython_abi_signatures.json","35027","2aa08f0540b4d907e91a0a0b88ff816fcc3584d1c46c9489e19e824812a2b005"
".venv\Lib\site-packages\scipy\special\tests\data\__init__.py","0","e3b0c44298fc1c149afbf4c8996fb92427ae41e4649b934ca495991b7852b855"
".venv\Lib\site-packages\scipy\special\tests\test_basic.py","205034","943eeb3afe47beb8eacddaf6633f5ef81ffecc0f749d7c71a514f212592ffe89"
".venv\Lib\site-packages\scipy\special\tests\test_bdtr.py","3403","a627ea506f31746c7ee815e167501c5daac3fc6262b86b070ecc0b1d60ed4faa"
".venv\Lib\site-packages\scipy\special\tests\test_boost_ufuncs.py","3106","b3134eb32e3dc7329ff25be265815579d33ebee4d8bad88f44b960f8b1263acd"
".venv\Lib\site-packages\scipy\special\tests\test_boxcox.py","3388","170d085334c3b5ab7e30a0f6964822b4437ec23f116d1a05c9fdd8c9654108e6"
".venv\Lib\site-packages\scipy\special\tests\test_cdflib.py","36007","0dac05d923f01177f3f692069e6f417fca50a774f90ea273bf399c9aaaa95620"
".venv\Lib\site-packages\scipy\special\tests\test_cdft_asymptotic.py","1671","ff4f624c40e2244447d1a02e04f633f371a165ace463ea7605b1c07074acce54"
".venv\Lib\site-packages\scipy\special\tests\test_cephes_intp_cast.py","1158","20d84ab61509e2457714b99b589268b6127b347c816498914207cf03cd499b65"
".venv\Lib\site-packages\scipy\special\tests\test_cosine_distr.py","2773","10dc9f0c8e0e69ba2e79f7aecd52503bb52c044dc46a8aefdfd678190a0173b1"
".venv\Lib\site-packages\scipy\special\tests\test_cython_abi.py","3035","68f05f7492f2c3c80f53443e301391771ef6377ec8ef55f4639a01190129f7c6"
".venv\Lib\site-packages\scipy\special\tests\test_cython_special.py","19409","fc2ceb9652ed9f0a4edfd83761fb333c05cfd2ffc790f6410f0f19e2bba8b5d6"
".venv\Lib\site-packages\scipy\special\tests\test_data.py","29030","5160d9ba17a165e33224051c4e4cb1acfbf6996d7d82bb45d377a417f84923fa"
".venv\Lib\site-packages\scipy\special\tests\test_dd.py","1606","28e6c544a6bc72a529f5538604c967d541b552d319a926d6f5fa85bbdc9358a9"
".venv\Lib\site-packages\scipy\special\tests\test_digamma.py","1427","bc17ecd86f5670810ff151a919a0ac1654c3e60dd738300fee0b1412602ae87a"
".venv\Lib\site-packages\scipy\special\tests\test_ellip_harm.py","10257","19cb3e74e364a263026e906b6a5649a8bcb802682a5a9d150962ae59153aaa20"
".venv\Lib\site-packages\scipy\special\tests\test_erfinv.py","3148","24cbdbda158d43adee3debe4de400be8aca902d38c27383c9f51b73a6f40d797"
".venv\Lib\site-packages\scipy\special\tests\test_exponential_integrals.py","3986","0435efa15b8438030f3fe40c5e77d14080499f21872ddead13f473a4e418d25c"
".venv\Lib\site-packages\scipy\special\tests\test_extending.py","1212","46696f5de5e9a4f3ff77fa49747fece664168ad69dee0280a576e885ade6c60f"
".venv\Lib\site-packages\scipy\special\tests\test_faddeeva.py","2653","d815def0947677f40132f8d7f9b98790fd130f3cb826066133a5ef4a5a8ed470"
".venv\Lib\site-packages\scipy\special\tests\test_gamma.py","270","faef70ccd3d23ec253b3f0c92fa5590175c8708a89b3139e432fff31d4531b16"
".venv\Lib\site-packages\scipy\special\tests\test_gammainc.py","4593","dc9f36c1bb490728eade13acc8f1d8a41473bd1f950bdb4fd7c7b8b4d1ce1f72"
".venv\Lib\site-packages\scipy\special\tests\test_gen_harmonic.py","3209","fc1b2698983420ea5420d3dcf0b5ff2b30e2b1402aacfa24043a0df574fb8bf1"
".venv\Lib\site-packages\scipy\special\tests\test_hyp2f1.py","94827","bf841f0b88071423c1f2166d26cd098762e17883801a3c91ef96d769336022d9"
".venv\Lib\site-packages\scipy\special\tests\test_hypergeometric.py","10230","a8584ad1330fd8f92914b072f02a4aab47c1a8827c3948714a393167cae3b3f6"
".venv\Lib\site-packages\scipy\special\tests\test_iv_ratio.py","10357","af712b502bd9ab24a93342a554971f1816334d800f64d072ca23b074ab2474e1"
".venv\Lib\site-packages\scipy\special\tests\test_kolmogorov.py","19771","59943124c1d7829e710b8266ac6f9b5ef129ce403da515e0c584c200bd979ff7"
".venv\Lib\site-packages\scipy\special\tests\test_lambertw.py","4681","f9231b86263e3614a6797aaba4be989cb55e436a0d8c9f716687740d67497c73"
".venv\Lib\site-packages\scipy\special\tests\test_legendre.py","55325","3051975495d4c28a2a593ddab602aaf00a91568c708ae38f589eb177676fac2b"
".venv\Lib\site-packages\scipy\special\tests\test_log1mexp.py","3240","19bf12a5b03dbe1febbc5d19eb63dfb970e45d0e22bd7d502bfe4a511f83f661"
".venv\Lib\site-packages\scipy\special\tests\test_loggamma.py","2062","49dc58888b6f8b147835a6ce28bc811eefa210fed1e7645ec3c37c6d9ba01f6b"
".venv\Lib\site-packages\scipy\special\tests\test_logit.py","6631","7e75d26b3b4ecb6ec155bfbb6d32cd264d90ef38f5c72e15854a1c473013d7b6"
".venv\Lib\site-packages\scipy\special\tests\test_logsumexp.py","19879","9c185826bb11695bcdedbaa83cca8d003b8cf413954eec23e000fb4bb5ba11b0"
".venv\Lib\site-packages\scipy\special\tests\test_mpmath.py","71526","444dd881faa6d0e55da51689de83e0e28b745a205a20473ba656f43ce0eea385"
".venv\Lib\site-packages\scipy\special\tests\test_nan_inputs.py","2028","bd523f116cf69caea12dd9945c49e5e289f61760fc5f4b785f53d378b72a33b3"
".venv\Lib\site-packages\scipy\special\tests\test_ndtr.py","2757","9ff63cc06f4c6159993973e02688988cf1a55142dd88fa03405b2e47a1f33d68"
".venv\Lib\site-packages\scipy\special\tests\test_ndtri_exp.py","3802","6f8bc516485dcc80d636098a384cb952344262d1ec764a1a6ac462fcbf65cc83"
".venv\Lib\site-packages\scipy\special\tests\test_orthogonal_eval.py","13402","6eb23df6fa848f40e4aca2bd90ca7c95d8b3db8f586332d94e6908165278c278"
".venv\Lib\site-packages\scipy\special\tests\test_orthogonal.py","34166","63e38fa40b1d6c13970bea84a64ddba6dcf4086556a79ea06d3ffc42d0423c1e"
".venv\Lib\site-packages\scipy\special\tests\test_owens_t.py","1845","b28b6257146b8e84389588db6c1c7cf2740a1c41e1368c1f27b28f74833ebcd4"
".venv\Lib\site-packages\scipy\special\tests\test_pcf.py","688","55312abe260bb26d03067baed41a729faac4a1c7fdb19192c98d76b9fc31698a"
".venv\Lib\site-packages\scipy\special\tests\test_pdtr.py","1414","fa2a0d003729b39e2ffb9cfb5db74234489d524b60f619daa48fcbdad13422fa"
".venv\Lib\site-packages\scipy\special\tests\test_powm1.py","2341","006e43e1ec788c24bdef137b465cae995734f4e513b9cccdc52d88630b7d3808"
".venv\Lib\site-packages\scipy\special\tests\test_precompute_expn_asy.py","607","0c55b90a21578c7354916819ade84a5313cd4ddd3d0a5969d67674fc5535ef68"
".venv\Lib\site-packages\scipy\special\tests\test_precompute_gammainc.py","4732","90bd6254260740143390f5a0921be4779d052905ac0e8f7011cde8498c4a9f45"
".venv\Lib\site-packages\scipy\special\tests\test_precompute_utils.py","1201","1165ccb95cf95835102123f387cee2d36bb58a6f5370b6c3071ca4f813ba8996"
".venv\Lib\site-packages\scipy\special\tests\test_round.py","529","e2067f7c7916c4c3a367e0295044712f672a1ef31ca4c4adbcebfdc0f489014d"
".venv\Lib\site-packages\scipy\special\tests\test_sf_error.py","4715","be9c909bbb2767498ed54c7a60e3ef99429eb0323170b0807fd9559894d0e14b"
".venv\Lib\site-packages\scipy\special\tests\test_sici.py","1263","444627b62a82d13e0f6feeba1120668c4988a132436e362cefce97370524cc8c"
".venv\Lib\site-packages\scipy\special\tests\test_specfun.py","1735","c27bb071d53804345ee315384ba21bdbfdeb51ebc6b07252798bca5795cb394e"
".venv\Lib\site-packages\scipy\special\tests\test_spence.py","1131","af87215c18bf9ca2b5b927cfb1eee8c0d86f702f77681bdc30165fffcc13945f"
".venv\Lib\site-packages\scipy\special\tests\test_spfun_stats.py","2119","fcd52efbf63d8278e8a53f8b833ac84b795432c7d0b81ceeb92035744da8715f"
".venv\Lib\site-packages\scipy\special\tests\test_sph_harm.py","1828","084522a6b56c8868ad736045015a19e2f9cba56cb21eac6a942c76b0d55abbdc"
".venv\Lib\site-packages\scipy\special\tests\test_spherical_bessel.py","15602","a552a19ad2426e1b67fd07693da0739fd6a50645d0ec32adaaa4a3c546459296"
".venv\Lib\site-packages\scipy\special\tests\test_support_alternative_backends.py","16210","61c31cac4a54e870093a3b7aa4970bda0b9c5d71234c265d71e535a6a1a246b1"
".venv\Lib\site-packages\scipy\special\tests\test_trig.py","2476","3f6fad1349bdad6d242e3e320ee2ab6c835eccefb73ef2631f252308b4df0ce9"
".venv\Lib\site-packages\scipy\special\tests\test_ufunc_infra.py","1135","b021dc0a9c43448ba5fa2da7db14dfd0149c570fb85084b3b992b38ecf4a0c11"
".venv\Lib\site-packages\scipy\special\tests\test_ufunc_signatures.py","4509","edc6a3dd09fb54d47bfd2c94ca8a4da1f5caa031b3b02b6c87e511cf078bb9cb"
".venv\Lib\site-packages\scipy\special\tests\test_wright_bessel.py","7899","f3b8af48ff7c842bb7ad5dba6e59b3be4274f6909bc4d5d693b8ae778c455933"
".venv\Lib\site-packages\scipy\special\tests\test_wrightomega.py","3677","fb6fadcc48fb1c0db5c53a3f5ad094e6773aac90d3f53af467d2230367f7f663"
".venv\Lib\site-packages\scipy\special\tests\test_zeta.py","11850","ad24a04dbde7844da97f43f286a1ec736114d58c4a998801dcf9869f7e62e318"
".venv\Lib\site-packages\scipy\stats\__init__.py","19211","690724373a85ac5796288ec17b7953409c3c1d8f2a7f86c653bd1d291bfef320"
".venv\Lib\site-packages\scipy\stats\_axis_nan_policy.py","34052","e77cd80ee0fc6c2c2d81ea8d694a177735da6e87832bd9354b5c015f71accc93"
".venv\Lib\site-packages\scipy\stats\_binned_statistic.py","33746","754ea9fb74f542ac9e67f52e3f50b9a7060587165b2250e5da4a497b5fcba4f7"
".venv\Lib\site-packages\scipy\stats\_binomtest.py","15753","3485dc16c7a6a8adba0a4751ca02dcf87c379f623ed20c19257b0fbbd8edf92b"
".venv\Lib\site-packages\scipy\stats\_bws_test.py","8706","fb6a8521552fd5bf26f8be47ca92cf72972da05ac3ebf42f800e2fdfe3dc629b"
".venv\Lib\site-packages\scipy\stats\_censored_data.py","19007","f67cae2ebf115c64804355e77a3dbdb98e23287f079406112d249782bbed8670"
".venv\Lib\site-packages\scipy\stats\_common.py","177","3d406daed2844b1628695c77b65abc658226118088b98b251588a4512eeec1d5"
".venv\Lib\site-packages\scipy\stats\_constants.py","1044","5fb168ea0e5fa01854d65755df29b70c4f2e968174e74799b12c3fe0c4b0de5b"
".venv\Lib\site-packages\scipy\stats\_continued_fraction.py","15895","717df17ad86c5430b9deed62f95c2d50a4f426c91dc146c0bc371562cec11bef"
".venv\Lib\site-packages\scipy\stats\_continuous_distns.py","425515","6accbab0258a2fec8c99306fa30e4357514f37d963cb61bd82f985481d26e64d"
".venv\Lib\site-packages\scipy\stats\_correlation.py","31350","864380569f3db101261fc7358d270b8be3dcc27b23de7871f4826b4470dbd900"
".venv\Lib\site-packages\scipy\stats\_covariance.py","24317","cbb280d0d78808860ecc790c754f37be9759fc485b4e989424bda5cc849f46bc"
".venv\Lib\site-packages\scipy\stats\_crosstab.py","7233","b9837971874c3dfbfc3bb292f585e03b30b84cce72014739a1c3fa1fc56f5d44"
".venv\Lib\site-packages\scipy\stats\_discrete_distns.py","68900","c4f137b5e0c6cd576fb23f7fa1b6edc8f73cff32e16fbaad5f091865614d0be3"
".venv\Lib\site-packages\scipy\stats\_distn_infrastructure.py","159461","231f5ecfaf080358ee1125c691aafea33b05ba2f37219f456de1e68eefc497ca"
".venv\Lib\site-packages\scipy\stats\_distr_params.py","9383","9b0a13a4ea1bde9f7043ebc9e406b767db29e4861376a56031d163469290336b"
".venv\Lib\site-packages\scipy\stats\_distribution_infrastructure.py","239815","b02b255cbb9c58a13758719746228a0d10b2c1a684d8fc3ee85748c1dec9075c"
".venv\Lib\site-packages\scipy\stats\_entropy.py","16223","3318e57aff86f9675a80d4bcced2babdf2c87f3eb41f304662cd6c6fdd2f82b6"
".venv\Lib\site-packages\scipy\stats\_finite_differences.py","4313","840e36e5e05201011ca64e84fecd051f3191f959899787b0943b89deb751c8e8"
".venv\Lib\site-packages\scipy\stats\_fit.py","61024","c501850becdf96806d4c07817b18014816c199050648976aed4b180dce536299"
".venv\Lib\site-packages\scipy\stats\_hypotests.py","90695","1c804242895e175adcd04fa9f758224152cb4505d28353e0492e5196a5b2cd4b"
".venv\Lib\site-packages\scipy\stats\_kde.py","27111","543625edf1e78706fa4289654ba6b0ec874d2b65eb058d7ff8725a834306c276"
".venv\Lib\site-packages\scipy\stats\_ksstats.py","20728","d69cb823ab1a4077b8f293966a44d09dca5df0cc0be5d3ed2af8b349e34e3ab7"
".venv\Lib\site-packages\scipy\stats\_levy_stable\__init__.py","47710","9a67f4f740d499419f63ad96ba652469929b3620d8608aaf04d46730fb51d919"
".venv\Lib\site-packages\scipy\stats\_mannwhitneyu.py","22375","d1d34df6b620d05e62bbcfff608dcac3edc38d0960a1c65ff68bd191caf5237a"
".venv\Lib\site-packages\scipy\stats\_mgc.py","21948","435f96ff1b73a09b43e643bc1b6b0578e079c867427894f08115bdd9837129d8"
".venv\Lib\site-packages\scipy\stats\_morestats.py","199507","cd9e4918f2b63299bcaa439496dfc1111478640f0310d64832cfa38d42c2d305"
".venv\Lib\site-packages\scipy\stats\_mstats_basic.py","134020","a95c25f7a4d7a30cef0039a0bc9ba9a45842a6a7df1d0ad0ef986a4a6f4b151a"
".venv\Lib\site-packages\scipy\stats\_mstats_extras.py","16929","aafaedb74d216e867fdef96fa2abb8df49ac029e8266aa020c40c6ec3c0d1c27"
".venv\Lib\site-packages\scipy\stats\_multicomp.py","17550","54b36184231b35e57fc68dac955a7eb24cc3a34f310ce701f377c04b08a160c7"
".venv\Lib\site-packages\scipy\stats\_multivariate.py","282078","d68237ef27d18d794991f004b908f28c2083606697c4350e72b377c8e48e7149"
".venv\Lib\site-packages\scipy\stats\_new_distributions.py","19969","b6f4271c135019c94ad92d552acb4e2c680f3d58823505b1259eeb0fb32276e8"
".venv\Lib\site-packages\scipy\stats\_odds_ratio.py","17471","28bdee5967ef7db9c4c0492a4625192733abfcdb6f032d3d86f37775533c759c"
".venv\Lib\site-packages\scipy\stats\_page_trend_test.py","19799","50ea45d7161f4d0c35a4feb877365c729610bfb5ceaedfea2439179ab49621ac"
".venv\Lib\site-packages\scipy\stats\_probability_distribution.py","76921","bdb3edb8949566fc3b3575f232130978379e45d3ff81878fdd28600ae8664be7"
".venv\Lib\site-packages\scipy\stats\_qmc.py","110569","34b0f3345b6848880729b578c3da23d85df6b34da3617bc9e391808f1ca532d7"
".venv\Lib\site-packages\scipy\stats\_qmvnt.py","16942","588aa8350b9dd44da558af98e98c239cdbe1f5ad8197e8df152fe9bef0114c0d"
".venv\Lib\site-packages\scipy\stats\_quantile.py","34264","f06ebfe6a51b3a7f6f487711ded3de968b73ed72c57c39823c0672a31dd7f9c0"
".venv\Lib\site-packages\scipy\stats\_rcont\__init__.py","88","c6d3360862b1276b947c5e8f7f2a22ff47a6f22e696ba9e319169a192aef1640"
".venv\Lib\site-packages\scipy\stats\_relative_risk.py","9834","b71957b7cfa9db02f274c22b2843b0740b79822ada97f5f9d53da2b5ded50c3c"
".venv\Lib\site-packages\scipy\stats\_resampling.py","108947","43e8b690af04f82a0d1861ce920e8b5f211d6402500b0060e9ab8dc6f58e1979"
".venv\Lib\site-packages\scipy\stats\_result_classes.py","1125","f74e16486acac33b961dd77731a4be1d4c132732e6f2217968dce1d3066af933"
".venv\Lib\site-packages\scipy\stats\_sampling.py","47846","c72d6b364b4ab12c2ae2fb42498aca5730d3b5c394a4b93355f7394ab8d482a3"
".venv\Lib\site-packages\scipy\stats\_sensitivity_analysis.py","25842","ee3de0f5109fc3b1b3c6046240877c39c3dae755ba0f4b2655494400867d4b25"
".venv\Lib\site-packages\scipy\stats\_stats_mstats_common.py","1219","d522e2ba91c59898cfccabfcb2db585ff0c2c610c5d45b89a5e9ab5e06cdb63c"
".venv\Lib\site-packages\scipy\stats\_stats_py.py","452488","2f10dc94cbecdc7fe119c35955509b468c9fcf36ed8e98e1f57f1acc35cf6023"
".venv\Lib\site-packages\scipy\stats\_survival.py","26737","281c9bf9876bdef5652ab9a6331f89ccfff8087d6576b53b2908295759e70898"
".venv\Lib\site-packages\scipy\stats\_tukeylambda_stats.py","7080","1765b8c64b373d32a39c34207d5febb4f2581e1874cf20fa5d984d3eb7fecfd5"
".venv\Lib\site-packages\scipy\stats\_unuran\__init__.py","0","e3b0c44298fc1c149afbf4c8996fb92427ae41e4649b934ca495991b7852b855"
".venv\Lib\site-packages\scipy\stats\_variation.py","5041","b73437b9c563ae2b26304c4d7a8de0946592041567ba30c17a46a821f2869933"
".venv\Lib\site-packages\scipy\stats\_warnings_errors.py","1596","d928703748f4867e87ed0b1ade53f97baeae549d55157bb270e5d31795001713"
".venv\Lib\site-packages\scipy\stats\_wilcoxon.py","11433","1633bef0f44c2e0c84326590977a5f6254bfdd941ea11ec332bd0a12f09c02e0"
".venv\Lib\site-packages\scipy\stats\biasedurn.py","447","81bd5427244272f3f3aa588110f70f05850fac885af33b48397a6185073a406e"
".venv\Lib\site-packages\scipy\stats\contingency.py","19390","505761e77d935b451c1961effc1ae064c6e4462a07497f9c91c476ec63a54785"
".venv\Lib\site-packages\scipy\stats\distributions.py","883","fe74690ee74bf8f6e75af366ddfc5143ed34cc4b4295e4aa853364d5ebd9beaf"
".venv\Lib\site-packages\scipy\stats\kde.py","534","0ad5385953b58ae2ba7fcd1c9fc2f3f33ef9397c04d33e017af751cbfa3f6cfe"
".venv\Lib\site-packages\scipy\stats\morestats.py","984","a28a4ee85020d309634ec85a762eeef46e31ec1b1feb6f2f10abc56dfbcd3ba0"
".venv\Lib\site-packages\scipy\stats\mstats_basic.py","1436","e064a20714143179ec06d16857c056e9eb71a1ca54ebdc5f2f32c51ced60b7d7"
".venv\Lib\site-packages\scipy\stats\mstats_extras.py","746","38430decbe0f7c6011868f2a205f5f99483a4d79d07160555811cb799ee6d65d"
".venv\Lib\site-packages\scipy\stats\mstats.py","2606","8f3bc42e3386e45ba5cc03912f9da234be95c10840dcddbb440afffbc7d2bb56"
".venv\Lib\site-packages\scipy\stats\mvn.py","515","5a8a45cf4a817446c6ce12a4ede19f1556bda231e483668a9f79f33a3024ab8b"
".venv\Lib\site-packages\scipy\stats\qmc.py","11939","b66f4092644b65009273d1c3c17cb009de1bfe5731a9065b791b0db6a4d67c46"
".venv\Lib\site-packages\scipy\stats\sampling.py","2012","0c1d9e3c0612baeef3e051f609c4925bd89f0d64d08bcab59536e9362b42c426"
".venv\Lib\site-packages\scipy\stats\stats.py","1518","7eb5983d2f16bcccb1f33a016278d09be995992d5ac9bf5f42b998156476513c"
".venv\Lib\site-packages\scipy\stats\tests\__init__.py","0","e3b0c44298fc1c149afbf4c8996fb92427ae41e4649b934ca495991b7852b855"
".venv\Lib\site-packages\scipy\stats\tests\common_tests.py","12657","b7a5c4eb4a270a015ac69e699ea4a8b02552e239f9c353684e5c018706e2be54"
".venv\Lib\site-packages\scipy\stats\tests\data\_mvt.py","7076","1616d9a9256a31e8b9f3e6b0231312701fe04838ffd45cbe44a464270b81067b"
".venv\Lib\site-packages\scipy\stats\tests\data\fisher_exact_results_from_r.py","27956","02a28872dc188fee8551ce978706487eb3c2130d3bde830a8525ab0e1bb3d342"
".venv\Lib\site-packages\scipy\stats\tests\data\studentized_range_mpmath_ref.json","30737","648011c3a3264a64243e998b286bab9c5fd6c5c66a4315099a0a15b28a132485"
".venv\Lib\site-packages\scipy\stats\tests\test_axis_nan_policy.py","67320","9b02ed1d7eb350dc7ebb96d3c38d6268c2950bca4efaad3f1ebe03aefbb7533d"
".venv\Lib\site-packages\scipy\stats\tests\test_binned_statistic.py","20916","a2736a53f15c000b395bf6307f51d1c1e6f915dbd7070e8b4c70be580f4a0788"
".venv\Lib\site-packages\scipy\stats\tests\test_censored_data.py","7087","2ed4c158be8763ed26ec7cdb6646032ced4d1f767487f0fb2365d9dbb0b0b966"
".venv\Lib\site-packages\scipy\stats\tests\test_contingency.py","11231","8b1ff63c6646471cf15591036dcfc6b0d85169e37093af4db6ee8991c0aca634"
".venv\Lib\site-packages\scipy\stats\tests\test_continued_fraction.py","6570","3782c7c129b1d116a11cb13fc3bb202e3f0db75849bcad220fdcb997d4415f4d"
".venv\Lib\site-packages\scipy\stats\tests\test_continuous_basic.py","44741","1fcbb021cbd0f2f6187e417608d95418a0b6b23129567916a1f5534138807670"
".venv\Lib\site-packages\scipy\stats\tests\test_continuous_fit_censored.py","24871","3ed2b3baf24fb454c5fffa6bdb4f6ffa2df8a5c60e5d2081d6f31fcfc51ecf73"
".venv\Lib\site-packages\scipy\stats\tests\test_continuous.py","101518","48fca4f55ce05180f19a16c84f8fffa2d50ad26cf392b949a3dbf7d6ebefd24b"
".venv\Lib\site-packages\scipy\stats\tests\test_correlation.py","19421","903e12622b24193c388f7c0d03da7b2d5f148241b78823cd4f293f08ea116653"
".venv\Lib\site-packages\scipy\stats\tests\test_crosstab.py","4165","45b30e073251fccf3c15b6d5b3285d5b70b826ff2264d0e28e437dffff4ea331"
".venv\Lib\site-packages\scipy\stats\tests\test_device_dtype.py","10270","6c7a9cf5fbd2b93e6b689436e5fd2c948e2181f44a874adaa7af6f6ddf6f8a74"
".venv\Lib\site-packages\scipy\stats\tests\test_discrete_basic.py","23377","942006199fe775e550a473e358b5b458e3f5fdd300b4d64f6cf677f963c44de5"
".venv\Lib\site-packages\scipy\stats\tests\test_discrete_distns.py","27775","ec2d947476b73ec8b06edabe9e729ddeed950c87b2b448ee67a2d3ae607fa1da"
".venv\Lib\site-packages\scipy\stats\tests\test_distributions.py","435638","d9934ac2c4ea07412534ad15d07a42e61948f8f1e20e75c313876a2dee4a0cb9"
".venv\Lib\site-packages\scipy\stats\tests\test_entropy.py","13194","4c46ff5a32085ccacdc8b8d38419ac581cbd985b2c740865de63e750d0839ffc"
".venv\Lib\site-packages\scipy\stats\tests\test_fast_gen_inversion.py","16496","d4f4c6715b4a3a6150c2331bc70bb6bd6b7d97ace2e86b2d548090f1f02ef912"
".venv\Lib\site-packages\scipy\stats\tests\test_fit.py","50006","2677b5d2f2feefa4432fd84cdf5d1104ea105a6b970e1141ca0c3d6fafd7ef6c"
".venv\Lib\site-packages\scipy\stats\tests\test_generation\reference_distribution_infrastructure_tests.py","3131","4772c6b306c4f539234f83de199f9d7caea64418a25145fd35b9474299716350"
".venv\Lib\site-packages\scipy\stats\tests\test_generation\reference_distributions.py","15847","c9974220520f34b2ef989959692f10580f2ec1b9b1aac3ce539f51a3fe84f004"
".venv\Lib\site-packages\scipy\stats\tests\test_generation\studentized_range_mpmath_ref.py","7884","4cc831075331bde4e571fc7e64d6cd15723a9c53e3fe820ba16e0d4f04ea9fbf"
".venv\Lib\site-packages\scipy\stats\tests\test_hypotests.py","103433","927ed0854a07743144ed7e86dec130790d85abe8be9aacc90584b4c1e323a488"
".venv\Lib\site-packages\scipy\stats\tests\test_kdeoth.py","23597","6c5c7379d904becea20cd6019e97f564ac466d28891397ade50aeee5cb813357"
".venv\Lib\site-packages\scipy\stats\tests\test_marray.py","30054","0afc01c097e4982c82e6b577be3ff6bb15034b6c824bdc39aa3966a17e1865df"
".venv\Lib\site-packages\scipy\stats\tests\test_mgc.py","9147","240d5b9cf23c0d45f05644316544abafbb55168b0b69f4159959f224b126596b"
".venv\Lib\site-packages\scipy\stats\tests\test_morestats.py","183626","90bb48dafebe4d1fe7bd11ce1559a33bda790ff2259cd68088b625ad8f116806"
".venv\Lib\site-packages\scipy\stats\tests\test_mstats_basic.py","92939","e1cab89b3b670141d845aaece7c73fc70d9f78c8050081c55ba3e42f9924fd3f"
".venv\Lib\site-packages\scipy\stats\tests\test_mstats_extras.py","7489","2ea46ab467c25a0c58438d482377427ef5fbf6ad07560c2ae83424a6d03c4c7a"
".venv\Lib\site-packages\scipy\stats\tests\test_multicomp.py","18231","20bc4412a69195e599cf6d34c2107c17d4c7f70281e61126a6b39cf400b0873b"
".venv\Lib\site-packages\scipy\stats\tests\test_multivariate.py","203903","92da1626fd92fa4ad3a815894bdde6a30f18b9af902e37f1d44a856246387aad"
".venv\Lib\site-packages\scipy\stats\tests\test_new_distributions.py","891","1a9989e86ce723da9a3db248a2bb82e2b83cda82a6ef75ebdbd02e5d2b0b9f90"
".venv\Lib\site-packages\scipy\stats\tests\test_odds_ratio.py","6875","52db8f45706ef504d9fa03329e4a81d57c6a26cd00de575404f874c2611c8f0c"
".venv\Lib\site-packages\scipy\stats\tests\test_qmc.py","60781","5994bfa8b877c687182346afa1a2b857f802320a512ca0eca7fb1376c7cc0e1a"
".venv\Lib\site-packages\scipy\stats\tests\test_quantile.py","35720","4872ec7f88c8da461b918d19b2d5217f353eb66364c9a2921709d06783871f29"
".venv\Lib\site-packages\scipy\stats\tests\test_rank.py","13203","8d4f14d15bc24aaa116d6323f9354b3fc41ea12800e4bc3422a2cfc1967a85d9"
".venv\Lib\site-packages\scipy\stats\tests\test_relative_risk.py","3741","fc98b30dc36e371a844398fd7cda9bbe1bb45f16bc6240d49418af553b329216"
".venv\Lib\site-packages\scipy\stats\tests\test_resampling.py","95854","a66acfdb6457ae086d5523fa48405220eb8efc90d85e4de455cf6a6415e798d7"
".venv\Lib\site-packages\scipy\stats\tests\test_sampling.py","56617","42657fdebf7b53a5765b6c15f046b4a870ce1500dc7179d10673962b2c6fecbf"
".venv\Lib\site-packages\scipy\stats\tests\test_sensitivity_analysis.py","10988","5b108cb1b96e0de14f154bc829fec3b9dbed45574c1d2326cf298f232668052b"
".venv\Lib\site-packages\scipy\stats\tests\test_stats.py","440238","af6a7279debfb5a9bfd9c0236f6a36534563c605aa2819b213a2f17ccb14683e"
".venv\Lib\site-packages\scipy\stats\tests\test_survival.py","22424","6cefe8797b4476990c0c4a6b6a50e17e5a6a571884396c149eea9470c435a130"
".venv\Lib\site-packages\scipy\stats\tests\test_tukeylambda_stats.py","3316","026a8c9276ca922d7ba1875f3f91ff21a3fa5b2baf5915cdc94ad67e5cc62c01"
".venv\Lib\site-packages\scipy\stats\tests\test_variation.py","9359","9d76f500042649c11c8b9ce3d7ead201d503a51999179e3cb85250ec83111c17"
".venv\Lib\site-packages\scipy\version.py","330","2311ab279f112c4c98fed870068c185a9cea5cc9225142505fc55db88d6cfa43"
".venv\Lib\site-packages\zstandard-0.25.0.dist-info\top_level.txt","10","27ec23f78a4f69d6388a915a6a7ad8065acc6e53927a01184bca3f2dda20ae95"
".venv\Lib\site-packages\zstandard\__init__.py","7452","5c229d937b3f8420234f3baac08d8abc0ade34a17bbfbbac98fcd4f9349492d6"
".venv\Lib\site-packages\zstandard\backend_cffi.py","157105","080082fcdcfa7e369bff3228129116ef10493f536baf2967d3ff601639893e94"
".venv\pyvenv.cfg","315","be6016a7174d80f3a7ebe0bba27682ef6acac3f26fa8e31eeeb9b8904b8794fe"
".venv\Scripts\activate.bat","1006","e9006c1b365264ad9cdf699a2501823dc997aae045418e5fa8d76cac96566c21"
".venv\Scripts\Activate.ps1","27975","833196e39d23331323698a1bbd8efbf4d882d324402d20cb294b85f4a739e0e0"
".venv\Scripts\deactivate.bat","393","fb53ed45866fee40f01c907c1f67555a399f98361722d89120d05a2580e9e563"
".vscode\settings.json","298","2072db4833b47f6a9c367341e82818da04b83b35d7afd50fb953b050831e7063"
".vscode\tasks.json","2280","0903d1496928105e7c45abfe3056d7f923ad64cedf4fb55a14c8092cea282cb9"
"00_READ_ME_FIRST.md","1663","5ad340dce24a488b0c057eb4be579ce5eaee8da8ee94ef1279d2d72a686e7beb"
"AGENTS.md","2368","13321bc18b9c01119b624ad2f368de2897b4bf2c2a17c9bff8eca3f68e602273"
"art\generated\final_enemies\brancardier\_manifest.json","16786","3bf40acd7863fb3811ea5475ee1594353001cc220bf60df46e7f870b275f0423"
"art\generated\final_enemies\brancardier\_preview.png","809108","c877c3cdc5c6b7df64de1681ae3ad7a7e38ba95feee80c6eccbc4f35eca4f1ec"
"art\generated\final_enemies\brancardier\_qa_report.md","6369","465bf6f0d20586d2aaff0840b79a65e105b96e9fa6e974e99084eb8cea3eb4ed"
"art\generated\final_enemies\brancardier\_review_sheet.png","723086","ce9b6c108aded37b41ed5e53bdb9e63cb7c5c28ad1cab33472f40c0a70695cc8"
"art\generated\final_enemies\brancardier\_rotations_sheet.png","1589860","e0039d731c9cc9ac4b700b27f998309f780141cc44d65422725ec2ba9175ab46"
"art\generated\final_enemies\brancardier\BRCDA1.png","55288","8bc9724af622b126f801c5e1799758336212ee0bdbe42aa51770acbc308eba0f"
"art\generated\final_enemies\brancardier\BRCDA2.png","84339","ab0ad20210b587540e61cbcbb8d95febc04f5086c4923f372fac12802cd82918"
"art\generated\final_enemies\brancardier\BRCDA3.png","81071","86214dda866708d4b7bc5d7feaf74d2c4a2e8d535287a0b1f6e6990e1a5f2152"
"art\generated\final_enemies\brancardier\BRCDA4.png","90264","00cfb17e1275675c156c3afc0ed95582f4103c4f6286909211dae4212eca2b80"
"art\generated\final_enemies\brancardier\BRCDA5.png","54220","51cbe60c235a3cbfd77221af16edc0d4034b8ab978668a291a4d7f986bb500e3"
"art\generated\final_enemies\brancardier\BRCDA6.png","83154","b122921fac5bf81ef6c0b3a4c3989aff28b4bbf317d94a9c91e7fb8851744327"
"art\generated\final_enemies\brancardier\BRCDA7.png","81814","7b3083be90f9ee363ec8ae7937e51dc133f3cc0df9d01de7327b608f7300505d"
"art\generated\final_enemies\brancardier\BRCDA8.png","90528","29e4d44883e121b302336c6751f7a58c1f1314bd1fbe8a6a75bbe9d8d12230d1"
"art\generated\final_enemies\brancardier\BRCDB1.png","57607","1a9474f82719b591778e7f3522f0d6bfadeec2c47a34bcf40c622cd78ec3efa2"
"art\generated\final_enemies\brancardier\BRCDB2.png","86725","0704b1873ed3a5c94e8af436f88efd1103fd552aa1d905606918a8e75e1537e5"
"art\generated\final_enemies\brancardier\BRCDB3.png","81428","58a016d8a3ea89234228fc77cb16750e1c9687bf6ad61723fff20cced58b22f7"
"art\generated\final_enemies\brancardier\BRCDB4.png","92310","8feef160eec43cf2f3e12ebe218ff15d9aea41595d248cb831ab534816c97dbb"
"art\generated\final_enemies\brancardier\BRCDB5.png","55015","ef64b087f8bc05a9c71bbb02eec40bb79644880b7939f6a7d56cec01a281dc45"
"art\generated\final_enemies\brancardier\BRCDB6.png","85313","5a2c1d4958c17c512e730f71648f67e5f0b05fab3ab2965d72037e1c62c7af34"
"art\generated\final_enemies\brancardier\BRCDB7.png","82269","4ca4a732cb1659bcee4bb18bfc011f96f83a0bc6cc05987d922fd118af1052eb"
"art\generated\final_enemies\brancardier\BRCDB8.png","92047","fb024fe54c4565a5b46ce51c507ea7c016a76eb435ab2769bb2eb1eef1f7037e"
"art\generated\final_enemies\brancardier\BRCDC1.png","56790","82015d97affe0f03a43e7c5efe9d9ff6839e92c3c9dd0ff7b859805bcaf4b7ae"
"art\generated\final_enemies\brancardier\BRCDC2.png","85367","4a135076103206ef77e08123ae0e56e949c8183265e20a2eec8aaa3bfc741772"
"art\generated\final_enemies\brancardier\BRCDC3.png","84800","e4584eb11862673362b4853ffafd07c5076230d4b94d7dca4ffd1878ba9a1be7"
"art\generated\final_enemies\brancardier\BRCDC4.png","92111","37be0eaf2507e71816414a6a82895a0d2f316c46d7a90541ce658246b66d9a9d"
"art\generated\final_enemies\brancardier\BRCDC5.png","55570","e33bcc88ee8351d334b9db19ce56e97c13db802586e2b55387b9e709c9a15558"
"art\generated\final_enemies\brancardier\BRCDC6.png","83841","74fc53e2510d98ebc3f5afe3f2f388f9b9117aea04ebc8d84d7c78c1cf5c767f"
"art\generated\final_enemies\brancardier\BRCDC7.png","85198","86e909d1f8c9aad5e70c961e104d4f0a6142d72b1a835b3529e631d1a18ba89a"
"art\generated\final_enemies\brancardier\BRCDC8.png","91518","fce7925b3db2dbf0efc4482e8294fae16c528b088f870c76b8f1e0b7efc74d0d"
"art\generated\final_enemies\brancardier\BRCDD1.png","57187","30cfee6cdc6ec2e0a1883b474d010e98a451bd43c235c0d3cd7699465a86238f"
"art\generated\final_enemies\brancardier\BRCDD2.png","89724","f71180b186bfe4157a7a6ec748d0c71d0ca8e9c368ed1095277c7ba9f13ef857"
"art\generated\final_enemies\brancardier\BRCDD3.png","82552","a8ec14f06cb6675a5126ecda9f08ce561f8be65b3294820d50d77e754056c202"
"art\generated\final_enemies\brancardier\BRCDD4.png","89210","2678ef550b87abe56bb23b9a222f39e5eb116c502683c2b839557025deaa90bd"
"art\generated\final_enemies\brancardier\BRCDD5.png","55201","085165695740cdcbf0c107dc0a776f0ea49b72e39da909a810e813d50b0a5c19"
"art\generated\final_enemies\brancardier\BRCDD6.png","88653","0de75f3a6a152c0f8409a2cbd08cc7318c96e2f8d798c779f7cb182c3264e816"
"art\generated\final_enemies\brancardier\BRCDD7.png","82587","d37f8c938f4f8c6868c57be21c60dba60613f508daf7175a4c9962c6f63322c9"
"art\generated\final_enemies\brancardier\BRCDD8.png","88404","4141ed4bd354665b48340d9efdd8d488fee3a5b11ee023017d16739fa726b365"
"art\generated\final_enemies\brancardier\BRCDE1.png","56766","1c279819a1109cced0170973ccd66206388044422c5282517c45d9b65249662e"
"art\generated\final_enemies\brancardier\BRCDE2.png","88973","bb12e11f7025e699458c69821e2fdcb767c2afe225b108149ef801469003cfdc"
"art\generated\final_enemies\brancardier\BRCDE3.png","85662","7c654056b95f91ef58e47ebf8a277c9ddfddc7034ec7e3826ed4d601f66820b1"
"art\generated\final_enemies\brancardier\BRCDE4.png","88252","43d8b3a18bf7ae8aded2734212f0b745c0c2bd485f6f944ab41350d613c4256b"
"art\generated\final_enemies\brancardier\BRCDE5.png","54864","e68eeb518a73d708b49ae9ac817ef062a4d7dc2a19d4fb15a19e8753c6e834e5"
"art\generated\final_enemies\brancardier\BRCDE6.png","88365","22182f805afdd0d5ae75ea498a29c78e10ea819359ffaf8b19b64c1e30e539db"
"art\generated\final_enemies\brancardier\BRCDE7.png","85822","bd0d6ec4d6be40e2af60686f011efcd4e333301a2ac211b2fd7d57eae89b5a39"
"art\generated\final_enemies\brancardier\BRCDE8.png","88477","43ce7461d652535805de29b55e9d8c4107d4fb6c8ba8e4a8f2a00b64fe94bb6f"
"art\generated\final_enemies\brancardier\BRCDF1.png","55270","f5b2b306e3bf1ddc9e5756b5a44da11c563e94fb41e82c0f719b28ab955a2ede"
"art\generated\final_enemies\brancardier\BRCDF2.png","89371","8b34b03ea62a7301b3a3cd707a9aeba3424c6a1515ae22d74e55e942ec5a3c3d"
"art\generated\final_enemies\brancardier\BRCDF3.png","86123","6820fc16453a4bba361e823e69c8ecf615aa360f1969a7503378745f757e6797"
"art\generated\final_enemies\brancardier\BRCDF4.png","94026","b054c2d4a121b1dd7c39e326a2a9e37875d0f5bf0aa80757f00bb1e508fbf008"
"art\generated\final_enemies\brancardier\BRCDF5.png","54299","ee7dcdaf9a2909110d0fd9714a410bad8548fa9b580d18ffac980701a27cafaf"
"art\generated\final_enemies\brancardier\BRCDF6.png","87879","f460a02563cca388d8c220cc713a76004de13ecb34b45e9b43e49b0aa1d67724"
"art\generated\final_enemies\brancardier\BRCDF7.png","85895","f97b4afff2b058b393b8e363be7c0187425fe61884a2e66e5583c215264a1e2e"
"art\generated\final_enemies\brancardier\BRCDF8.png","93446","c76d2450533693a41e386e111bdead696aeb2f6ad6009054862f2f615521bc50"
"art\generated\final_enemies\brancardier\BRCDG1.png","52005","33fd3a5eb7389e4aedad1d416f39a86fe120a8abe7d90f8030d3369cc988a17c"
"art\generated\final_enemies\brancardier\BRCDG2.png","85600","33624a96501e19646984bbe317245a5c10ddab6fb47161ff81d413a568ddad3e"
"art\generated\final_enemies\brancardier\BRCDG3.png","86665","d8acdd9ee20216b891b1dcf47a134b25b6020f78758c70483b3de09134d7363e"
"art\generated\final_enemies\brancardier\BRCDG4.png","90357","27204e8a07438dee79c47fb10d411e67b8325f339d9082c1a6db373c85a656b4"
"art\generated\final_enemies\brancardier\BRCDG5.png","52390","a5c30c9dbf7e467df336ffc282236df3ca79e5fa2ed6ec4c6123b8546f2a6cc0"
"art\generated\final_enemies\brancardier\BRCDG6.png","84847","ce3f61cd7e5a4a6e874b63771e3266c89b25b37afa0f7001964b38e0145e6945"
"art\generated\final_enemies\brancardier\BRCDG7.png","87485","eee4902bb9c5b453b18ea84bfdf772af49c9be6895ec0c96687d546210bdc79d"
"art\generated\final_enemies\brancardier\BRCDG8.png","88923","84aa63583a397f19cb9b008d676e275217bee6074fb8bb92b1b38fe7425b8a84"
"art\generated\final_enemies\brancardier\BRCDH1.png","56216","a5718c5998b619f6942dacfa7b4379fec5425f15703e2a59a537a6ac2deae0fe"
"art\generated\final_enemies\brancardier\BRCDH2.png","88055","78deaa4b5825356aeaa967ff62993984e91bac744cde3291d509953188db7855"
"art\generated\final_enemies\brancardier\BRCDH3.png","87045","9c690dc85a1add97352c88bae2251f6aebc75e0632972c085d3b96a2448133ab"
"art\generated\final_enemies\brancardier\BRCDH4.png","92333","7b4f46ec6fca0afa13b80d7be1a4bfa343725ca64f16cef3ac17a2cd6b19c12d"
"art\generated\final_enemies\brancardier\BRCDH5.png","53700","407084abf62e1dc71aa9dbdde9bd5d1753f30689fb8e2821b9ab30d995eaff52"
"art\generated\final_enemies\brancardier\BRCDH6.png","86294","c39eb7c9f3c5b7b0de59bdf46a5662b6a6934c1f87e3f9885208b036e9922d1d"
"art\generated\final_enemies\brancardier\BRCDH7.png","85971","4c0449a72518100027136d31b3431f59e90dab5d9d797b2d298c616afec593ce"
"art\generated\final_enemies\brancardier\BRCDH8.png","91758","d8343f9f39db4574a64ffb5535baaf579c1e574619ef0260c61cc62adcbc8eb0"
"art\generated\final_enemies\brancardier\BRCDI1.png","57526","5bac57d33cdcff493ad31c3fb1b5f75e2d33458748053355377921e3da7fc638"
"art\generated\final_enemies\brancardier\BRCDI2.png","88588","a3c8e97f9e7632ba0785435d80a6a12ed23a21d7b7e938e84a862a8d932b5b4d"
"art\generated\final_enemies\brancardier\BRCDI3.png","83552","0ebc019e85eb99157608540a2e9ae22c26de9d8e649653816deb5ffa364973b2"
"art\generated\final_enemies\brancardier\BRCDI4.png","89889","d5657e3454b60ccf6efceacd108cdc51aceacbb7ff1a6b256909a59e3aa355f6"
"art\generated\final_enemies\brancardier\BRCDI5.png","56166","66125f204d52805dc0caf250fc8060586c89ae3e3a8bc423cfba08b27900be99"
"art\generated\final_enemies\brancardier\BRCDI6.png","86385","67b6cc9b97e2953e5e2b72934701bb20d4410370306de854ed254f6e642f3715"
"art\generated\final_enemies\brancardier\BRCDI7.png","83544","254dfedec0012555ba95cfa32da58f789582ac815447364e807023643e648648"
"art\generated\final_enemies\brancardier\BRCDI8.png","90743","c7911e5697cffaa95ead6ac5244cc65953c8e5cc8cf14ad87fbd58b0c00ac300"
"art\generated\final_enemies\brancardier\BRCDJ1.png","49058","a7959ffd2a18506fe1ec584e74d445662a3c7ec3d4d200707d131b739c58b832"
"art\generated\final_enemies\brancardier\BRCDJ2.png","77180","2c4a1717880e2a1af03b7a219c181b7c0873924b71cdbbbaa03f11dca660f500"
"art\generated\final_enemies\brancardier\BRCDJ3.png","75518","8665132000445ffe3052824b3d93d5a525dfccdb3c2e276569b4a8b2e09cc3ac"
"art\generated\final_enemies\brancardier\BRCDJ4.png","86895","cb3910497a239f5979cb3dfa976679462db5ddecb80482b942428f7466a3f83f"
"art\generated\final_enemies\brancardier\BRCDJ5.png","49395","93736a5a1fb64f598fc277d28a6a6b8cc1a9b1f064419d9593fe8f8cb6785dbd"
"art\generated\final_enemies\brancardier\BRCDJ6.png","74985","bcf4e99a81a1a7830a4c6cd1d9720055c93ec17d21250b6062212008f93ccdb7"
"art\generated\final_enemies\brancardier\BRCDJ7.png","76629","7cce904e4698c0e5fa9e468c8b55b43b17e7c555de42abda8bc7a675028dc945"
"art\generated\final_enemies\brancardier\BRCDJ8.png","86344","9cb2f253983fbbc07976020daaade40134d8a1a96ba84b445449f7f85d747e90"
"art\generated\final_enemies\brancardier\BRCDK1.png","35606","d73cbf9c2bafa3687235099806fc8b56cfa769089b6f20498cb85b8ffbd13af7"
"art\generated\final_enemies\brancardier\BRCDK2.png","70866","2029a9b79b74b1a51e28be935a7a8b726ba84b4b9071e3873b33e59c995e76a0"
"art\generated\final_enemies\brancardier\BRCDK3.png","71172","5235c4392f8e5013ecbb970ee00af601dbce679b30fc3e67596bb020756fe46d"
"art\generated\final_enemies\brancardier\BRCDK4.png","75983","b3d9357a9169dc1d4fac86f59606d641448ee0da46e2af8190b8995efe8955a7"
"art\generated\final_enemies\brancardier\BRCDK5.png","36714","007b4baa6524b400e894146140dd649f200ca9fb9ebe098279212108d349c761"
"art\generated\final_enemies\brancardier\BRCDK6.png","70408","c385fb40ddb001802cfeb91736a73676618f133d95cd14359e7a7fef0c12d726"
"art\generated\final_enemies\brancardier\BRCDK7.png","70754","b0c57d7a842e6c784c4ac2d75be40a152a2f211eafee3d858aed26bae9b2beff"
"art\generated\final_enemies\brancardier\BRCDK8.png","74852","5be82bd2202aa43ef821d4af541f11922f19c2377559ed0d5827bc4a89b4d72f"
"art\generated\final_enemies\brancardier\BRCDL1.png","45633","47be8b62a14709ec4c5b2028b87ec9f31d767c954df59cd54338529cdd2b34f1"
"art\generated\final_enemies\brancardier\BRCDL2.png","87894","276a32a432249edb812a33a0420eaeef1558dab18d0db1c87656e5ffc96d46eb"
"art\generated\final_enemies\brancardier\BRCDL3.png","83464","f386ab600378b9f3c457a796f88cf4e709f8a1550cbe8ea9fca14b2a51cc5b90"
"art\generated\final_enemies\brancardier\BRCDL4.png","77650","397401bb04dcead0bb5ac03afb9ca1410586ec97bd39a77a0f2ea693f249db40"
"art\generated\final_enemies\brancardier\BRCDL5.png","48735","3c40bc6215e68ef7efac430c7b46246a414e3d4fcbc578079fbd2e1bf2e3f1c2"
"art\generated\final_enemies\brancardier\BRCDL6.png","87563","845954dd04c888a492314acac7731ec30a36488354d26f0048f37e10adfe009d"
"art\generated\final_enemies\brancardier\BRCDL7.png","81094","1e70e7b3770fa52f328ef49a3e5920af83f14ab82ac2884581efc2a853bad9c4"
"art\generated\final_enemies\brancardier\BRCDL8.png","75412","b8e38bcd057f82fe80aea508cbba5a15fa8b37577032b2dcbc7e664144a4c613"
"art\generated\final_enemies\brancardier\BRCDM1.png","45974","a35db82c7aa86badd8167e833a2e1b1b07d0c839baec48dfe7b7bb4aab1768f5"
"art\generated\final_enemies\brancardier\BRCDM2.png","87957","2af0ab6b7d1f067a16ddd5204487205f0aa68cffe344f370d36f200c3c13cd01"
"art\generated\final_enemies\brancardier\BRCDM3.png","84220","c559db87d878df29e0b36f1771c301ce8a4d45fe7fa2cf22dc933b928590d688"
"art\generated\final_enemies\brancardier\BRCDM4.png","79628","3294f97d5095854564b242889c6717438b0cf65fd633c7c1f291751f4b3cf048"
"art\generated\final_enemies\brancardier\BRCDM5.png","48894","5dc497373d6bfa376e9ecc0593ec66db5ef0dcdb0f75e917ba9b5aec57ca0b52"
"art\generated\final_enemies\brancardier\BRCDM6.png","86916","bf512233100bff5b2c24bf3459be7f751f7151c21b296ac345e5234b6ace843f"
"art\generated\final_enemies\brancardier\BRCDM7.png","82013","af7c6864226a7d3eba6394853ff690a7ad0c2a181cd5617b2bf7be315fcdedcb"
"art\generated\final_enemies\brancardier\BRCDM8.png","78404","2ee45319c403ee4282f7eb10cb4e82ed702d21126194c40934715a447920dcf1"
"art\generated\final_enemies\brancardier\BRCDN1.png","51872","e1ee67d8d2a1897c22443c6749f58f3fe6d04806be97bafbbb8692366ad797af"
"art\generated\final_enemies\brancardier\BRCDN2.png","86233","1fa9a94c1e5dfb84417b8ea015acc3d5a1cbe82221d2094b5bde0bcd4ace5b41"
"art\generated\final_enemies\brancardier\BRCDN3.png","87288","d7c81ed7112ab874604835c1bca794b51eecba268d3bc43b95bf39fef906a102"
"art\generated\final_enemies\brancardier\BRCDN4.png","91336","20255390e6d1988b3030803f269b07d9c86056d304444c7b966676e306c8a37f"
"art\generated\final_enemies\brancardier\BRCDN5.png","50864","8efa8df5b83441b0c3235978a0b38a26ad7b8cfa7f5408671c9d7d2b8de34637"
"art\generated\final_enemies\brancardier\BRCDN6.png","85399","b3405ba32a402a694b84e9362cef2a4a8a5bcb128de1238e89e9c59584f53131"
"art\generated\final_enemies\brancardier\BRCDN7.png","87522","0db109a83b43a75f607ee20517a5ac351dad82df80d67e402ed93788f55e6d31"
"art\generated\final_enemies\brancardier\BRCDN8.png","89434","0fc7ad62af973a0a8ca6201abf47bc5a814736ef875e9a757f179918450c0542"
"art\generated\final_enemies\brancardier\BRCDO1.png","50201","d5a6c063222c9561a98a327439fd0c1c60681e84c0d456e69b5d4ae3f8e1ef3e"
"art\generated\final_enemies\brancardier\BRCDO2.png","83210","394a7001eaa499aa29d39766b2bdebc7c703a2085fc756e19d4d4d2c8d77f849"
"art\generated\final_enemies\brancardier\BRCDO3.png","83551","1adb73549d6236eee3491a9c62783d294a3224ff8ceb1aff941fa26ec43b7af3"
"art\generated\final_enemies\brancardier\BRCDO4.png","87612","e9a1bab90226c32a736ed223a9661543bda84ef6f37528d7a4547113a3fe39b9"
"art\generated\final_enemies\brancardier\BRCDO5.png","49983","b7e9e169e9bec2fb9c5511f9b7be356b98ada048159da9f4eb9b9a8599da2426"
"art\generated\final_enemies\brancardier\BRCDO6.png","81620","33aa25d48e5d24a02d6a8ad434bc18b49e8072e9cc34e2070937c22d6901c460"
"art\generated\final_enemies\brancardier\BRCDO7.png","85455","638976de525737456f029535e8ff465f7380a081910736da018f92515f4aa8f3"
"art\generated\final_enemies\brancardier\BRCDO8.png","87388","35b6380b190a906d04e345b2fd27348cf8fb50cefcea579f5f19cb1dc72cb0b8"
"art\generated\final_enemies\INTEGRATION_NOTES.md","3948","5ba4f59ee1c3a540f8d9de83736ab753ad7734e6ca75e04c3287c6432fc7113c"
"art\generated\final_enemies\orderly\_manifest.json","14491","9952105e212661d371b05854aaa1165c789b6ae45eebf691971c4937bb84974e"
"art\generated\final_enemies\orderly\_preview.png","303582","45043af73e6c2eebfb2fe55e29ef9afe13ee8221b45d4d515f428c9e43df1891"
"art\generated\final_enemies\orderly\_qa_report.md","5417","2fec4ed46963a240f8dc284fb08135603c565f03724a0150eef04f16e8b85e53"
"art\generated\final_enemies\orderly\_review_sheet.png","304308","b97a8cc85853bd6ae48df6839ffafa75949a9f4a35c71293c307cd835ae316bb"
"art\generated\final_enemies\orderly\_rotations_sheet.png","1429425","526874ff2a0f14455f1592c25c336872150727c03e85fd471c600605f25b2d71"
"art\generated\final_enemies\orderly\ORDYA1.png","35817","fd566b63dac37f1cee78c89821d83f639558b5809918d6f6c7c876982bc99187"
"art\generated\final_enemies\orderly\ORDYA2.png","31994","0c58d9fb063f5e1998d02e93ff56588c6efc8d41dfb8419bfa8f912f98d79d39"
"art\generated\final_enemies\orderly\ORDYA3.png","29129","73fc8d4d5e156f784bec444ed6fc9a865c5007f583e97237ae59d43544ecf328"
"art\generated\final_enemies\orderly\ORDYA4.png","34432","7d64c19fff1d9e2f752cb3dcc2c2f7cbfb60a190497a93e9e33da2eb6e4a75df"
"art\generated\final_enemies\orderly\ORDYA5.png","34630","8a84613d8df3b295c107f1560f4b5f36801309c6a00c102719a53c1aa53a4887"
"art\generated\final_enemies\orderly\ORDYA6.png","30937","40a5ed751465492359dc0afa121f323c8a260cc5a1f908a56de76855da00ab27"
"art\generated\final_enemies\orderly\ORDYA7.png","29374","ee2fdbc5b3bd4d45e571138e52e036a8cfd059ec30c097bbaa3ab8e35e195a67"
"art\generated\final_enemies\orderly\ORDYA8.png","34605","9b486244087434dc25e66937b96eb2d208f0b4e905e7a8176fe50fef430422f2"
"art\generated\final_enemies\orderly\ORDYB1.png","39764","ab8774501010dc817f616df2cf47e325089dc7c25d91033528c2f2d584e81ac1"
"art\generated\final_enemies\orderly\ORDYB2.png","35969","4380d43530775f7d3d8b0604801bba6cde0e05c3869ac58ef92e672abfc0ca72"
"art\generated\final_enemies\orderly\ORDYB3.png","32420","7f4a70fda63100229c479d66b6120d1297783bb66d5ca6b5d98f3da430534f30"
"art\generated\final_enemies\orderly\ORDYB4.png","38118","cf49d4a12afa8428724ce6c746df7a93957240e1fe337be2331eb48d5f6d999f"
"art\generated\final_enemies\orderly\ORDYB5.png","37566","06240d3c3c9234392ed26f936527da844c1976b67a0fe43f726892e34c2efa36"
"art\generated\final_enemies\orderly\ORDYB6.png","35276","96db37a2243cd8bab178c7c6ac3a83e3dd49d27ad1d1cbf5b262552ba11d8b43"
"art\generated\final_enemies\orderly\ORDYB7.png","31677","bf5e7d6ea8e3590ceef2179e092520a77ed353db9ff5ba366153121020c7b758"
"art\generated\final_enemies\orderly\ORDYB8.png","37715","20617687e0b4c2d1fab7847c573e37e6de0427f53137221561621fcb33f25385"
"art\generated\final_enemies\orderly\ORDYC1.png","37271","7907f8a99fe01e02d8b2c83f9396b6ea6b03ef748f9b8012a724610b31e51d83"
"art\generated\final_enemies\orderly\ORDYC2.png","41628","c985c86c65f49f88c84b86a584a2ab8d5b634c2f653398328e68dcd4844e9cf3"
"art\generated\final_enemies\orderly\ORDYC3.png","40457","d34242c55ff859a08f4dc467ded173bdee6b0e1063e6dda54bf8ad95bb27d526"
"art\generated\final_enemies\orderly\ORDYC4.png","36364","c450f631cb489d12b05156f0c520d330ed11d36ab59a4d2f7bdcfed11a5988d8"
"art\generated\final_enemies\orderly\ORDYC5.png","35548","6ee083e9a60c8da9df945483c24470af46f5048e8e62d61838eb4b2877231aa0"
"art\generated\final_enemies\orderly\ORDYC6.png","40572","ca8510afddd5acffc9ba7d78902ff1b6b06ae5753d189e8c654ba1f60ae07b7d"
"art\generated\final_enemies\orderly\ORDYC7.png","40215","fde47cbbe96aee72edc87ae99426e68f183f6b464e59239192e98d0e1334731a"
"art\generated\final_enemies\orderly\ORDYC8.png","37059","dd065015962616da7d577310f2d1d450c99415b36e7d445cc772241ae0c176c4"
"art\generated\final_enemies\orderly\ORDYD1.png","39471","3f6f53f2dfdc0518d7e16c57c806190962b4b294288222858ba3dd19525e2a2a"
"art\generated\final_enemies\orderly\ORDYD2.png","38204","45d15af6675e35ae02501182941e934fa39ebe523deca2138407f62b029cf1de"
"art\generated\final_enemies\orderly\ORDYD3.png","32852","3d651717dbd534cda3d585a63581f7523ce8b1c94d25b018c6c77cbf7d8c4267"
"art\generated\final_enemies\orderly\ORDYD4.png","35829","b0db8f2f3cc7af92ad5230a106f4a2f47239f46ed39f7342b2f8d8f5c4125e43"
"art\generated\final_enemies\orderly\ORDYD5.png","37480","c5b67c964a83241beee271f8c374b178dff7a2b2219729e41c5a119f057c6fa4"
"art\generated\final_enemies\orderly\ORDYD6.png","37724","a6db608f94613c9f8055a0a125986520185f47f117084816de3f66f34cfb7fa9"
"art\generated\final_enemies\orderly\ORDYD7.png","31810","852a32f556ba70969171e8ca67efa0e1f12d28c7af7601a0601236f216f66623"
"art\generated\final_enemies\orderly\ORDYD8.png","35032","f3a0ce79b01d61ac37f73960a7b0d9bc400b3e6488797255dbec48a500b5a9da"
"art\generated\final_enemies\orderly\ORDYE1.png","37883","a27a4a6f4ff638638c23967e09093f82a13f7e0d57aacc4cb17350b7497aaf48"
"art\generated\final_enemies\orderly\ORDYE2.png","36578","e0e0d30466e0f74eb7faa9f6563cce4d79d9c08eac7e9c21d119af4300068c55"
"art\generated\final_enemies\orderly\ORDYE3.png","40090","514079cfa9fb0bdbcb555d2f37efa654918ef57d84cd32bcd0dd6c8cecec7213"
"art\generated\final_enemies\orderly\ORDYE4.png","42025","48a933e843a940ff9530e863186d9def28c518ceed014655360380deef4aee08"
"art\generated\final_enemies\orderly\ORDYE5.png","35799","e5ebe83fa4221ca51d029a15406116bca88b92b7904a32c3cad6127d6344a087"
"art\generated\final_enemies\orderly\ORDYE6.png","34931","68fc41ef740b867b7758fd764a09ff62ba56410471a1496574f9ef9060bb9185"
"art\generated\final_enemies\orderly\ORDYE7.png","40410","c88aae4e0084b1abd1fc661dafb61621fdb0088fbba3e959ea14b2c6338666cf"
"art\generated\final_enemies\orderly\ORDYE8.png","42587","76054c51439fe1520d95914124435183e389ffe6d3fbe8901b7c9f1e2652b544"
"art\generated\final_enemies\orderly\ORDYF1.png","32666","abb76a2bfeee4072592b6a021a81c6b6c53ba7690e07e5b911c7909143d3a8ba"
"art\generated\final_enemies\orderly\ORDYF2.png","34161","fa32dd51bf344897f5fefc63eda3551e8ea2b38f985fc9921e55fe2d2621645c"
"art\generated\final_enemies\orderly\ORDYF3.png","37671","3b03bf5dde53caa159f09e8844fc34e7242719a108c1f9d34d7ad878727bb682"
"art\generated\final_enemies\orderly\ORDYF4.png","34337","978b11d45ab504f7da8a96235af30218e56b6184898ae4d35986a1ca87f62bc5"
"art\generated\final_enemies\orderly\ORDYF5.png","31402","4dedec74ec8119c5d9233a6454b4ae9b5a58f5f130925f866c5eb6a9b378cc59"
"art\generated\final_enemies\orderly\ORDYF6.png","35137","5b83ad3243d8896c2d9e49db5a76f435a9804ee2b68f559106b23d904a0f986d"
"art\generated\final_enemies\orderly\ORDYF7.png","38590","2dcbad84a29026b057c1a34a421198aa1d885d3ff1912613a2e51b1a22732527"
"art\generated\final_enemies\orderly\ORDYF8.png","36545","e656874f6647cb51d03da40593aa04d50a178f2a12cb8d0c8f9f8e43d29df56d"
"art\generated\final_enemies\orderly\ORDYG1.png","37885","851170262cfc00f28b87620ac5f70a85512da80e4872c2dda92aaf3a9186b34b"
"art\generated\final_enemies\orderly\ORDYG2.png","32145","1d92d5419ccf640c7c5e0898985e51c2d2da34d1212463dc53ba98d6e5bf6980"
"art\generated\final_enemies\orderly\ORDYG3.png","42623","cdd8d6f0bc7591d61e14228c497bbd97320555b5bdda48c11e1855feda3aa415"
"art\generated\final_enemies\orderly\ORDYG4.png","43309","2e7b5b57bc6f2af73a4cce4c6915aea6ea293c2f7d8ed76a810bfc56e1c5566e"
"art\generated\final_enemies\orderly\ORDYG5.png","36929","a9881c7a465e8b5bd897c167a502c1c244bff7fd44191804c160cf46259cc3df"
"art\generated\final_enemies\orderly\ORDYG6.png","31858","b96417900de2fd1580dcfaff6b521f275f9de808725d460d98ec1636d199f33f"
"art\generated\final_enemies\orderly\ORDYG7.png","41616","962f3b035ff89cd0d066793872c18cc718098156fc37e68952c399766f309938"
"art\generated\final_enemies\orderly\ORDYG8.png","43612","89e2a1f273a9d38107d14fd095b7189bbdbe096f2322fe82e7a1101aba3e175e"
"art\generated\final_enemies\orderly\ORDYH1.png","33173","3398cef6fcd957fb3519a3be9d35cff0ab6b209f2da058c0c494218f4077aca4"
"art\generated\final_enemies\orderly\ORDYH2.png","38184","31e60e0866a6e980feb24bae3c445eb64cc0aa599eab658574452fa73c0c9970"
"art\generated\final_enemies\orderly\ORDYH3.png","40163","afa68c148939ac6fc5da4f21317af9215cd2e099f4bdbbae6bbe65ae39705b89"
"art\generated\final_enemies\orderly\ORDYH4.png","35429","a2dae025d7caf12c4cafd63b216f8d011d4a87bff554dc6664b620d56b18765b"
"art\generated\final_enemies\orderly\ORDYH5.png","32810","891b0be4ffea49b10bbb7ddc752f70e5c9310621c6ef198b30b5b9b4831e5125"
"art\generated\final_enemies\orderly\ORDYH6.png","36644","21bd7dbd127a5aaba1f17e568e301c84243c38b26ae407d7cbf08a6c724e40e4"
"art\generated\final_enemies\orderly\ORDYH7.png","40320","747c4b36cbcde9e5d18f96a8170360ef335651313ced9973bdfcd3048566474c"
"art\generated\final_enemies\orderly\ORDYH8.png","37164","acafe0c50f03a72a8450ea09504464633805750963c63e9ad70c25e274b191e5"
"art\generated\final_enemies\orderly\ORDYI1.png","32036","a987aa3e164e7043477c7aad71835515de754d22dfdaca0136a3cb0930eff4a2"
"art\generated\final_enemies\orderly\ORDYI2.png","31204","cd818c5d5b411592ddd5cb2f79a5c715b10bac78eded3c49b1d5436c414ed6ba"
"art\generated\final_enemies\orderly\ORDYI3.png","31495","fd0e933573eda91123e6f27e87046b66d1157f83630b2e2915d44c4ac8ddf3a8"
"art\generated\final_enemies\orderly\ORDYI4.png","31907","c851bd096329295dbb01797bd1c686e383ccc8577d5b77e69f82e3e8244e7a56"
"art\generated\final_enemies\orderly\ORDYI5.png","30885","d7c74a59a65fd3d42769eabf23cbf8935dc7452c3009c7994569e38def131a37"
"art\generated\final_enemies\orderly\ORDYI6.png","31818","c98e4256daa13f280394df1ddabe0ad3dc67e549d75ce5de9585054a87c7557f"
"art\generated\final_enemies\orderly\ORDYI7.png","32104","1744dbd247cc121132ace88c64db692ffa01a03538829fef4f1e8f2c55cafdca"
"art\generated\final_enemies\orderly\ORDYI8.png","33310","ca6362bb4a052d39a815cc84cf0ca2c04d262392d597a4f7c01b06b6c9a72e68"
"art\generated\final_enemies\orderly\ORDYJ1.png","29274","f8561058e5af2ef39b8b8e834164d62c3d49d17189d2c07d5d8c0fe1d08b78fe"
"art\generated\final_enemies\orderly\ORDYJ2.png","28682","515d691735145e746a8ee575de46ac79d4cb17c1226c0d52726f1728b9a4d418"
"art\generated\final_enemies\orderly\ORDYJ3.png","33341","4f9c797cdb6ab5d6afc9415629f618e3dd235876eabf5383df85bb0b2908d358"
"art\generated\final_enemies\orderly\ORDYJ4.png","34320","9e09df797290f141feff5a3edd9d437e1407e746a2c6a5fc4639ced8676779ab"
"art\generated\final_enemies\orderly\ORDYJ5.png","28818","6a4b4f2634b0147103e99b9adc97886ed5b018654efd4574ae288d94090bcf2f"
"art\generated\final_enemies\orderly\ORDYJ6.png","27933","744870c12313806caf6b6ded907dd3c3804e0ce6a3c301b9a467744da49c0bfc"
"art\generated\final_enemies\orderly\ORDYJ7.png","32360","53ddc793444d8317369a06444f46fd633b380cf5ff3d240ed6ffdc9e57123627"
"art\generated\final_enemies\orderly\ORDYJ8.png","34600","4eea05acccdce7952a117a6e6208e79dc8b492f9ef239fd22f208cb03e67feca"
"art\generated\final_enemies\orderly\ORDYK1.png","25285","8c22c8dea10ecf8f7ff69cdfa8f83b6b6cdc06e100212731e245c85103f1aa03"
"art\generated\final_enemies\orderly\ORDYK2.png","32043","89ed2e9fd26afcdf6c9d63536cbc6bbb3ece4d69c948bddff043852ead8d1cc0"
"art\generated\final_enemies\orderly\ORDYK3.png","37385","dac1493659b2138133cf978f7ee0848d398eeb4ab2f280e6ce53a2a4203b8004"
"art\generated\final_enemies\orderly\ORDYK4.png","37144","26ff7f19acd27f5ee9dffeeae9ea994724d5e6a3fcd21ce35a10641e4bf9f01c"
"art\generated\final_enemies\orderly\ORDYK5.png","25117","bc5bfa5a6983094d2883d9ad19b717802e943c33908e358d2a579ca2f332b1db"
"art\generated\final_enemies\orderly\ORDYK6.png","31642","9b8c9947298214391d103d56094847eed97aee07046f367b1386335717784e69"
"art\generated\final_enemies\orderly\ORDYK7.png","36816","9d389ccc9129ce991c65fe1faed90d5c5e4ec957b71513f616cc5e8449a65c56"
"art\generated\final_enemies\orderly\ORDYK8.png","38934","8cb1a7455e9186909486dcdae37e2f0ed684921bff1d95be4aad9112c8e2763b"
"art\generated\final_enemies\orderly\ORDYL1.png","17663","a346505db4479213de2f3137f486916f1b8c5e3fbe5a24fa0f623c01671681ff"
"art\generated\final_enemies\orderly\ORDYL2.png","30454","6935283cce41bdee27bf0d6e67da3905a8a3734c7d81e58feebe698767babce7"
"art\generated\final_enemies\orderly\ORDYL3.png","35643","2398d31bb17509772066a8bb89e21c7d798df4ac26230dc7ae2725fa9850fb0a"
"art\generated\final_enemies\orderly\ORDYL4.png","31844","fae532bf4d06e8a3ca2c3191a9893e226e0e171f1b1c8d4e5b3e81a8efc291df"
"art\generated\final_enemies\orderly\ORDYL5.png","18123","2be65f81c1b30ec70ebae25752a1d62c1a8a16503576ec565f24767dc074cecc"
"art\generated\final_enemies\orderly\ORDYL6.png","28982","4f6137956f7f6136bb470b76d33efc74318e434d6db74b6053275c80a1c8d0eb"
"art\generated\final_enemies\orderly\ORDYL7.png","35709","1c3a4b709080dd7f39b01be0c6695666fe8ceb4a63d2af083534eb88c3cfa659"
"art\generated\final_enemies\orderly\ORDYL8.png","33055","e78f04bf8429ed68b4656bdf80f0ed8df425b56d50e9b0e35b2d52b8afd26892"
"art\generated\final_enemies\orderly\ORDYM1.png","18268","514c3dd77990e4395dfe39291519340609c6b4f8e4d3a9e67f8c8ff923a7f39a"
"art\generated\final_enemies\orderly\ORDYM2.png","31617","b55a924112fbefd8f26816c9b137ef7aedf8d17dde79cedfeea198c66b5b5935"
"art\generated\final_enemies\orderly\ORDYM3.png","36594","7575d68a39a4076a3635c512bcb8fbbea9e8d181384dd008a585821637e36f0a"
"art\generated\final_enemies\orderly\ORDYM4.png","33133","7eee24d1d43a63a5363265e51281ea1ff18f0eac49eb5ffc439a2b7faa6e4198"
"art\generated\final_enemies\orderly\ORDYM5.png","18621","a38a95d73094307a18981922b44d2618281b8e97f1ff7377a9a82b06eb163e29"
"art\generated\final_enemies\orderly\ORDYM6.png","30321","025bd3abce4d480afc6983a64909a81d5f9ab19f48a48782f127d631dd105f2a"
"art\generated\final_enemies\orderly\ORDYM7.png","36314","0eac2f9aa53aa1e3b44310f7e96300d07681de25c66ff2fd810cbe45a02ec87a"
"art\generated\final_enemies\orderly\ORDYM8.png","33329","eddbeda5cb1171304357d2288a41a809985dde1de4895d57d25640743bfc4862"
"art\generated\final_enemies\porte_registre\_manifest.json","13785","b9ddc2b187c530579cb0cf83a637492be604626660e17c0a78467f6dc1771b94"
"art\generated\final_enemies\porte_registre\_preview.png","474592","18b3f7a9030d9fb2d049e7ddd1dbe5c05bb88dd035821d61c6e006d7936b07da"
"art\generated\final_enemies\porte_registre\_qa_report.md","5059","b3efee151207809dd410a4a8a64c586fbe60c32f10ea3b3b3f55d265ae8ffe6c"
"art\generated\final_enemies\porte_registre\_review_sheet.png","443632","95a1583b3ee6f8d564fda9ecaeeefefe90edea587c693d112345b12e7c62b773"
"art\generated\final_enemies\porte_registre\_rotations_sheet.png","1604075","7d25cce9a9877dfaf14955aaa6940b49ca2cca8d9e3e3e5a30413b7fff2adb77"
"art\generated\final_enemies\porte_registre\PREGA1.png","42639","b5f4fd820b685530121f4ef2e7ca14d9cf133f8d18f221a220f9490487333087"
"art\generated\final_enemies\porte_registre\PREGA2.png","43540","542723eb0a6ca78b542bb801fe447ca1e4bb5b37e1b62bca1ef306b2cf37f00c"
"art\generated\final_enemies\porte_registre\PREGA3.png","39121","6d5a7369f1f4c5e615aff3f5c273a1001fd78efee595e1d757f68c6c7f5ecea5"
"art\generated\final_enemies\porte_registre\PREGA4.png","46886","6816dcd00966ae7e6ac756eccec5fd4401c430469efc8853e2e98e3026d9b8f7"
"art\generated\final_enemies\porte_registre\PREGA5.png","42858","6cb21a0d256b1856dcfd1a72a06fdb5f4a718df42eab00cc71917dbce7ab8a2f"
"art\generated\final_enemies\porte_registre\PREGA6.png","44766","7b45e8077d437c6759048d48ca73c822a1ce664c3d4400ec9606cc3642a6639d"
"art\generated\final_enemies\porte_registre\PREGA7.png","39257","a7771eb1be578d51bb2228846fee4118be38d231e027e0755e90c7fc151d6ddf"
"art\generated\final_enemies\porte_registre\PREGA8.png","46120","f13ee466c455585616117a69f8cb97f398f1bab04279019f1a55624218ff4a17"
"art\generated\final_enemies\porte_registre\PREGB1.png","45737","78b1b0b9ed0babbd6106cc657466a92bf0e728785674da199924e7c25270e2a0"
"art\generated\final_enemies\porte_registre\PREGB2.png","46549","f9d13c661220c9c2b7a724cec193735a047be864e963fd5e299793cb97991c57"
"art\generated\final_enemies\porte_registre\PREGB3.png","40926","3dc1ebdeab61cbdd044a7c05b11462ca6bf43d8255a64e880f550ac832b1af18"
"art\generated\final_enemies\porte_registre\PREGB4.png","48992","4660175553e97ebdccd938ecbc36da9baa8e717d661e15677aff952df8b875ad"
"art\generated\final_enemies\porte_registre\PREGB5.png","45528","67aabe0f363a318e492bfd9fa5a66be74088a0ce23eb2df59b424bcc72a2fc74"
"art\generated\final_enemies\porte_registre\PREGB6.png","47887","6d523df4baf6a7efb31d98d54ee863e4b597c5011b7ae098abe87e0087fa5e74"
"art\generated\final_enemies\porte_registre\PREGB7.png","40547","b7f6c59170fd219d69a6c813cf0ab0d0f167aaca57b242f68f8ad68a07a409b0"
"art\generated\final_enemies\porte_registre\PREGB8.png","48256","2eb26f32f583ae8def0a47d877a8ab79e07cd62688f73b7effa5266953bec04b"
"art\generated\final_enemies\porte_registre\PREGC1.png","45303","85c728dde435388cbf47eeb8b1bfc5afe8e160bd90e82aa7bd23a298eb9f03f5"
"art\generated\final_enemies\porte_registre\PREGC2.png","48509","cd651f1d691da41f4e31615ddc1ca7cddbe1916b1d729c4f0fbb99c23f2229df"
"art\generated\final_enemies\porte_registre\PREGC3.png","45146","92ac83946f5b8441f4f145ea3948b75eb579f044ee11521b12bff38bbe974796"
"art\generated\final_enemies\porte_registre\PREGC4.png","49176","e0140dcf1cd850a012bec03cc5bf59e3f7f996382eb4de4b8ed8013ab73cfd32"
"art\generated\final_enemies\porte_registre\PREGC5.png","45318","8bc95ac32f14855b7515f9b275fa76f48d9632f4a2add9f4a2750609c42ef9e6"
"art\generated\final_enemies\porte_registre\PREGC6.png","49638","805c509ca448a4d87f6bd82c307025291a8214d8b506c71b31d92ee7d6e3b54c"
"art\generated\final_enemies\porte_registre\PREGC7.png","45246","16d5ce5a0ed57a3d3a793df58e0da2a27852b38218635599b9a988108fd16c5f"
"art\generated\final_enemies\porte_registre\PREGC8.png","48164","be3fc16ea5897f9c8d6ddc130010973816381a5920246e61a823cae7fd5c3ea4"
"art\generated\final_enemies\porte_registre\PREGD1.png","45668","ed9eceb8dd53790ddf31d3c2c3a0d507735aa2e2246a8a7f562d6cd1ddf89533"
"art\generated\final_enemies\porte_registre\PREGD2.png","48666","3647752a3bc217f30d10f65b6c8b1139d83d6d69328c819bb9ffa9aec2cbc272"
"art\generated\final_enemies\porte_registre\PREGD3.png","41332","5ee8a5b97aee404cbe733a0a852f7b538e7bb5428d02f696e38dba82556b9a98"
"art\generated\final_enemies\porte_registre\PREGD4.png","46771","71c49928ce987a56e551bafad9233ec5e6b2de77cb98a3b6e382df404f493e28"
"art\generated\final_enemies\porte_registre\PREGD5.png","45565","eb9ea6bf2edba9e14fc996457d038eb64cc5977ae91ce9046abeaba8dfd222d1"
"art\generated\final_enemies\porte_registre\PREGD6.png","49873","dbe4c9682bed521d473c29da6307a4bd9528683c216e6c4cb6d46d89eda0cd65"
"art\generated\final_enemies\porte_registre\PREGD7.png","40510","51567e8c17461b940421c6650588a3e2420e7cfba8e601d4f22731caac0291c7"
"art\generated\final_enemies\porte_registre\PREGD8.png","45438","2a82b0759b412d2198b6f1edcfb34954ba684e718abe9c9a52424c06d7912677"
"art\generated\final_enemies\porte_registre\PREGE1.png","45227","457babe27bdf519e6f873c65b0c3629c2bf640873728baa0b13c9aa5631637ed"
"art\generated\final_enemies\porte_registre\PREGE2.png","48635","cb98160a22813b604d651c6be3f5f076308d41a31f45edc481c73e1015a9d2fd"
"art\generated\final_enemies\porte_registre\PREGE3.png","45417","6189a4884aa5ea937c98eef8d489d561ae8d5f2c47bbc1190e68f1f859f7a691"
"art\generated\final_enemies\porte_registre\PREGE4.png","49264","2b5a7c10a92856a4fe43c2426dd934f4e145dae802ba19baade8cd56522d5f5b"
"art\generated\final_enemies\porte_registre\PREGE5.png","45534","88ba75c65f6fc2f6b854e1719a7c75708bcf20dcce263ba3c6f070a1d25414e0"
"art\generated\final_enemies\porte_registre\PREGE6.png","49707","c5369f89b40768f9b0b812d0f0e2f5bd2aebcca887a1edead8141d7b41dbf46f"
"art\generated\final_enemies\porte_registre\PREGE7.png","44859","d3c5045612608ae2e561aee227417ba09a1d7bd9eb0dfd09bb31655cdcab47a6"
"art\generated\final_enemies\porte_registre\PREGE8.png","47743","c41a3f6d832f463c8c3589d11d19f50696e941a8034549dcf3656f916202bcf0"
"art\generated\final_enemies\porte_registre\PREGF1.png","48398","8e849f3d25cefce2c3135056c259152295e66f0fdfae8a5bbcae193bb1857b2e"
"art\generated\final_enemies\porte_registre\PREGF2.png","59383","32c2e4e6a9b7fd90fce3da1dd4dac3834655b3b1e0957962573a7f573c80f600"
"art\generated\final_enemies\porte_registre\PREGF3.png","53494","ddac0ac55d059b6ee759f89b6cc9644ef033f5c19c5afe4104c9a8a72aae9901"
"art\generated\final_enemies\porte_registre\PREGF4.png","54419","860d8aef7a9ee5515cf17809ffae3fe38187ad9a8b6ab04759db1880bdbdbc4b"
"art\generated\final_enemies\porte_registre\PREGF5.png","47739","04559773f14fa1fc0b5996005cd3c677943535119df8cf42003656c22aba0fd6"
"art\generated\final_enemies\porte_registre\PREGF6.png","57722","aef3648ce5cff5a3fd04004c32e8cacec02a3405b1c94fc4316a09fbc3642e3b"
"art\generated\final_enemies\porte_registre\PREGF7.png","52897","29d98b29af45d00e0aafcfa76e1a65b6f974e0d3dbc15b5c0ff4772929477f07"
"art\generated\final_enemies\porte_registre\PREGF8.png","56599","ac69d2621f2476547ac847868e6571092ace11dfadf2d3b5b2c0a2bace0d68f9"
"art\generated\final_enemies\porte_registre\PREGG1.png","46715","d5995e019ab1e78ce692a7f5f69404602b7f71d730a341e08bff75a211a39698"
"art\generated\final_enemies\porte_registre\PREGG2.png","54428","78c3938d730e9205e2c4901ed75b508184ee4da6875f8507e9c60e754ed43954"
"art\generated\final_enemies\porte_registre\PREGG3.png","60727","911a5d0ae82d4fede62cf3175f1e87cfd2811c606297f138f00b4e3e03910e81"
"art\generated\final_enemies\porte_registre\PREGG4.png","60572","bb58c0d5c9fc8b8b6b5c59500eb6b167ae980c292a8f48a24b7286d96f1bf60b"
"art\generated\final_enemies\porte_registre\PREGG5.png","48774","9d1e03fa48e69940a308e83bbc17331d7ba6184b4fdfa9b80704ae5e6f83e5ff"
"art\generated\final_enemies\porte_registre\PREGG6.png","56082","c01350556e2264fde2baf8864da4739be06eed828635722108e7ae6623f3c552"
"art\generated\final_enemies\porte_registre\PREGG7.png","60182","a8dbfc00f81f3382576125c69991e1c9d4ddc3fa5265cd7eb39abe3f622bf360"
"art\generated\final_enemies\porte_registre\PREGG8.png","58341","fb770f969368f37da0f22a8081fa780d8ae96d336fc72d9f13b63ae96b18824b"
"art\generated\final_enemies\porte_registre\PREGH1.png","47784","3650736922ffb1c76d9fc973d0173fbdcc8184376428affaa95fc73528367f10"
"art\generated\final_enemies\porte_registre\PREGH2.png","50396","5d340990e9aec79877e73533fdc5275dd821ae1c35c50d6d8b3abfd05159e520"
"art\generated\final_enemies\porte_registre\PREGH3.png","46124","189b1449ade9bb83149ec8306df6465a26c6ae2dac3a7d498ad4dd75c556e8a7"
"art\generated\final_enemies\porte_registre\PREGH4.png","47329","678b2c6faef4b3b4e0ce55d373db2cb982e2a9394f7dd9c87861341c011d025a"
"art\generated\final_enemies\porte_registre\PREGH5.png","46249","a6273cca95ffb18263f9d95a3ee7f677b0b591ed182dcab3b783b2b5692376ed"
"art\generated\final_enemies\porte_registre\PREGH6.png","48940","5671a87a429b4c8d1e07a849b71bd6da4ea62fcaf6c856927093c48dfcc29b9e"
"art\generated\final_enemies\porte_registre\PREGH7.png","46001","d4ad62d6206999b12ac3697c77f46f0ca97e01ab99eb8adf59b133a19cd98413"
"art\generated\final_enemies\porte_registre\PREGH8.png","51177","47d3ea6e37bd449465f5c8483c5d5aa073c5c25fec645fc0e8edca0299303db4"
"art\generated\final_enemies\porte_registre\PREGI1.png","46353","2bd5b8b02f64a10bf659e568f4ee1886a11b40299e5dd6eb0ddecbac090bf8f0"
"art\generated\final_enemies\porte_registre\PREGI2.png","54472","87e720b83583fcba110995a83914ea5972224a68cf545afdcbffb60ce01e5772"
"art\generated\final_enemies\porte_registre\PREGI3.png","50289","4ea92939c1585d98819f0e7aa0c09e4536b6645fe78cc37db427ab3aedbe7d9f"
"art\generated\final_enemies\porte_registre\PREGI4.png","51799","dd3c60c1ce405b730d663f008866ac550b3accc1b76b8fd893e2c065680982c7"
"art\generated\final_enemies\porte_registre\PREGI5.png","42939","e7192fe70d6cd695606280f390e0c16a946d38a50f54f280bb15ea00cbcbc672"
"art\generated\final_enemies\porte_registre\PREGI6.png","51332","a4e6a3d59fb6dc3eb2f9727ab01132da28df7824df3e50cb790887037a4aaee4"
"art\generated\final_enemies\porte_registre\PREGI7.png","49006","2355dc17e51f734f402eff4a1eda914782f926b76b7738f29dbdd022c3cf2e5c"
"art\generated\final_enemies\porte_registre\PREGI8.png","55652","9e1b4e07412bdb7741579292633d968c8adc30ec2f5a21c8f8185cb82b4b84f5"
"art\generated\final_enemies\porte_registre\PREGJ1.png","33094","bc52d8abd15a8cf98eb095199d6bb616f37e34761c0cf524145a3f2b67db83cc"
"art\generated\final_enemies\porte_registre\PREGJ2.png","38786","735188ab5f2d77186b5a448aca7b36e1cdbb346a181aebf4ac33e068eca93e5b"
"art\generated\final_enemies\porte_registre\PREGJ3.png","46282","219de3699dbc838b2bfeb55cc8cb46e1a845a055d442cfb7b710cb83f43eef7a"
"art\generated\final_enemies\porte_registre\PREGJ4.png","44941","f5c29d3588805f91a8ef9b227225e3da0d889da57885ec2ce9020946a2ea7535"
"art\generated\final_enemies\porte_registre\PREGJ5.png","32374","50bbdfacf487b197f9e9ccb33d699e12a5e42b5b38e11c5967d92e08841ce79d"
"art\generated\final_enemies\porte_registre\PREGJ6.png","38777","fc003ff8c0f99f63a1e8e740d30cc30d2213ae30b0940dfefda8fbc98788cae3"
"art\generated\final_enemies\porte_registre\PREGJ7.png","45934","d2bc258b837db8483f9bc9dfe1e4f7b901339a3752f33e8544f977f2ec71f5df"
"art\generated\final_enemies\porte_registre\PREGJ8.png","44766","487df994b10d6ba107f49016130a51d2fbcaaec8c0a274b7f1205952f97b7a0d"
"art\generated\final_enemies\porte_registre\PREGK1.png","33691","56655c977bc5b5ffc261a55b4c1278f81a4ed0eacb195395cd1f9e0227b086f0"
"art\generated\final_enemies\porte_registre\PREGK2.png","42818","c7505e66e9a6c8d194f20831ac60b028f2ea85da6caeab0d62e7dbae4f13e02c"
"art\generated\final_enemies\porte_registre\PREGK3.png","48082","c897acea81498a548c18fb2a161054800a43ab595d8ffb3a816612988f345d9b"
"art\generated\final_enemies\porte_registre\PREGK4.png","46135","67c648e9b18ab0a6714a477a8b639cfc529b1e516b0fa77f2c274f6c63f2f0af"
"art\generated\final_enemies\porte_registre\PREGK5.png","33545","fadbef0649385b7d1cd67c0fee1675904936ef93f6046aec30e4a2906cbd7a83"
"art\generated\final_enemies\porte_registre\PREGK6.png","42452","fbcfcfe67695667e02f3f25ade710c088535b372d1755fdbef4bb2a573c449a4"
"art\generated\final_enemies\porte_registre\PREGK7.png","48198","e6f5df19a6e2d447538413be22d65c771a89e136a0aed9a5497c542276892caa"
"art\generated\final_enemies\porte_registre\PREGK8.png","45350","df2d0c74fda70a508cdb8c2c98788355fed72197d57c7b7a83517654a0bbd53f"
"art\generated\final_enemies\porte_registre\PREGN1.png","44337","1bec01efaeaab7bb0bde1bf86b08dd48f1d104e6bcfa58c5856bec3d2e7e08bb"
"art\generated\final_enemies\porte_registre\PREGN2.png","51531","c465dd27b95a62ff0c3bf96375e6a2ca52bb419cc1cf4a4c60b0a2dcd929791d"
"art\generated\final_enemies\porte_registre\PREGN3.png","53171","5b20c289d303e7b857ef13a0070129874315d542b78be12ef12006d4a1ce342f"
"art\generated\final_enemies\porte_registre\PREGN4.png","55167","e3d3445b5547d89025176e4f3969930175cf6755e9fcd8ecda175d5960192f07"
"art\generated\final_enemies\porte_registre\PREGN5.png","44660","b8f403e4052beb7899922d682e53a08599476ada2532d2c7afdfd29eb3d1af0a"
"art\generated\final_enemies\porte_registre\PREGN6.png","52990","0d86d9d222ef6a201960d906859d7b306444a96b666e21b3455d4810d3fa185f"
"art\generated\final_enemies\porte_registre\PREGN7.png","53960","f38f824c0a2960eb6e1cbb0a8edf25b1ef29483f394ec12399c4a5cbf734665f"
"art\generated\final_enemies\porte_registre\PREGN8.png","53881","ac3ab9b37c26dc0696b6a2821ef19180fa995e80f60403d8157a418a93148fc2"
"art\generated\final_enemies\porte_registre\PRGSA0.png","2007","693a1212db7f1cd59f66031fa6584aab6bf311253c377196f1e581d5827af326"
"art\generated\final_enemies\porte_registre\PRGSB0.png","2418","86155ec874e4b1717c14a38b65e6a339a6605a9337ec5804bbdd17565844244a"
"art\generated\final_weapons\browning\_alpha_review.json","4223","8394be7d0addeba3cbf2684db7edea53b74007511f6683e49568752a42a9edfe"
"art\generated\final_weapons\browning\_consistency_review.md","2876","546772615b84daddd0e0037d861048d797ea97706e38e66c11d0ddd8fe875613"
"art\generated\final_weapons\browning\_contact_sheet.png","638434","09c6305092c10be412bc141d6672d03498879eb90f9bcc1fe7adc4404085631a"
"art\generated\final_weapons\browning\_manifest.json","3478","02fb668e6180df2d6e754c9d175eb88dc65a4753853228a4af9e550c10e41a7a"
"art\generated\final_weapons\browning\_TEXTURES_snippet.txt","2763","11f566bad7cb265fbf998b079a31b04ff2cd1b3cf7a42b1610996a7bd2892b73"
"art\generated\final_weapons\browning\00_BHP_READY.png","889042","f81624e2bac878ec7e7c3677e3dccf907a048173f1174ed65a7cb315305f6dde"
"art\generated\final_weapons\browning\01_BHP_FIRE.png","900081","f7b6d036f7d7a17bd520c4634b2d6c0ad68f31bfa5de5db938947f2900999f22"
"art\generated\final_weapons\browning\02_BHP_SLIDE_REAR.png","838857","ffc94eb006536db1643dda9318a9282d808c87b74632f149790f3b77fe7a429a"
"art\generated\final_weapons\browning\03_BHP_RECOIL_MAX.png","806894","fb4bd6e99e22e9247f7fc0a19ae632a68f382eb9f29f407851de3f96ae6017bf"
"art\generated\final_weapons\browning\04_BHP_SLIDE_FORWARD.png","869505","6f3503495ae2515cc4a26295f88d328bbc39abebf6d28a97d69b4e034ea6c3a6"
"art\generated\final_weapons\browning\05_BHP_RECOVERY.png","904995","fda75e2e7300d1c9229ae6e57ff9b7991be9416a5498e90828635f620e6fa1bb"
"art\generated\final_weapons\browning\06_BHP_EMPTY.png","875314","ea03a6a5b561c68c6cb18532245d0f836d7e2f446e79031568c7fc6707a1e011"
"art\generated\final_weapons\browning\07_BHP_RELOAD_01_MAG_RELEASE.png","909992","28a1d834859ebb7a77277702dc8e8e89cde987c0c9ee3e8bc14542d9753b8548"
"art\generated\final_weapons\browning\08_BHP_RELOAD_02_MAG_OUT.png","909632","4815f9bd71e22a1ea3297e14f0cb79db464b401de387d613ae287805f5b8f4f3"
"art\generated\final_weapons\browning\09_BHP_RELOAD_03_NEW_MAG_ENTER.png","814538","2008709726417d149195abc5db6999095f9615bc1d1c6da975dd962c4e8be084"
"art\generated\final_weapons\browning\10_BHP_RELOAD_04_MAG_ALIGN.png","852774","d95a768ef7f4020583e638740319ec844701a7ce4aa963098fdeb1c0a3ff48d3"
"art\generated\final_weapons\browning\11_BHP_RELOAD_05_MAG_INSERT.png","884252","0ed6d12fb5451381f3349485a2dd0fd0704c35daa97680217929bc41a2f155f0"
"art\generated\final_weapons\browning\12_BHP_RELOAD_06_MAG_SEAT.png","865133","c0f5d93a48ca9c146b60522944685008cdb0765ddd2c514f1bb4fab2180e38e0"
"art\generated\final_weapons\browning\13_BHP_RELOAD_07_CHAMBER_ACTION.png","883570","3a73654a84536bc82bdd248182efca8df3866f8059d93bb0cdc78a1eb1f095ee"
"art\generated\final_weapons\browning\14_BHP_RELOAD_08_HAND_RETURN.png","889976","98cedd9ef0ccca8caab79f9ec66c851b9c97c777ab9bb22fad0528ce068bdd6a"
"art\generated\final_weapons\browning\15_BHP_RELOAD_09_READY.png","889976","98cedd9ef0ccca8caab79f9ec66c851b9c97c777ab9bb22fad0528ce068bdd6a"
"art\generated\final_weapons\fn_fal\_alpha_review.json","5361","0a1121491bf2af18acc80c04b1b06d8d3523c8836bea0a077819be8f4253d819"
"art\generated\final_weapons\fn_fal\_consistency_review.md","3516","2622b8105046fe0aa9569bf66409bb8319aaa0d375e5ab99d06735497a328998"
"art\generated\final_weapons\fn_fal\_contact_sheet.png","708466","346ebfaba48eee4a52caf7faa9aebfd4014e6defdf6610d3ebae14d35b038d1a"
"art\generated\final_weapons\fn_fal\_manifest.json","4718","c52978769f50c798c89cb996d587cdf1d67e4de56713d8dfe62735a40944c4b4"
"art\generated\final_weapons\fn_fal\_TEXTURES_snippet.txt","3457","275e79ed8aaf2bbbe510a1819dcdc7d7dd0e9d78f02cfb4b057fe5dbded56553"
"art\generated\final_weapons\fn_fal\00_FAL_READY.png","1209238","4384250fc9ea2d919918ff46f1a234bb745151f87e228c3176c7a90b372edfcb"
"art\generated\final_weapons\fn_fal\01_FAL_FIRE.png","1214073","5bd4ba0fc86d538b5c47feba2d7a85498c0abb2bcd7a7c32f12ae17dc96fe057"
"art\generated\final_weapons\fn_fal\02_FAL_RECOIL_MAX.png","1114396","528d635d81b878b7615bedd031080760512fd521d8102bef82168850e8936217"
"art\generated\final_weapons\fn_fal\03_FAL_RECOVERY.png","1211478","64e6f89a8306ee702cd6d5fca790026843edea3a32a475364c5e01b92b46c08b"
"art\generated\final_weapons\fn_fal\04_FAL_RELOAD_01_HAND_LEAVES_FOREND.png","1193977","1d26a00d81d6b27b8577862d5f67d27cb988241c0e37f1f8131371cd4cf41f73"
"art\generated\final_weapons\fn_fal\05_FAL_RELOAD_02_REACH_MAG.png","1079986","460b4cfb6bddd28be0602490b7e75973e4704cce4a51fcaf7d590ad9e9161428"
"art\generated\final_weapons\fn_fal\06_FAL_RELOAD_03_GRAB_MAG.png","981969","a2188de9a2d4cb96db1f2ce0a372a10cc6edd08865382bae9085cc51abbe16c8"
"art\generated\final_weapons\fn_fal\07_FAL_RELOAD_04_MAG_RELEASE.png","995588","f6bb691aa4d668aae8c724b74d5f55ced7f387b25ec102021e36fd1d7f47d872"
"art\generated\final_weapons\fn_fal\08_FAL_RELOAD_05_MAG_ROTATE_OUT.png","1034227","68e0309b1f55d44c5e9a5d2e5fd0ac400d60c36f6d0f7751bd717152bb4cba18"
"art\generated\final_weapons\fn_fal\09_FAL_RELOAD_06_MAG_CLEAR.png","898975","270cb81acb9946ea2d9a39a25ea87ceed6175bd31e08813a3c8aafbdc1a69c7d"
"art\generated\final_weapons\fn_fal\10_FAL_RELOAD_07_NEW_MAG_ENTER.png","919608","ba59be8b4d3a35acd4c25b7212fdd4ad596da19f4792ebd74900b095a2013bb4"
"art\generated\final_weapons\fn_fal\11_FAL_RELOAD_08_NEW_MAG_ALIGN.png","1007398","3d5e0cda851a0fa026a19598ccafc804a3753bcabdc3391d4041a8aea62510ef"
"art\generated\final_weapons\fn_fal\12_FAL_RELOAD_09_MAG_INSERT.png","1001413","89294192ff68932292d2ba5a3ed6a01a646559bca2db90e323efdc9156b595d6"
"art\generated\final_weapons\fn_fal\13_FAL_RELOAD_10_MAG_LOCK.png","982427","7a6f9b82bdfb1abc1cbf82cbde6e7144849b73ffd19a93fb744d0f1f690d1cd0"
"art\generated\final_weapons\fn_fal\14_FAL_RELOAD_11_HAND_TRANSITION.png","1184222","c12eea60c9bbedae41bdeaf012f0424df600a2d84e6693d8e6cbb27efa456e7b"
"art\generated\final_weapons\fn_fal\15_FAL_RELOAD_12_CHARGE_START.png","1216715","20c173a88d5d7f23df5dab6be0069772b808378da3f083a2ac5301312c59496a"
"art\generated\final_weapons\fn_fal\16_FAL_RELOAD_13_CHARGE_REAR.png","1154320","3a825fe12d672b8b07d810a49aa54ab7c8bc93dbd1663b59d451f5f6a34ac654"
"art\generated\final_weapons\fn_fal\17_FAL_RELOAD_14_CHARGE_RELEASE.png","1201148","a2036db94295b8e7fc6d65a2fa55b24fef69dcbffb2ab3c5756aa0e705babf1f"
"art\generated\final_weapons\fn_fal\18_FAL_RELOAD_15_HAND_RETURN.png","1211676","1f7a07d1c5c01e18faa8682d736b797ae9fac05dfdeeeabd74d65c5123a6aa94"
"art\generated\final_weapons\fn_fal\19_FAL_RELOAD_16_READY.png","1209238","4384250fc9ea2d919918ff46f1a234bb745151f87e228c3176c7a90b372edfcb"
"art\generated\final_weapons\INTEGRATION_NOTES.md","4333","7663f80ec6d96edf51c29b51a17681264c5c0cc93d455775802fda71901c0b2e"
"art\generated\final_weapons\robust\_alpha_review.json","5808","c19961ae3f4671efac8ad6990cfdcd34d9eb8b5a2ba5f69f20d1e0920d2756c5"
"art\generated\final_weapons\robust\_consistency_review.md","3616","7e643161f2d4f4a97702fd8f582e798960121bacb394cdb377e780c9821ccf1e"
"art\generated\final_weapons\robust\_contact_sheet.png","916524","8fb3093978501ea6f1c692555ec34cda24e17c0c1a4cb06618507fd5693a197e"
"art\generated\final_weapons\robust\_manifest.json","4567","c463dd4bb8c915a7c9d96e5c2c0bba5980aca00d12b6b9619cac6c3d3c783550"
"art\generated\final_weapons\robust\_TEXTURES_snippet.txt","3729","8b42306491a4e1c6cdd5658d671791c3316ed3d79580d2763b89247ae73cd813"
"art\generated\final_weapons\robust\00_RBT_READY.png","1293774","f9fdb8e6fe86627fa51e8d7e96f91f2b601c5489d294204d710f5fd593e7b548"
"art\generated\final_weapons\robust\01_RBT_FIRE.png","1294094","1f0822b5ea100a701503d7c71eb084f95c2c017e56e937fec2f7293a3ab4190d"
"art\generated\final_weapons\robust\02_RBT_RECOIL_MAX.png","1175930","ba623b40d018177b5ba32340ec7dc1dd82c7645b6d96164e165298ddeac0ca1b"
"art\generated\final_weapons\robust\03_RBT_RECOVERY.png","1281064","78381e402fb39a7130be924ad80d9966db32c41c2a29d2a81abe374f791b2861"
"art\generated\final_weapons\robust\04_RBT_BREAK_01_HAND_TRANSITION.png","1266882","24bbe9ac97b927f8d5cbf383d16e7ecd786bbffdde8d70488cdef3f456a8ee19"
"art\generated\final_weapons\robust\05_RBT_BREAK_02_UNLOCK.png","1246037","c7627446ccff4ac38a02ec7f88dfdadee952fde02b2c82b280fb0b727c0904b9"
"art\generated\final_weapons\robust\06_RBT_BREAK_03_OPEN_START.png","1258644","2ac339085dea92bc415b4de3de7d3fb1f16fec708829a18a49781cfc8b0e38aa"
"art\generated\final_weapons\robust\07_RBT_BREAK_04_BARRELS_DOWN.png","1240270","3e75e442fba0c96e463a14e224fba7a83aa5700c888796ed582288e2a320d6eb"
"art\generated\final_weapons\robust\08_RBT_BREAK_05_FULL_OPEN.png","1232736","01224d1788e4ba24c20e7a73ed9591af8f7bc6014b9931fac980ce9ce2c9ce4e"
"art\generated\final_weapons\robust\09_RBT_SHELLS_SPENT.png","1234447","8be5a9ba866cc62d82b94d4466c58a821599df3e39b3979727325159c5544c82"
"art\generated\final_weapons\robust\10_RBT_EXTRACT_01.png","1127299","f9ee500e3bdffd3fbc57f0055564986e8ed0612ada37ea605fc99762f04c0814"
"art\generated\final_weapons\robust\11_RBT_EXTRACT_02.png","1216443","123354244585384f8848614a0cd0ac18d092003d4c8c0c576973c91cefab0799"
"art\generated\final_weapons\robust\12_RBT_LOAD_01_SHELL_PRESENT.png","948700","2806bb4fe3935dcbc9d749b7fd3f149ee21edabcfe0d5c0c2d703b5f09e9634c"
"art\generated\final_weapons\robust\13_RBT_LOAD_02_SHELL_ALIGN.png","1044951","c0696ccfb515905ba34e9d1b365e78ca949674d0157cc8cdc1928a74a5a5428a"
"art\generated\final_weapons\robust\14_RBT_LOAD_03_SHELL_INSERT.png","940058","dbf4f2e842744ec2d72ef80865054ecacd2c0efe487e627061b1616639d897cb"
"art\generated\final_weapons\robust\15_RBT_LOAD_04_SECOND_SHELL_PRESENT.png","978108","14654be0c3795c7ace54f3205b518c91fc9f90c87179a57d06534f07fd3b0032"
"art\generated\final_weapons\robust\16_RBT_LOAD_05_SECOND_SHELL_INSERT.png","945814","51e97302605be1f72e040cf675df95358e7d93753679820da9c7bece172bf7bd"
"art\generated\final_weapons\robust\17_RBT_CLOSE_01.png","1232743","fbf30a619d3a62180856b691bc3e192a3975a69fdde259c4c2883e7df083d7eb"
"art\generated\final_weapons\robust\18_RBT_CLOSE_02_BARRELS_UP.png","1252753","40d9d87c46386aef45bd956802cfd177c485ad84d00542a06f43ee394a0584fd"
"art\generated\final_weapons\robust\19_RBT_CLOSE_03_LOCK.png","1287029","095c880652b1692c1d31121613c8929e22eb529cd8b231b55aa04b94fad605de"
"art\generated\final_weapons\robust\20_RBT_HAND_RETURN.png","1299612","8bf98b3f6903f532608405e548f3608235e1dbba93cc511be564b7222e19a99e"
"art\generated\final_weapons\robust\21_RBT_READY_END.png","1293774","f9fdb8e6fe86627fa51e8d7e96f91f2b601c5489d294204d710f5fd593e7b548"
"art\manifests\arsenal_lock.json","1465","a64bee985139fcd55a4cc8e11f2da291c53fc5c9cb1e695a399c35847b69e0e8"
"art\manifests\audio_cues.json","917","34eebdaa4faf1b1aa9c82ed098c89671cf215210d75c47790c96fd67a3f97786"
"art\manifests\map01_generation.json","19812","69d452b6a136d3f8931e8a458889993e74dd6194dce778ce6024ecc5120c4c78"
"art\manifests\monster_frames.json","682","5a581ea02591b06981ccb8886cdfa8005899eeacf184903bc1ead31e063e2116"
"art\manifests\mosin_reference_inventory.json","4077","abdd850d9647657a9e215d86e796cdb100f77b4f8cbc0eb056a08e0be49ae26b"
"art\manifests\provenance.json","5968","8f2b3f34a42ad50972d2af484d8112e601d24b2a31e9e589092bf50c9772e599"
"art\manifests\s1_audio.json","15146","8d31cff678de64f6dcc29e1e7c28c69bbae6088fd7f0284e7660c84136572020"
"art\manifests\s1_enemies.json","9721","81c9c779379a1bef65aa8184fde9ac8db7ee42ff016a6ade69ef3bf759119b11"
"art\manifests\s1_props.json","11188","051c19b23d0929351686992496849e8328b0b8c2a29fc4d54d8d4bb7abd81222"
"art\manifests\weapon_frames.json","3178","0b6c98278044a3394bdfd41740d3c1bb352f9bb25000da9d06708185d1d51d39"
"art\reference\gameplay_target.png","2242003","193dddc04cd486afe90033e46078f8b29c2017628e9257be9f417648e7594814"
"art\reference\map_board.png","2307523","77a269a9c0153e84717bbdf7eb77515de3158650d27f18721f94e922273c8fd1"
"art\reference\map01_topology.png","36723","584be24eacdbc28db376e836a910a91256e12fb1b61249fa46f24dd259a29af7"
"art\reference\README.md","1515","ad8f6170498c5894cce3021419e20ba9322bac80ca23ef1d878577a735672c63"
"art\reference\runtime_contact_sheet.png","194196","68264e89c3e597165d084e710f5ebd66c3b59f5878b05e63c2cdeddd9b532d04"
"art\reference\style_anchor.png","2115726","8475fb3c00a6f750c42ef348220447890c0ab4ab945494d4fcb278962b72b25c"
"art\reference\weapon_arsenal.png","2002536","76a4b993219077ccb68a9845463d5d51f251d86478901f0ea083827f7cc094a2"
"art\source\final_enemies\_pipeline\enemy_qa.py","3984","e1641131922cf93b4e633f3971a3c1f9dae6c97b9d78bd4f7c53c2a882f62ed2"
"art\source\final_enemies\_pipeline\humanoid.py","16800","db6ab08fd5d854663d242504f85d879c8da239ac0d1d0b4e3c10ef29ca8197dd"
"art\source\final_enemies\_pipeline\sdfrig.py","30012","cf2530c9f45ad34135d85063207dc6af98b89db4be65f105ff335ac81829ca82"
"art\source\final_enemies\brancardier\brancardier.py","19791","949cc128f2736c15de31de56fe0d86bf5dde63e6cf221b1fe6bda44296ee9ef1"
"art\source\final_enemies\orderly\orderly.py","14081","e1e283c9233a673a716694736aa89ac370abfb7b5273be0730615bcf68c3680c"
"art\source\final_enemies\porte_registre\porte_registre.py","17770","e1bfa57afda5781b9a458afd0c0f0055af3c133e7e9f2019b94e536215730574"
"art\source\final_weapons\_pipeline\review_family.py","4343","9c37408d728f6e9e1641271a1bbe09fc197da4b096b93faf522cbb1300e87803"
"art\source\final_weapons\_pipeline\rigcomp.py","18870","6c86fc1847d186862c1dd0aaec972ab38b96b4534c44f31486c02dcd70cae7c0"
"art\source\final_weapons\browning\bhp_build.py","21683","c823510f45f3fb8cc2d6d3fd050ff8bde10f23f0c74dff58603fd3f7cfd13873"
"art\source\final_weapons\browning\layers\_mask_overlay.png","628820","793be745066b3d9e8776d348b7f03a2636181a5fb90253d023e072b775119d89"
"art\source\final_weapons\browning\layers\arm_l.png","777732","429d72be5276ba621b86a764d5155bb1dca5fdc222b336a3c2ae88e64031dcaf"
"art\source\final_weapons\browning\layers\arm_r.png","517474","a03e35883d1319a0013b6cc27d186925d1705f4bbc5147abf5a1b9ad676f6e21"
"art\source\final_weapons\browning\layers\barrel.png","4168407","b83d0ab63146a0de9549b451dbf363204447bd48a072c8624ac9a610e07064e9"
"art\source\final_weapons\browning\layers\flash.png","30584","9f95467569886ca6babad16eaf155aebdc2ef4044bcd2ac2ba513cc5d3697716"
"art\source\final_weapons\browning\layers\frame.png","337175","3df78d2ce0ab4c655c41de2263d35f82c774a21c9cfa5085dd0df1ad9c7e16a0"
"art\source\final_weapons\browning\layers\hammer.png","945065","792c657f18771abc8a1269b8eb4178958ac42bb6c4f01346b8f54c6f0b79014f"
"art\source\final_weapons\browning\layers\mag_fresh.png","79501","1a4f2d73115352c55f12279fb76cd37f45dd015104b9751223d9dba10cf9c7ea"
"art\source\final_weapons\browning\layers\mag.png","79212","6c93f05cf3321d7c1dc93b65893e2553fa5f3c29f96497744236857f76072f93"
"art\source\final_weapons\browning\layers\slide.png","950448","23d868ca7ff49910d5e5d3d0a8cbb1f66ed2298414a8c16dd9531a6ec488a574"
"art\source\final_weapons\browning\rig.json","816","0f80a4810d71f933c5226d2d23ae4849cf89616aa0929b35c5d72819ac6dbd40"
"art\source\final_weapons\fn_fal\fal_build.py","23305","bf1d49c4eb8095642e3f7e62a8c745a56a5f4255d18e49364d97605b0a54bc9e"
"art\source\final_weapons\fn_fal\layers\_mask_overlay.png","922973","e85a59f84e3e3c0cde632b3486c63f030623dc8e5586b4391ce4b09e05f7022f"
"art\source\final_weapons\fn_fal\layers\arm_l.png","1111114","b9f402c903a14a9f35de4738d484a0e62292903a612fb004c2e5dc42c1d2c635"
"art\source\final_weapons\fn_fal\layers\arm_l2.png","380536","7546cda2982a188403b79a8997e4d39c3c1e5c4e344150af986908b0ed08f292"
"art\source\final_weapons\fn_fal\layers\arm_r.png","384574","dcaf04bc7e440f86225448c2984d7fe9ed12ffe52ddfe10dd8c148964036a1d9"
"art\source\final_weapons\fn_fal\layers\body.png","627709","e1c2ab9386353e05be640bb621cf8054635b073962c26e6cd31aadce9c1808d1"
"art\source\final_weapons\fn_fal\layers\flash.png","31617","662766263bc810ae19628cd2316a72d066cf0d39e4da0073d47ffc50b5d13e26"
"art\source\final_weapons\fn_fal\layers\housing.png","616473","b6aa73c5604e7f065727569e9e2dec3d52ab2f0c2f09831912bb815bab16f96e"
"art\source\final_weapons\fn_fal\layers\knob.png","1802418","ae4325524506e0ebdafc8512da04bd6579c1bf39e651dc6212196096a5e4ad51"
"art\source\final_weapons\fn_fal\layers\mag_fresh.png","102970","f16b7637d12a09fb434a67acad5b28fb0cbaf4fd553fb776516f32377e808168"
"art\source\final_weapons\fn_fal\layers\mag.png","102922","d0e9e08cb1936bc7ead469ad95314b0bac1b8603eab9bc57a404f6959cb8ee37"
"art\source\final_weapons\fn_fal\rig.json","763","b747fd81efcf4a8aae8f819e7e73c3aeb2dd47afee278589600d44594d5e1076"
"art\source\final_weapons\robust\layers\_mask_overlay.png","1029287","278a23f4817f62ba88585aed48cc1f747abb9e1947bf1b8933cc09d570d9a73f"
"art\source\final_weapons\robust\layers\arm_l.png","1129393","f10888079e3ce2d94217beddf64e892892aad2eca23d4e865a824a409cf94061"
"art\source\final_weapons\robust\layers\barrels.png","1978449","2c3cfaef5cb965f471001d9f93c08503c8ea87bdbf0fee4830628a99c17cbbf8"
"art\source\final_weapons\robust\layers\body.png","734414","5ea1fa443555fabd111330e002f117aa52480d5b54e1e111622ba6c50b95a0ae"
"art\source\final_weapons\robust\layers\breech_empty.png","3236076","7580fa4c4ae6924a0554a6c5bcfde8ebc3112c9b169f2fd5f5a12947736e67b1"
"art\source\final_weapons\robust\layers\breech_loaded.png","3236698","85fbc86157912dfd981526b92d270c0fde809577f88ff72f06add8f9fd0811f5"
"art\source\final_weapons\robust\layers\breech_spent.png","3236681","5b61f1a59391b50e843a9c4292316eabc0b887c3828f57ed1e7af2879b6f3e09"
"art\source\final_weapons\robust\layers\fist.png","764750","3834c8bc918e7309abd7dd844ce04fbe9d0817aa4e91c7b0774d6732c9a0b993"
"art\source\final_weapons\robust\layers\flash.png","44243","b6952e8261f2f307afe058fc56e6120591d06c023a02aefb2f41c9d5d740b8a6"
"art\source\final_weapons\robust\layers\lever.png","1977273","6ab4a8de5f144f38f25916d4106a5ca07703a8ab40aa0634a740c96a0035b570"
"art\source\final_weapons\robust\layers\shell_a.png","4471527","e438ade0f24134ba48b52b53d348d391eaa52991602a0a0442151d3b593d49e8"
"art\source\final_weapons\robust\layers\shell_spent_a.png","4118843","238b4bb31d8227e63e1fde91fa88721042b12ee7f463a5be5cd821bfb2e3f844"
"art\source\final_weapons\robust\layers\shell_spent_b.png","4118733","e09bea9286e8ad2277dfeb05a3bf0e939c15e79528eabbda4cea3b2858c2ffa0"
"art\source\final_weapons\robust\rbt_build.py","21652","258a3db9dce7bd0bf12b3f3673a9c55d2e67266ea1a1117bf58c60e58d5e89db"
"art\source\final_weapons\robust\rig.json","848","f4152c66bd54b694f190ae86771b2b8e2c16cbc2db2568f55966ac958fd48921"
"art\source\fn_fal\fal_idle_v01.png","1810931","443451ff92f118c2922b0fe6388d6be02f67685146cec00075a50759f89c8fb8"
"art\source\fn_fal\README.md","1170","0c604710461c9d419e635471d23c6dedc94a862662a5b5daaebe3a85c67931b0"
"art\source\fn_fal\RELOAD_ATTEMPTS.md","1921","7b57f8bccf61daa384dcf96f0c365329238890fc540878bf373656e1b61c3509"
"art\source\materials\admission_plaster_v01.png","2455681","24b7164f35de82eefcf908c40aabed238e29a2f2ee4a91371887f8405310b85e"
"art\source\materials\README.md","885","b74349cac53710fa8c0d867ad0d86fe43c74626f07181e783221ee0957577549"
"art\source\README.md","1229","59d57050e72d0f284166a905905ead2023b155e89b5335de7a4f2118603e059e"
"art\source\s1_audio\generate_audio.py","8144","31253ba690c7cc1789f52979a604e7a42ed813b051fa0aa0317c07357d26d7d8"
"art\source\s1_audio\generate_porte_audio.py","3484","70b61a0969773af7710d1a3daf55632b67ed58407d9bca4de48ae07d2bb806c7"
"art\source\s1_enemies\atlas.png","153133","125c54ee0f85ea655e55b20c48e55c032b7138a2e2d6d1c2c3da1703354ef7c0"
"art\source\s1_enemies\brancardier_corpse.png","38540","cdc268624f87b8a8a297517ca072702171e82b9a33506d7ad6248692b6f5477c"
"art\source\s1_enemies\brancardier_final_direction_sheet.png","1646642","552d6d1a47db3af63dd5c04c03a23a6a16ae35151fb9cd19b6c1797d72cbf508"
"art\source\s1_enemies\brancardier_master.obj","663888","e3e1d566874974517cbdbc2514f8f6247f0d58d69bda4f54feaea6b92d57a987"
"art\source\s1_enemies\brancardier_mesh.json","3269","b58f5ac786da49722c401ffb7f6936bbe1d8512d2704efde97f30c5beaa4a3ae"
"art\source\s1_enemies\brancardier_rotations_bounds.png","50473","0144f4eeeaff473c82251119f138a1636634d77915817ea8ae22cad5a2f24b9b"
"art\source\s1_enemies\brancardier_rotations.png","55785","420b407436b6d5d1555b37657b0ba4278a69e2e3e74b2e80fcf884a8bfaad655"
"art\source\s1_enemies\build_models.py","28661","f31a874ed3bebeaa89a6862bf259c934b843f76be3163726922e29cf0d2028fa"
"art\source\s1_enemies\orderly_corpse.png","29024","b81acebbf022230961762dc6edd228f60237a06efec6967c1a5fb661db1b31d4"
"art\source\s1_enemies\orderly_final_direction_sheet.png","1337335","fceb50a8967889a7863f6f64676e25b5af748cd312a6e0792d3bbf58ba5fea80"
"art\source\s1_enemies\orderly_master.obj","395520","ba6c9e5e3f061529905a341dc4c5b1703468153b2a55b5ae72a017e68768c57c"
"art\source\s1_enemies\orderly_mesh.json","3450","98c48658f77fff248c251a9f84fa3fab45efcd566fc8706a9b4ffc5329360a8d"
"art\source\s1_enemies\orderly_rotations_bounds.png","61259","73c748df0bad9a0b49fc81fc351a46e1fa9791621a78c8405c6612da1bcc53ad"
"art\source\s1_enemies\orderly_rotations.png","58153","eaf37909b1e4197e8b500052410557569b916e5f1f0e6c63c8f7c777a45216fb"
"art\source\s1_enemies\porte_registre_final_direction_sheet.png","1441243","177303d1fef2395ebc287365673cb0d1c5517e62a5a72143f2f6065b2951ced9"
"art\source\s1_enemies\porte_registre_master.obj","447052","c7f8256aaf83388e76a6e516807bc7efc6c84068054c08ce4617ff877a68bf81"
"art\source\s1_enemies\porte_registre_mesh.json","3104","8f5424df0bc8b88600ee3b5cb36060a2e8315e2f881df1554abe7d5e8336b713"
"art\source\s1_enemies\porte_registre_rotations_bounds.png","47241","bce97394fc71c3db3f81624f0cce65c17059bfd43e0d6f77d2d2a5d83240ac56"
"art\source\s1_enemies\porte_registre_rotations.png","55575","f12549127e1b5095dd4d629eaa57915a57f3404c9f6d7a9f6e5f8a0fefc317a3"
"art\source\s1_enemies\README.md","5329","2e3b72e45fb1ee07c32032ca9cf947e8442f80290178501d69ecf4bfcb372402"
"art\source\s1_enemies\s1_nonproduction_inventory.json","8137","064cc55661c42abdd9e63f0f8ee3441e765e1fa8a77fe2978c8753b61d5882bf"
"art\source\s1_enemies\validate_models.py","3879","e565f794fc68164efb506b8f0ace767e622103916fb6b002fa501a98cdaa5295"
"art\source\s1_materials\ceramic_floor_v01.png","2872275","6f45f6548d1effc6b3e57d4e4ceb61166db2ca191ea9cc176e7b12e082db1a63"
"art\source\s1_materials\GENERATION.md","1415","0ff2cc63338e34768c39d0125afe3701cfbfd6aa96bff8ecb43aaa96c89f3558"
"art\source\s1_props\assets\props\atlas.png","2132198","1a8bd444166d728986d07117ca41c397fe74b7400b5df97d4f37db9cb182ca90"
"art\source\s1_props\assets\props\bench.obj","341697","25c1a476db30228cffb6ccb1db0a937ff5ae40eeb52fb2b780bf8b6d90ba15a5"
"art\source\s1_props\assets\props\cabinet.obj","579773","f61b43822f6d08115be2330863ad9c1ae05295747bc527992379199dc559b8f2"
"art\source\s1_props\assets\props\chair.obj","274321","b850846687f1b71d0a99c7df2944f5ca45fb3db7843567faf958805069e16698"
"art\source\s1_props\assets\props\desk.obj","1037960","370113cc700d70409e68d468286c99b3e94245008613edd9e28f8496cb63c113"
"art\source\s1_props\assets\props\radiator.obj","884384","6e4b38ac06a8ac645a811390253b17eb70973ba46730d861bd0818b6f0c1234f"
"art\source\s1_props\assets\props\service_ceiling_lamp.obj","413858","31596056d7f97d765a40ff34947010d3cbc24c7099ee5c21ad30c3de8f49ffc3"
"art\source\s1_props\assets\props\service_door_leaf.obj","775516","890d558dc9d72e2ff1c1f99fb385f1f0bd37e90f72529b74c5e7b3d8db3c14d2"
"art\source\s1_props\assets\props\service_switch_off.obj","223650","6770ce0a904c6c726033f17b9907f900e1a60b7e460dfdc2371cfbf9feb8f0a8"
"art\source\s1_props\assets\props\service_switch_on.obj","223942","eb2dbf54e89ee943d29835b5b4f3036ac2f7b4bb555c0449a662554f8950d1f6"
"art\source\s1_props\assets\props\trolley.obj","564042","cf8c1ee25fff87dded0ab6f233abf32dc9d367356a25502971f6c7c7fbafd0f9"
"art\source\s1_props\PROVENANCE.md","2149","91b7e1b11f393e0f91836f354572d59a06c98c4271d3033af503af67912c22af"
"art\source\s1_props\service_ceiling_lamp.json","1215","d2f5d1a1c08a561cc159bfd1afc2eb3bb9853da6afd11d44ff717373f203b29e"
"art\source\s1_props\service_fittings.json","3290","d4c725f0c6a6764a2b200d7509fa86baffa287c17d3455a36416fdf0f4b4244f"
"art\source\s1_props\SERVICE_FITTINGS.md","3400","f99c8b35118e9ff33bdecd1f34c618e99af3518f507156742d772f1de5fa7ce0"
"art\source\s1_props\tools\export_uzdoom.py","2167","296730d953f7dbf7c22c653e7da44244e7681266afec9565034ea43228cedbb6"
"art\source\s1_props\tools\generate_props.py","16995","a8d31d99f67406324ca21b367480b227b6dcbc88f0decd5239a2b8e58259ad52"
"art\source\s1_props\tools\generate_service_fittings.py","8277","9bc4df5a42490f1e7fc74329f43a079a854d19a911ee6e809862decacadeca9e"
"build.ps1","197","1ed462b04413fa8404c4e65edf849e205f698939f885d184471f6fe3f076993f"
"captures\diagnostics\fatal-dialog.png","3601","02c2c85ca67126d627e05bfb4d8ff7963c4b57280ca134ac75a5c1eab602dcf7"
"captures\runtime\admission-review-20260910T141115.811245Z\Screenshot_Doom_20260910_101123.png","635426","82cbe5241b93eed0613aba5b6d048de26c18144261ad46bf1ab33773faa94cfe"
"captures\runtime\browning_art_final-20260911T151743.408542Z\Screenshot_Doom_20260911_111748.png","1045323","b9cea1fd2fa642ff7f0711d625ae5c481a8d70ee2303d8ffc0e22a06c39a8224"
"captures\runtime\browning_final-20260911T150739.209100Z\Screenshot_Doom_20260911_110745.png","1022655","3141c3c293dfbfae90bfd8c6e9d83396bc71acce6f843d3d39bba1a43fabb115"
"captures\runtime\browning_final2-20260911T150819.114868Z\Screenshot_Doom_20260911_110824.png","873538","b3ad53846078baf25f0cce80ae896c07572c2ae7e479c6096661e37a4422d7fb"
"captures\runtime\browning_hud_final-20260911T152510.377216Z\Screenshot_Doom_20260911_112515.png","1045238","f4df1d418c6f8034e9bab3b3e83f37a337d58f84a45dc0b5ea58b7bb0f0232d8"
"captures\runtime\closing-opengl-20260911T204914.577411Z\Screenshot_Doom_20260911_164927.png","1019054","a7696d29593573e6c6c61ca2feae24625bbaece159a3040c37600db5c2517dd6"
"captures\runtime\closing-robust-20260911T205305.149693Z\Screenshot_Doom_20260911_165318.png","1051992","c06c61c17b7a9d6288bf9d2b9c0e7a9260f896fcd0d816890b3af7d99f2d2047"
"captures\runtime\engine-gate-20260909T183728.823191Z\Screenshot_Doom_20260909_143741.png","14979","ca4977b57d19ed55e3ca361e1ec868efb6c4656301cb677d06bd4d96b117ae55"
"captures\runtime\engine-gate-20260909T211959.295344Z\Screenshot_Doom_20260909_172011.png","14979","ca4977b57d19ed55e3ca361e1ec868efb6c4656301cb677d06bd4d96b117ae55"
"captures\runtime\engine-gate-20260909T212221.752497Z\Screenshot_Doom_20260909_172228.png","15070","cb474aed7532d8989ec6fbf4e14dd940521e7cc4cadbaf64a61ccd9d73322628"
"captures\runtime\engine-gate-20260909T212420.244143Z\Screenshot_Doom_20260909_172427.png","15070","cb474aed7532d8989ec6fbf4e14dd940521e7cc4cadbaf64a61ccd9d73322628"
"captures\runtime\engine-gate-20260909T213102.603536Z\Screenshot_Doom_20260909_173109.png","14979","ca4977b57d19ed55e3ca361e1ec868efb6c4656301cb677d06bd4d96b117ae55"
"captures\runtime\engine-gate-20260910T135001.089326Z\Screenshot_Doom_20260910_095011.png","14979","ca4977b57d19ed55e3ca361e1ec868efb6c4656301cb677d06bd4d96b117ae55"
"captures\runtime\engine-gate-20260910T135232.450867Z\Screenshot_Doom_20260910_095239.png","14979","ca4977b57d19ed55e3ca361e1ec868efb6c4656301cb677d06bd4d96b117ae55"
"captures\runtime\engine-gate-20260910T140122.096939Z\Screenshot_Doom_20260910_100128.png","560860","12515419fca3233ada8958264e83a9ff488205fb155221ee64839138af241962"
"captures\runtime\engine-gate-20260910T140410.265702Z\Screenshot_Doom_20260910_100417.png","465657","1833ae1a518192a93a529b63190aa7caa45371f2c6df338591ff99f58311aaa5"
"captures\runtime\engine-gate-20260910T140513.177095Z\Screenshot_Doom_20260910_100519.png","509930","8367d51b1e877718e8b18fa0906d26868a49febe986bcbd93fc5d5b1b728658f"
"captures\runtime\engine-gate-20260911T150919.518051Z\Screenshot_Doom_20260911_110925.png","1072990","0177e6b24d1018e9e07a58854e363cd808d52d207dc95927df7dd07fd14641a9"
"captures\runtime\engine-gate-20260911T151719.508204Z\Screenshot_Doom_20260911_111725.png","1041703","dbb5be10a69a2b971132219c8bd414176e965625c2688ba2d71da884c60dc404"
"captures\runtime\engine-gate-20260911T151843.386512Z\Screenshot_Doom_20260911_111848.png","1045323","b9cea1fd2fa642ff7f0711d625ae5c481a8d70ee2303d8ffc0e22a06c39a8224"
"captures\runtime\engine-gate-20260911T162057.605503Z\Screenshot_Doom_20260911_122103.png","1072495","f4e4e88e50f4b7156a40a8c3c40bb61f014ea90b0c9b99b8192e1ab2f8d13e0c"
"captures\runtime\engine-gate-20260911T162236.628093Z\Screenshot_Doom_20260911_122242.png","1045238","f4df1d418c6f8034e9bab3b3e83f37a337d58f84a45dc0b5ea58b7bb0f0232d8"
"captures\runtime\engine-gate-20260911T162308.708481Z\Screenshot_Doom_20260911_122314.png","1072495","f4e4e88e50f4b7156a40a8c3c40bb61f014ea90b0c9b99b8192e1ab2f8d13e0c"
"captures\runtime\engine-gate-20260911T162321.299427Z\Screenshot_Doom_20260911_122326.png","1072495","f4e4e88e50f4b7156a40a8c3c40bb61f014ea90b0c9b99b8192e1ab2f8d13e0c"
"captures\runtime\engine-gate-20260911T162427.281462Z\Screenshot_Doom_20260911_122432.png","1045238","f4df1d418c6f8034e9bab3b3e83f37a337d58f84a45dc0b5ea58b7bb0f0232d8"
"captures\runtime\fal_final-20260911T150739.223659Z\Screenshot_Doom_20260911_110744.png","873477","e471d2b486ac7e04628481fbc8c579c35002fd8ac34eff136d258748a240ce95"
"captures\runtime\fal_final2-20260911T150836.901070Z\Screenshot_Doom_20260911_110842.png","1111294","e1ded2b645ebdebe02117441420d4a6465e7ba6ae0456105fda637859c2e7098"
"captures\runtime\fal_physical_final-20260911T162250.540133Z\Screenshot_Doom_20260911_122256.png","1110789","64b49abf3d5e3f9fe1ba9985a3e8763c70f10efe3c2122e4dc3db7e8dc4cc404"
"captures\runtime\final-admission-1280x720-hud100-combat-20260910T141459.328421Z\Screenshot_Doom_20260910_101506.png","697314","113ad5635de455f786b82d08080f9d6679496409d824da36f48ad9a4b539031c"
"captures\runtime\final-admission-1280x720-hud100-neutral-20260910T141450.966632Z\Screenshot_Doom_20260910_101458.png","664100","c026a25182cc043ef90496f9bc1b230c39c899ad1e87cd747eb9e7e0a5ab406e"
"captures\runtime\final-admission-1280x720-hud125-combat-20260910T141515.975394Z\Screenshot_Doom_20260910_101523.png","682490","4b87ba3e22ce7c030895d789d40fb5515b9996a735614fa50347803aec49fccb"
"captures\runtime\final-admission-1280x720-hud125-neutral-20260910T141507.648957Z\Screenshot_Doom_20260910_101515.png","649513","106d6f362772401d3fabc46a2326ac494badc96b9a14fcf0ea56a992dd7588ab"
"captures\runtime\final-admission-1280x800-hud100-combat-20260910T141532.633685Z\Screenshot_Doom_20260910_101540.png","763196","0cb7d0815460925103a144aac972ac32c6cf2cde62f4a10fc61ab6b16f56ad71"
"captures\runtime\final-admission-1280x800-hud100-neutral-20260910T141524.298947Z\Screenshot_Doom_20260910_101531.png","727224","44d88a8cb88f1eed0da8cb8d395d05949e7584109a11a9f8aff4e094eb71af90"
"captures\runtime\final-admission-1280x800-hud125-combat-20260910T141549.328770Z\Screenshot_Doom_20260910_101556.png","747944","95b70b2605539cac13f2672c3cab20fb805010b2d2fa6c89b42f056f669fe508"
"captures\runtime\final-admission-1280x800-hud125-neutral-20260910T141540.996486Z\Screenshot_Doom_20260910_101548.png","711478","2649cd7ebe40da2eaf3fab5923adffde0a8af6951111c7ad62b1266cb433baf7"
"captures\runtime\gold-first-pass-20260910T211434.448803Z\Screenshot_Doom_20260910_171440.png","648253","3a254bf4cf98505c2093089263914d196567acca6c4ca08a8818682d73f6e035"
"captures\runtime\gold-map-smoke-20260910T211405.119914Z\Screenshot_Doom_20260910_171423.png","648253","3a254bf4cf98505c2093089263914d196567acca6c4ca08a8818682d73f6e035"
"captures\runtime\gold-material-smoke-20260910T211936.175892Z\Screenshot_Doom_20260910_171941.png","674730","4fcc1fe767612cb0873914f375b243fa9fe40da71e8b20875e76174279b2799b"
"captures\runtime\gold-route-doors-20260910T212206.598713Z\Screenshot_Doom_20260910_172212.png","909262","c70e2849b10d8b866e87462c99d08ef89152be134fadce49e32063f093b0df8e"
"captures\runtime\gold-route-final-20260910T211801.427598Z\Screenshot_Doom_20260910_171807.png","648260","23c3a204ce5e001665978462eda7c1fef7d64665d29aaf40b7daa1d8675d69da"
"captures\runtime\intermediate-precompile-5734c275.pk3","3988443","5734c27529fc17ac3792d00616774dd0e06e989049890f4550b7817c4794baf3"
"captures\runtime\manual-m0\Screenshot_Doom_20260909_143327.png","699","0257b8efee13dfcdd8f3211b31f7e5472726b45115b36331f8e3c17634ca511f"
"captures\runtime\material-review-20260910T141309.602222Z\Screenshot_Doom_20260910_101317.png","664100","c026a25182cc043ef90496f9bc1b230c39c899ad1e87cd747eb9e7e0a5ab406e"
"captures\runtime\migration-newroot-20260910T175640.854962Z\Screenshot_Doom_20260910_135648.png","1062612","0b255cd823527892ae76da33810dfa6cdfa4acc68c9eba881d70ebc9cbdd3f83"
"captures\runtime\physical_fire_final-20260911T162131.049051Z\Screenshot_Doom_20260911_122136.png","1144680","329c670f99d65b32bc8725805adbd6dc8c8cfc4ac5fa45bc7def756f7c27eb33"
"captures\runtime\probe-opengl-20260911T204929.415744Z\Screenshot_Doom_20260911_164943.png","1019054","a7696d29593573e6c6c61ca2feae24625bbaece159a3040c37600db5c2517dd6"
"captures\runtime\probe-opengl30-20260911T205002.636279Z\Screenshot_Doom_20260911_165016.png","1019054","a7696d29593573e6c6c61ca2feae24625bbaece159a3040c37600db5c2517dd6"
"captures\runtime\renderer-vulkan\Screenshot_Doom_20260910_095304.png","106557","dd013399e5c1c2dc027d81f781fc0eacee7cc04329e0b3324ac962c06c06aca6"
"captures\runtime\robust_art_matrix-1280x720-hud100-combat-20260911T150316.258794Z\Screenshot_Doom_20260911_110321.png","1072523","6c1d5a51639f2ac1df56d9cfc4536c3fd4b28f5f608e8bc346db3fe308cc670e"
"captures\runtime\robust_art_matrix-1280x720-hud100-neutral-20260911T150309.713571Z\Screenshot_Doom_20260911_110315.png","1072523","6c1d5a51639f2ac1df56d9cfc4536c3fd4b28f5f608e8bc346db3fe308cc670e"
"captures\runtime\robust_gold_final-20260911T150722.269667Z\Screenshot_Doom_20260911_110727.png","1314612","49cdd5da18553e01793ce88e721a4950b1f8c84faf1719cb604f9027532f8082"
"captures\runtime\robust_gold_pass5-20260911T150114.518060Z\Screenshot_Doom_20260911_110120.png","1074323","614f0dee10fcd80f21e00c8dcf67a40ef3bbc8830bd0b303335c4a2946a3a044"
"captures\runtime\robust_gold_pass6-20260911T150248.333570Z\Screenshot_Doom_20260911_110253.png","1038554","c97c5bcdf616dca047822b17c79a27614c604483acef4a4c65598137b600c9c0"
"captures\runtime\robust_gold_pass7-20260911T150411.600419Z\Screenshot_Doom_20260911_110417.png","1072477","1e161a7a0d568d176b0609da25d4a09cd427e8065f2610dce7359e585baac9d8"
"captures\runtime\robust_gold_pass8-20260911T150502.824125Z\Screenshot_Doom_20260911_110508.png","1072477","1e161a7a0d568d176b0609da25d4a09cd427e8065f2610dce7359e585baac9d8"
"captures\runtime\robust_mechanism_final-20260911T150902.461551Z\Screenshot_Doom_20260911_110908.png","1041703","dbb5be10a69a2b971132219c8bd414176e965625c2688ba2d71da884c60dc404"
"captures\runtime\s1-before-16x10-20260910T165251.911743Z\Screenshot_Doom_20260910_125301.png","727224","44d88a8cb88f1eed0da8cb8d395d05949e7584109a11a9f8aff4e094eb71af90"
"captures\runtime\s1-before-16x9-20260910T165241.456369Z\Screenshot_Doom_20260910_125250.png","664100","c026a25182cc043ef90496f9bc1b230c39c899ad1e87cd747eb9e7e0a5ab406e"
"captures\runtime\s1-final-1280x720-hud100-combat-20260910T164355.165225Z\Screenshot_Doom_20260910_124402.png","1128647","c54e9c265ff8bf0c4eea72a810b9cd8258d4616017e97fbf14780a1626875c9e"
"captures\runtime\s1-final-1280x720-hud100-neutral-20260910T164348.144661Z\Screenshot_Doom_20260910_124354.png","1062612","0b255cd823527892ae76da33810dfa6cdfa4acc68c9eba881d70ebc9cbdd3f83"
"captures\runtime\s1-final-1280x720-hud125-combat-20260910T164412.114393Z\Screenshot_Doom_20260910_124419.png","1100103","da976e1786d7e0081217cd162e492e96af26f56d93d96a856e6ab05163b8fbce"
"captures\runtime\s1-final-1280x720-hud125-neutral-20260910T164403.652991Z\Screenshot_Doom_20260910_124411.png","1034733","c1f944bca8b019617ff4fc7ff584355bf6e72571ff822096512fdf5710bb79b8"
"captures\runtime\s1-final-1280x800-hud100-combat-20260910T164429.070739Z\Screenshot_Doom_20260910_124436.png","1256161","f58b0da8a00b076cc2f64aef58cc0ef65e489db8b6a1e75af1379b2498a91af0"
"captures\runtime\s1-final-1280x800-hud100-neutral-20260910T164420.597628Z\Screenshot_Doom_20260910_124428.png","1185342","bd5da7dea2b58b6844a4fd65adaef0158b2a03334d489b3afc45a41ce68bdd8d"
"captures\runtime\s1-final-1280x800-hud125-combat-20260910T164446.042218Z\Screenshot_Doom_20260910_124453.png","1227181","0131d56a656b1b234c6424fb47fac56b9d5d8221cbd51c97b40ffe1ed4a997a4"
"captures\runtime\s1-final-1280x800-hud125-neutral-20260910T164437.536268Z\Screenshot_Doom_20260910_124445.png","1156879","c019a0fc8691c5fb53ce51d587e22f8b6db7392767782b5fd250a4d44cd64a25"
"captures\runtime\s1-final-candidate-20260910T164322.136169Z\Screenshot_Doom_20260910_124329.png","1062612","0b255cd823527892ae76da33810dfa6cdfa4acc68c9eba881d70ebc9cbdd3f83"
"captures\runtime\s1-first-playable-20260910T155304.857172Z\Screenshot_Doom_20260910_115312.png","656072","73c8e5cc7626d93a45d471f3d0b17ea8105267472be7f29aea4c9867325912d0"
"captures\runtime\s1-impact-near-wall-20260910T162853.288539Z\Screenshot_Doom_20260910_122900.png","403819","a61cf3f351f2ff26fcc7a4f2b12673a71efb4362f73c1c670001442bc56f3f58"
"captures\runtime\s1-release-1280x720-hud100-combat-20260910T170841.848898Z\Screenshot_Doom_20260910_130849.png","1128650","f697de6f1ec9f20984039bb78c890707de4e10d5f60db2a4d062e4119e866d8d"
"captures\runtime\s1-release-1280x720-hud100-combat-20260910T171537.405981Z\Screenshot_Doom_20260910_131544.png","1128662","2b7624dca6fe3e8c02fabf9651410068086f53e686e3e6aceab1fdbf3c992165"
"captures\runtime\s1-release-1280x720-hud100-neutral-20260910T170657.271974Z\Screenshot_Doom_20260910_130704.png","1062612","0b255cd823527892ae76da33810dfa6cdfa4acc68c9eba881d70ebc9cbdd3f83"
"captures\runtime\s1-release-1280x720-hud100-neutral-20260910T170833.180911Z\Screenshot_Doom_20260910_130840.png","1062612","0b255cd823527892ae76da33810dfa6cdfa4acc68c9eba881d70ebc9cbdd3f83"
"captures\runtime\s1-release-1280x720-hud100-neutral-20260910T171529.159782Z\Screenshot_Doom_20260910_131536.png","1062612","0b255cd823527892ae76da33810dfa6cdfa4acc68c9eba881d70ebc9cbdd3f83"
"captures\runtime\s1-release-1280x720-hud125-combat-20260910T171553.843269Z\Screenshot_Doom_20260910_131601.png","1100094","0f8cca88d4fd03f3d7e8bbd7949561824c427bf51f1ada2cdf67579c109b630c"
"captures\runtime\s1-release-1280x720-hud125-neutral-20260910T171545.603446Z\Screenshot_Doom_20260910_131552.png","1034733","c1f944bca8b019617ff4fc7ff584355bf6e72571ff822096512fdf5710bb79b8"
"captures\runtime\s1-release-1280x800-hud100-combat-20260910T171610.164292Z\Screenshot_Doom_20260910_131617.png","1256163","9d233d3b4c09039db5c933f5cfe244ab8c0972b20fd2fb626eecfded7f113d1a"
"captures\runtime\s1-release-1280x800-hud100-neutral-20260910T171602.025970Z\Screenshot_Doom_20260910_131609.png","1185342","bd5da7dea2b58b6844a4fd65adaef0158b2a03334d489b3afc45a41ce68bdd8d"
"captures\runtime\s1-release-1280x800-hud125-combat-20260910T171626.444671Z\Screenshot_Doom_20260910_131633.png","1227184","4b4cce3d87be0dc05d894dc1010cb831edc9d4cf9a1a4a475ccdbfe5c4378508"
"captures\runtime\s1-release-1280x800-hud125-neutral-20260910T171618.305866Z\Screenshot_Doom_20260910_131625.png","1156879","c019a0fc8691c5fb53ce51d587e22f8b6db7392767782b5fd250a4d44cd64a25"
"captures\runtime\s1-scene-integration-20260910T161604.187697Z\Screenshot_Doom_20260910_121611.png","789057","fc61f4d2687a50c191a1023d9985ca8e566b045373230595a040ae87f9db00a1"
"captures\runtime\s1-video-real-20260910T162725.693894Z\Screenshot_Doom_20260910_122731.png","1128552","8d203674414fe5566b4af380636182bf0c73cbadb75965f4a17d4aae27ad9e66"
"captures\runtime\s1-video-real-20260910T162725.693894Z\sequence.json","6913","dd22b2ddbd949942734d00043937f0bbad456551590c47686bd1ae7019018263"
"captures\runtime\s1-video-real-20260910T162725.693894Z\transient_analysis.json","562","780dfd8cb5b33a277aeff29c5744eb414392a251bdde34dc30da6b7297f0993d"
"captures\runtime\s1-video-real-20260910T162725.693894Z\video_midpoint.png","516616","95ede6715fca59f6e875a0997335fdbcc06d8f8f41ff628cecdbd95025b72353"
"captures\runtime\s1-video-real-20260910T164628.745446Z\Screenshot_Doom_20260910_124636.png","1128652","acb1e62e65d63be42e6593d4c783bbf046d6cb4d7a8106e6aadc8abfa7b9817e"
"captures\runtime\s1-video-real-20260910T164628.745446Z\sequence.json","7591","9ed6f12a33c317ba8e77e669901884b651ef53b0547f747261542f327280914b"
"captures\runtime\s1-video-real-20260910T164628.745446Z\video_midpoint.png","510341","bb9cc0526682bcfb08635778d2ec0bfeca565d8374b8f3af36480f7c15198bf8"
"captures\runtime\s1-video-real-20260910T164753.284017Z\Screenshot_Doom_20260910_124801.png","1128651","f1def35ddb51c40a14ab3df6541f2a84ea11f6bc4bed5e1646d46e3874738b9c"
"captures\runtime\s1-video-real-20260910T164753.284017Z\sequence.json","7595","214dbff386ba7d1653b64492eb9129908273efce82d8db231c8e796711eb08bf"
"captures\runtime\s1\fal-rejected\background_extraction.png","2267739","b0e65fc637ae9f62ac426d3c4f1cfefec82b8632fa8d1dcc9277f0dcc5086595"
"captures\runtime\s1\fal-rejected\mag_grasp.png","2578457","3275c09d4b45f9ae45d34a2c89dee99c50900ed56bbecf6e527af40bc39a1242"
"captures\runtime\s1\fal-rejected\result.json","577","02b9ddf2d21fa5486201686f97eecb8801f07ed12cf467a5787ac7982910e60c"
"captures\runtime\s1\input-smoke-03\Screenshot_Doom_20260910_123324.png","1251377","2f2363d29faa733d4f88f0f3d86086237d839f8734ee609c7006503886005911"
"captures\runtime\s1\reference-audio-final\offline-review\e01_cleared.png","204216","37e74c17667aab4076c8e4fe811a44626f4767907fdaf76596019bf8a8596176"
"captures\runtime\s1\reference-audio-final\offline-review\e03a_cleared.png","159884","975e30660d52d8387b4aa906d1f05bb95948fec76f319e832809cc4f34761f65"
"captures\runtime\s1\reference-audio-final\offline-review\e03b_cleared.png","195985","e8db47f341827f6f78c5e29a56554eed15f8db1bc40058fdc7a1f9bb87758697"
"captures\runtime\s1\reference-audio-final\offline-review\empty_cycle_complete.png","190325","ccec91de20afaa1ce5bd5ddb69ef57e470bf8fa7449b94a3a0f68d8a24d9064d"
"captures\runtime\s1\reference-audio-final\offline-review\empty-reload-native-output.wav","960078","0db1b936f1463ac3bd59a3ea68df5f0105a3a8928f99a6213babd4a64b33d849"
"captures\runtime\s1\reference-audio-final\offline-review\exit_used.png","305895","ddc04e000b7ce98174084de5fd6208476e2f7ac53737b3922dd546004c14db4c"
"captures\runtime\s1\reference-audio-final\offline-review\partial_cycle_complete.png","161974","7e050c8a08d0f124f45439c79a75740c29623a3f94a2f42fa09f242d0e3036f7"
"captures\runtime\s1\reference-audio-final\offline-review\partial-reload-native-output.wav","768078","6cce18f181a3528c54182d910fc9acb36e924f0117a2630124156611b1220346"
"captures\runtime\s1\reference-audio-final\offline-review\sample-0.png","185237","5b97c4c243d1218496f135afacd8c46a2ed07ebde5cf72c1d094b0dcaf59c515"
"captures\runtime\s1\reference-audio-final\offline-review\sample-120.png","169396","a7044ab2a92208326bbe582f6c3d94ae09b7f6ae2486669c348c47f2899a2136"
"captures\runtime\s1\reference-audio-final\offline-review\sample-150.png","187174","9e00e5231f0f17c9747248f73a19382b222a79835b41ececdd27acefa9b98d04"
"captures\runtime\s1\reference-audio-final\offline-review\sample-180.png","306203","9b066a25bdd6353047ee9f27b137ce8dfd53772f00f9985a22ece3a5ac8f4eca"
"captures\runtime\s1\reference-audio-final\offline-review\sample-30.png","215432","9d7f1258941f3be40d718fad250a5c3a097fcee878fc89a67e6761b0fd3e2d0a"
"captures\runtime\s1\reference-audio-final\offline-review\sample-60.png","130841","b0c04238a9c82a77eb15e9eecce890a428ad518ff95b1a4fac7e5812f1ef5420"
"captures\runtime\s1\reference-audio-final\offline-review\sample-90.png","157327","504f6126557ec4fcac4f01c4147121c6ee3a264b2c0d366809d26f5e4587876b"
"captures\runtime\s1\reference-audio-final\offline-review\service_switch.png","89755","a1dd876043bfa853a310521b3844a95774bd79ecf3dfc5cce1c0e106e6858f50"
"captures\runtime\s1\reference-audio-final\offline-review\shortcut_switch.png","108098","ae9613f88a98fe6fa2cbf92b2424d00d6c06712a3af256ea6ae59f9f06b16553"
"captures\runtime\s1\reference-audio-final\Screenshot_Doom_20260910_130238.png","1043744","09c9c1c75afc53e86fad54fc430305f614076fa6759b00622ee6d949812f56d3"
"captures\runtime\s1\reference-audio-final\Screenshot_Doom_20260910_130241.png","1042641","e539891719f4d494fa587e754566c90414deada32864e0bd99da0aa9aa76b37d"
"captures\runtime\s1\reference-audio-final\Screenshot_Doom_20260910_130300.png","1143546","6f0d5bcf86f9d34ced36ffba6b865e1bb1150906b24cee60101810b41c09da47"
"captures\runtime\s1\reference-audio-final\Screenshot_Doom_20260910_130303.png","1222741","01385e0e305367abd9741f9468d1ca6a71cb6f567854955af92aaef765586898"
"captures\runtime\s1\reference-audio-final\Screenshot_Doom_20260910_130307.png","1035429","07a78a110a6391526c8ee82dba437b42c6736a07ac1c204a6303f378f69f2a1d"
"captures\runtime\s1\reference-audio-final\Screenshot_Doom_20260910_130311.png","1092903","0e38f05a3c628ade5316aedd056a145b5e3c4ee90c505fb0d320af58e9ff766a"
"captures\runtime\s1\reference-audio-final\Screenshot_Doom_20260910_130316.png","1303725","ca394e71f596e969009ccea429e8957f821aefe83ac1663d782108bbcbdb4f22"
"captures\runtime\s1\reference-audio-final\Screenshot_Doom_20260910_130320.png","1611189","ea81395b93e72e26886055b20526b4a60ccd4b823f27c1de5ce641e175926790"
"captures\runtime\s1\reference-audio-final\Screenshot_Doom_20260910_130338_01.png","675704","b3e62df92034cd7e5ccd9a133b2f0a01e933372dae34e1f52364cd7263b7b3f1"
"captures\runtime\s1\reference-audio-final\Screenshot_Doom_20260910_130338.png","586210","6b83e707eb43f4d024562c1b1e3d90f774d17b4bc377a4968686fca51337682f"
"captures\runtime\s1\reference-audio-final\Screenshot_Doom_20260910_130347.png","601845","d35f1469fa8897f687ce865e2aa84640ae2a27ba1b54ed55360da7db208e041f"
"captures\runtime\s1\reference-audio-final\Screenshot_Doom_20260910_130350.png","712136","b023d79750e450f2359bed19dfe2a0401b3c45a6bcd3d9aa6a7c5525072d4e51"
"captures\runtime\s1\reference-audio-final\Screenshot_Doom_20260910_130357.png","395817","f64c2c6f397dc27f8a1475d7a4be509edfc1ac5763182ec9e22e0eefdfd4e43b"
"captures\runtime\s1\reference-audio-final\Screenshot_Doom_20260910_130414.png","881564","e977ad96516a6290b3892bdbe4d00ada792a2de7977f02a925bc2e793bb70111"
"captures\runtime\s1\reference-audio-final\Screenshot_Doom_20260910_130415.png","821306","1bddd64e68df9a47761ee88347f01ecd28b333fa445610fbbbda05d5620286a5"
"captures\runtime\s1\reference-audio-final\Screenshot_Doom_20260910_130421.png","567945","59338599b73acd64d3846754b0fdf7469c0c814ad94c7d55d8c22483490faee5"
"captures\runtime\s1\reference-audio-final\Screenshot_Doom_20260910_130422.png","495728","0165153d943ed2b9069888e6a92b4c5d3263e597578a9181502d894a684b3d70"
"captures\runtime\s1\reference-audio-final\Screenshot_Doom_20260910_130427.png","759516","035303869a175b337988362dace53e183d995867a057e26de3eb109fd97408ee"
"captures\runtime\s1\reference-audio-final\Screenshot_Doom_20260910_130440.png","679572","5a002ffc44ac62d692730efbe28b8b24ade93463210974960cbc90b6ec42038a"
"captures\runtime\s1\reference-audio-final\Screenshot_Doom_20260910_130500.png","793610","ded72e5d81ad9270dae937490645e98c6329d9e7636321ea40a165f7100d0445"
"captures\runtime\s1\reference-audio-final\Screenshot_Doom_20260910_130511.png","414302","9ee316e6073eb4bfca9efee4dbdfd5a8cd8bdad519c7cc872789ced4a69bd507"
"captures\runtime\s1\reference-audio-final\Screenshot_Doom_20260910_130517.png","978591","4e46f4605d8145c0c1f3e2c4e75b9e0922e2f2f009d8978fd64a7d8030e0dbb5"
"captures\runtime\s1\reference-audio-final\Screenshot_Doom_20260910_130529.png","377444","6b037138cf234d5a87e18cfa37080f31ac192881cb70d416e0a20da260be37a6"
"captures\runtime\s1\reference-audio-final\Screenshot_Doom_20260910_130533.png","1719403","6f0200dd135b825729affd07bf0f87a32cde3a035ace442bfbecff378c55add2"
"captures\runtime\s1\reference-audio-final\sequence.json","7587","33bd46f760fee923f200ccc677ce63812a8ae0ce382a6a88c5c8ee41a5740385"
"captures\runtime\s1\reference-final\Screenshot_Doom_20260910_125351.png","1037398","5dd8438b2fa17213f7a0ff7f6af18882d753efe39fae9ff695d7818e088af1f2"
"captures\runtime\s1\reference-final\Screenshot_Doom_20260910_125354.png","1035495","aac36b907c12de3b066053dcdaa7c913260e3cc5f95bfb2cbf8a4702b42289f8"
"captures\runtime\s1\reference-final\Screenshot_Doom_20260910_125413.png","1142862","274279fe95dc9f75e974fa376172eb79c6c73a97a425c9c305470282a479440e"
"captures\runtime\s1\reference-final\Screenshot_Doom_20260910_125416.png","1225644","146d5a23b9633ff790028918d6fdd7edfcd088ad9f9911a719c2ab7297f1e3de"
"captures\runtime\s1\reference-final\Screenshot_Doom_20260910_125421.png","1045277","3b40a4255186cc4224adcfad9a68bd2a03a73a1329ea9e683661f0c5faa778e7"
"captures\runtime\s1\reference-final\Screenshot_Doom_20260910_125427.png","1102084","b9a03ac807da4366a8353abad4c4acd425091132b5b419ad8fba1b70654245a3"
"captures\runtime\s1\reference-final\Screenshot_Doom_20260910_125432.png","1280517","f930912d2e52a5b22af16155f4e27b804b7914bdfc1c83f0ee76237d79ed3a9a"
"captures\runtime\s1\reference-final\Screenshot_Doom_20260910_125436.png","1486436","18931b378abf771d6d210148750817d0ed2239df347668f05257b94e156c38f6"
"captures\runtime\s1\reference-final\Screenshot_Doom_20260910_125451_01.png","665870","6ccaf4218ee8b2df6447eda2b93e65d33692d17afa3209e5156b9b4729b08175"
"captures\runtime\s1\reference-final\Screenshot_Doom_20260910_125451.png","591569","bb279c1f43998e9c0ce89eb23886513629892b599531b8d2f8cdb81b9dd75c30"
"captures\runtime\s1\reference-final\Screenshot_Doom_20260910_125500.png","600974","2a43c7fe24c93f4f20d00a6760a19d182afb1c9eac035f38d3c670a3f4f6f90f"
"captures\runtime\s1\reference-final\Screenshot_Doom_20260910_125503.png","705018","581fb5e6cf570a7a39edba9cbdcbfbdf8468c730e44eb36a5aa18eee1514984a"
"captures\runtime\s1\reference-final\Screenshot_Doom_20260910_125510.png","356131","9d62ba3a5986b92052a67a3f8938f696168176bb440894209864f6869709f372"
"captures\runtime\s1\reference-final\Screenshot_Doom_20260910_125527_01.png","786095","f21d7ffb58cdfd421900f00d44febb2530b25854a7224285df8dcc4eaf6317ed"
"captures\runtime\s1\reference-final\Screenshot_Doom_20260910_125527.png","822350","69afdaf97ad70e76414ba71ced6b24eea60a9e1ec82dd9e155e1150219da253f"
"captures\runtime\s1\reference-final\Screenshot_Doom_20260910_125534.png","581872","70793cb10e83e8f64148737946a31a04a06b8844a2c56a93348039a8b20c16fc"
"captures\runtime\s1\reference-final\Screenshot_Doom_20260910_125535.png","482667","186ea9c570bf38ad33ecff2d124cc0052c109f474acc9754279ca02210063ac4"
"captures\runtime\s1\reference-final\Screenshot_Doom_20260910_125539.png","792862","0d5e5af5f49b5d2b4670cd3e7d6fcc073f1ba6cfa085ccb5477e15b530406c3b"
"captures\runtime\s1\reference-final\Screenshot_Doom_20260910_125553.png","707569","618a8483f2dfa806309c57d865c501aa63a617fe8e126ef14bd5d11916b9bafb"
"captures\runtime\s1\reference-final\Screenshot_Doom_20260910_125610.png","607720","02294161d578c32f8ea48b89e7eb5da0b9db01ebf2c73da2dc93ab39bebe33d5"
"captures\runtime\s1\reference-final\sequence.json","7576","02418a7131c60364cd9fbe312cddbd43292fcd0b7a35b7dc5c4fc8365b38442e"
"captures\runtime\s1\reference-release\offline-review\e01_cleared.png","202764","bf67d67627afd327a590ca11fd63dd2ea6cef66aaf8807fa3c22effbc085db02"
"captures\runtime\s1\reference-release\offline-review\e03a_cleared.png","159682","66cf63f47cc1df18fc21d167a7fbc3ef6b52f5a500d1679a798f23a16e145a93"
"captures\runtime\s1\reference-release\offline-review\e03b_cleared.png","140842","dc201942df85f292db52249094d08f555fa3d5300da11c331d691293be55aa3e"
"captures\runtime\s1\reference-release\offline-review\empty_cycle_complete.png","188223","7a57048a046a0d85f6bf0950c23ec59de8852dcfde591af15aa8d504802dd5da"
"captures\runtime\s1\reference-release\offline-review\empty-reload-native-output.wav","960078","c0a11ce488338e108a41bc983b4bcda1b9e6a2203b56041206d294e52712fe30"
"captures\runtime\s1\reference-release\offline-review\exit_used.png","308554","a5ca85f83a7183f41ffd5127180f393ecd211a0ef30a851bcc966d07fb1d10b0"
"captures\runtime\s1\reference-release\offline-review\partial_cycle_complete.png","176165","b518bc8d6e00e050a00c6cbaa1cb4b686bc8bb9e65b48dcac513919ae17b5b76"
"captures\runtime\s1\reference-release\offline-review\partial-reload-native-output.wav","768078","92b69990f935261772a552e7bda996cef30263d3f5412275b4631ffc7efa4240"
"captures\runtime\s1\reference-release\offline-review\sample-0.png","182927","83fa153e06c15470755f8a811af8ca993a9a627510e681bd93b8ce732f33d9f5"
"captures\runtime\s1\reference-release\offline-review\sample-120.png","111024","be5d9546a78515f8030821ce0187d2f96d5f601cb07f8358b2cf05c8d43a64d1"
"captures\runtime\s1\reference-release\offline-review\sample-150.png","170632","ce1828d871265cc649e9aceee411892ccd3ed9835d79bf5396b276743c9c85b5"
"captures\runtime\s1\reference-release\offline-review\sample-180.png","308403","750cb3a135d950f9f183b13420bdd1eb31705076627ae90ecaf4f21c55001011"
"captures\runtime\s1\reference-release\offline-review\sample-30.png","215032","7ae63b437c6c3c62e7c0a46201b76346694fb0b15eb49f0e41d40967f0ab6a5b"
"captures\runtime\s1\reference-release\offline-review\sample-60.png","160755","d8571780c3fa98d1bfbe450b020db926fc0f86837c305aa4de59c1baec4b2ea2"
"captures\runtime\s1\reference-release\offline-review\sample-90.png","144472","762dc0928e8785bc165a62bd042b745dceb9e85156de613be3074009c654bf4f"
"captures\runtime\s1\reference-release\offline-review\service_switch.png","158994","6fb1614d4933bffb5f6a83cc142eae11328f4a0d186092bca4cf7721660fc42f"
"captures\runtime\s1\reference-release\offline-review\shortcut_switch.png","188507","357864bf4bde27dc7a62e8fafbd5693d9f2248270d16592551e89342d7691200"
"captures\runtime\s1\reference-release\Screenshot_Doom_20260910_131048.png","1039276","fcee08b56a6d8c99e85ebcc395127b058c53a603eca05de96617e6b9550774a0"
"captures\runtime\s1\reference-release\Screenshot_Doom_20260910_131051.png","1036929","4a231f211d57a18dada2103e2c0c7982cb3470823a0ed362491fafab81e2da11"
"captures\runtime\s1\reference-release\Screenshot_Doom_20260910_131110.png","1142589","c89f9f20481dc74b9a0edc6759d4f752e7634d133ca6881e29c642cf3ba708e4"
"captures\runtime\s1\reference-release\Screenshot_Doom_20260910_131113.png","1222562","b0c71be7ed02c0111840212ff1a7534a17a765ddadd8072606b877e6e6d8bc47"
"captures\runtime\s1\reference-release\Screenshot_Doom_20260910_131117.png","1036333","00043a1f7fd2e2bd67c25fcb838e1fdbd14ea13da31763fb4b50a269a7012661"
"captures\runtime\s1\reference-release\Screenshot_Doom_20260910_131121.png","1093564","9e20b56ae63c2a9c3891716031344ac949b9f64bd8cdee614257bf9eab5d9cc8"
"captures\runtime\s1\reference-release\Screenshot_Doom_20260910_131127.png","1301958","f7750221bb10908de201fa7fd7f7f78b5c3ddf252753a4afedf0a97fcfbe118d"
"captures\runtime\s1\reference-release\Screenshot_Doom_20260910_131130.png","1511721","0dccd4673deb058ef72f454a2f2383cb0afd6e6af5f1bec98e3717171124b3fd"
"captures\runtime\s1\reference-release\Screenshot_Doom_20260910_131145_01.png","667863","244d7ff5e37149ff315c26c21bb8dcc701c10a58970e34ad6bcf01f930b83d03"
"captures\runtime\s1\reference-release\Screenshot_Doom_20260910_131145.png","614604","caf100267fe8435cd2f0d2c5e38f951dcf585bc4756bb6e512d877f7d8f227ab"
"captures\runtime\s1\reference-release\Screenshot_Doom_20260910_131154.png","611332","968cf69e11b4425ddb25ba14fc541908ac3beef221d39bd0e58a6937d6cae1e5"
"captures\runtime\s1\reference-release\Screenshot_Doom_20260910_131158.png","710862","178f81a89f24a440598aaa3b20f5b79364a1bb25b90dff4296f0630c29c97459"
"captures\runtime\s1\reference-release\Screenshot_Doom_20260910_131204.png","355834","74c7bed849d7033e94f2c21f842345ab6913936ed7515ed6041a656b86789362"
"captures\runtime\s1\reference-release\Screenshot_Doom_20260910_131221_01.png","819482","d09773ecf062242246098315acfd3d9f1a851a909a0209b6264bec8d5e0880c3"
"captures\runtime\s1\reference-release\Screenshot_Doom_20260910_131221.png","764395","f2b3459298169de3de3f02c1362b5fae79f38c7ee222a6f2d0981389c3120dcd"
"captures\runtime\s1\reference-release\Screenshot_Doom_20260910_131227.png","587739","2bd5fa8237f822aebbd1fcf501f019a5e149b874bdd99858af4882940d9f3faf"
"captures\runtime\s1\reference-release\Screenshot_Doom_20260910_131228.png","493818","a2418ebc3beb20fb3bf5d48af971a70c1f926f344aa9cd5aca1454ed92a7c0c8"
"captures\runtime\s1\reference-release\Screenshot_Doom_20260910_131232.png","853133","b032695c242b7aabdd924072e4d6a2b870c824fc561642a49c5deafa0bdd6112"
"captures\runtime\s1\reference-release\Screenshot_Doom_20260910_131245.png","700807","f0f66353238b26bb51f7332ffc20a5e73f52ba0e8b507a4479bd7e00367394b4"
"captures\runtime\s1\reference-release\Screenshot_Doom_20260910_131307.png","720321","636820fc74346b723f320e73f5a074344adb04d00c7a041b24c171231fb60e0e"
"captures\runtime\s1\reference-release\Screenshot_Doom_20260910_131319.png","461691","444220716ad67e083e2ffbe387b4dbf1c99b0d91c0d4d04f6ddd63b09396e22d"
"captures\runtime\s1\reference-release\Screenshot_Doom_20260910_131325.png","977322","054f22e8370c607c16f7313635466fdbd083452b0b4e976e7ae32d34da895cad"
"captures\runtime\s1\reference-release\Screenshot_Doom_20260910_131338.png","382088","b4e11f54619d13d1eb15814368521c2aef5632bec68b76fda5a3151c2bd73f2c"
"captures\runtime\s1\reference-release\Screenshot_Doom_20260910_131341.png","1719403","6f0200dd135b825729affd07bf0f87a32cde3a035ace442bfbecff378c55add2"
"captures\runtime\s1\reference-release\sequence.json","7587","5d84b0e2ed3b9b89da497aa10cd1ecf1557f96671fa8c75225baeb50744770ae"
"captures\runtime\s1\video-actual-shots-20260910T165152Z\Screenshot_Doom_20260910_125206.png","1090204","ff395f2c6af3f8262f7650aeb01e239152ce2cfafa3883b5743b1286863d58d8"
"captures\runtime\s1\video-actual-shots-20260910T165152Z\sequence.json","7589","0c5818ff107ba4421c4d912155086fbdb6f0cf134318640f39a8b21ddbef39c7"
"captures\runtime\s1\video-actual-shots-20260910T165152Z\shot-0-flash.png","58155","827c33dd0f3ec4fc69cb5ea079e959f2fd28e9325422814252d93c6a37dd84ac"
"captures\runtime\s1\video-actual-shots-20260910T165152Z\shot-1-flash.png","58116","5632dd698b52a534f5b7610552d546cfbe2832b98ee367de83b6288f789304e7"
"captures\runtime\s1\video-actual-shots-20260910T165152Z\shot-2-flash.png","58415","62cdf14dc25bb50ebea84576293b499774a791e4fe925b5df12701977ba0e0d0"
"captures\runtime\s1\video-actual-shots-20260910T170124Z\Screenshot_Doom_20260910_130138.png","1090197","617800b6a99be07be06ec9b79883fb3177493027f594f3c352ae2e7b65d78ddf"
"captures\runtime\s1\video-actual-shots-20260910T170124Z\sequence.json","7594","3086d25a1bfd888ce4b9830cda69b3d0aa1213dfe93ce46ebf7eaa1ead6223b3"
"captures\runtime\s1\video-actual-shots-20260910T170124Z\shot-0-flash.png","58486","19093e02f5e5799560982b6b0930c981bd967e5bb3a04b6b202c9c1e5e23a9b1"
"captures\runtime\s1\video-actual-shots-20260910T170124Z\shot-1-flash.png","57857","bf3a3c58cc1dbffebe66b63cf29169e2f185e4f9f46b4620d946ced8f74aa2a7"
"captures\runtime\s1\video-actual-shots-20260910T170124Z\shot-2-flash.png","57990","8cec310b2d7005febc12d8866db9ac8e511ccf76166be154ff1e3b2ae3724c72"
"captures\runtime\s1\walkthrough-01\Screenshot_Doom_20260910_123440.png","1135889","47179b01477820eadf5018ec82aa536811ecc76f1e27417d0168d25e12a2d694"
"captures\runtime\s1\walkthrough-01\Screenshot_Doom_20260910_123444.png","1198943","21182adc8abc32c7f94cfad6f64dbc6fdb377f4c73f80c8f5f03bd81729f9775"
"captures\runtime\s1\walkthrough-01\Screenshot_Doom_20260910_123522.png","1300881","b250299270cb3a398a4ee1977083c75c4a0489dfd3a99dbc86fdebfe263ae84d"
"captures\runtime\s1\walkthrough-02\Screenshot_Doom_20260910_123708.png","1038332","adc04b4f9d2b688d968ccd351f205e5a8327cf302b6dc35ca0c6c05448c2e175"
"captures\runtime\s1\walkthrough-02\Screenshot_Doom_20260910_123711.png","1041545","dc298fa2e518459e4855d111f3bda4286711845d560ce37bdd129acc9276b8f1"
"captures\runtime\s1\walkthrough-02\Screenshot_Doom_20260910_123713.png","1556056","c258a2f40c4b60512b49e5b0fe757e3f639d90ca6775ef9ceadac440e9a99fc1"
"captures\runtime\s1\walkthrough-02\Screenshot_Doom_20260910_123730.png","626135","9f858d9c1fe57b40959e575fe2519285fcb49e3da8a0ffaad595d392bf4cf449"
"captures\runtime\s1\walkthrough-02\Screenshot_Doom_20260910_123739.png","362282","d403a52a24bc2a8f00f97203beb5263eba2fe621655468f163bb7979dcffad5d"
"captures\runtime\s1\walkthrough-02\Screenshot_Doom_20260910_123749.png","634835","0b2429d0da36e684f54ab717cb27dffa2cc56cb6eb8dd58532d257c636852f0a"
"captures\runtime\s1\walkthrough-03\Screenshot_Doom_20260910_123847.png","1054228","e57d9919dcf08e5e1c6f652e7949a95c8e886e2898f6e1526880cf6051cae0cd"
"captures\runtime\s1\walkthrough-03\Screenshot_Doom_20260910_123850.png","1053497","0b5268d96f8039b112970633dc3479dd20a6d511e4d110de544289d034d29765"
"captures\runtime\s1\walkthrough-03\Screenshot_Doom_20260910_123852.png","1607932","453e81c0023b0dd7738fe218355cd270c6039fab6a90ec37a05c8f2f685d4b61"
"captures\runtime\s1\walkthrough-03\Screenshot_Doom_20260910_123906.png","621444","3191efeed28e2db024dac29ff64f62e6ce27d8aac04779deaa0a51b19c87ce6c"
"captures\runtime\s1\walkthrough-03\Screenshot_Doom_20260910_123916.png","361522","09f32ddbaaa5d0d30891baaf21ef55009b5606536989189d4833a73ec803c259"
"captures\runtime\s1\walkthrough-03\Screenshot_Doom_20260910_123935.png","757650","86866e023540a67cdebf23d88ea93a632f20158e574a9cb5cdc3940cfe635e00"
"captures\runtime\s1\walkthrough-03\Screenshot_Doom_20260910_123938.png","588369","f820eb7083f49eb229831512f2a25d0104949bf5ccf7618eca26e3f61512d3d8"
"captures\runtime\s1\walkthrough-03\Screenshot_Doom_20260910_123958.png","754458","4a055dc4784f7b02852e4d59b30d91fbc2f9bb3867f02923b4a4e6ca6a23e380"
"captures\runtime\s1\walkthrough-03\Screenshot_Doom_20260910_124002.png","411217","c7e14daec381bcdd7b3d9462e265cf5c5e8b8a290990b42c17c7d388097470ba"
"captures\runtime\s1\walkthrough-03\Screenshot_Doom_20260910_124008.png","975168","e2456357db5c5185969893d2f5e94f95660111032fd30983e9ab9138d3713608"
"captures\runtime\s1\walkthrough-03\Screenshot_Doom_20260910_124022.png","378472","3e9f6854b7360a21ac17d64434c8306553cbc8538ef21a953a00dd34856ca4c1"
"captures\runtime\s1\walkthrough-03\Screenshot_Doom_20260910_124025.png","1719403","6f0200dd135b825729affd07bf0f87a32cde3a035ace442bfbecff378c55add2"
"captures\runtime\s1\walkthrough-03\sequence.json","6955","ef61bcf44ba1adb2a69ab734f957e6ef9fab01b20bba7232d011fd7adaac06b7"
"captures\runtime\s1\walkthrough-03\video-analysis\frame-000.png","4349","c75a2ed02c9febc37d11a8a8d1dfdf9fbb232f93391776012defca490618ea6f"
"captures\runtime\s1\walkthrough-03\video-analysis\frame-001.png","4349","c75a2ed02c9febc37d11a8a8d1dfdf9fbb232f93391776012defca490618ea6f"
"captures\runtime\s1\walkthrough-03\video-analysis\frame-012.png","4349","c75a2ed02c9febc37d11a8a8d1dfdf9fbb232f93391776012defca490618ea6f"
"captures\runtime\s1\walkthrough-03\video-analysis\frame-050.png","4349","c75a2ed02c9febc37d11a8a8d1dfdf9fbb232f93391776012defca490618ea6f"
"captures\runtime\s1\walkthrough-03\video-analysis\frame-090.png","4349","c75a2ed02c9febc37d11a8a8d1dfdf9fbb232f93391776012defca490618ea6f"
"captures\runtime\s1\walkthrough-03\video-analysis\frame-100.png","4349","c75a2ed02c9febc37d11a8a8d1dfdf9fbb232f93391776012defca490618ea6f"
"captures\runtime\s1\walkthrough-03\video-analysis\frame-150.png","4349","c75a2ed02c9febc37d11a8a8d1dfdf9fbb232f93391776012defca490618ea6f"
"captures\runtime\s1\walkthrough-03\video-analysis\frames.json","1391","cc5ba4496de2564d632345faf8228bcae27f5beaa253d4bd1a8e4076e57b4db8"
"captures\runtime\save-gate-20260910T140722.971555Z\Screenshot_Doom_20260910_100735.png","1834283","f0b4a0e2967be91bf578c3f1646aa71270a01256975dfa4afe20515d36882210"
"captures\runtime\save-gate-20260910T141712.703859Z\Screenshot_Doom_20260910_101725.png","3703499","13c0342b66fa9074178b9a0b7e14eb2bbcf311a9e835b4734edd132a9343a2b2"
"captures\runtime\save-gate-20260910T160147.711439Z\Screenshot_Doom_20260910_120200.png","4337609","d915c68a1a1290de18324870563b077e5affe48d6a486ade93ae7768c620b35f"
"captures\runtime\save-gate-20260910T160252.119244Z\Screenshot_Doom_20260910_120303.png","3879705","638cc7829cb1cd4067230c435109e27ac91eaea7eb5525c3726a820896d87be8"
"captures\runtime\save-gate-20260910T160459.583700Z\Screenshot_Doom_20260910_120530.png","2010781","75715871f1671cd25540ceea6ac3f67b05bef7226b029303f543184f33813794"
"captures\runtime\save-gate-20260910T160707.174875Z\Screenshot_Doom_20260910_120742.png","3495374","2754acadca7f509d0fbf0f40a487d568f63149cfb3be4a6139675704f21bbe59"
"captures\runtime\save-gate-20260910T160820.645843Z\Screenshot_Doom_20260910_120855.png","3879658","2b845029291d9864354ea4bfb0e99d077f6488b1de241a6b81a531c0c8cca845"
"captures\runtime\save-gate-20260910T160942.280459Z\Screenshot_Doom_20260910_121015.png","3879658","2b845029291d9864354ea4bfb0e99d077f6488b1de241a6b81a531c0c8cca845"
"captures\runtime\save-gate-20260910T164459.663287Z\Screenshot_Doom_20260910_124534.png","6349111","b4a45ca3471b1cbb3d4b44500a60ee2b431d598719bd27641f786e98f26fa500"
"captures\runtime\save-gate-20260910T170941.027728Z\Screenshot_Doom_20260910_131016.png","6349111","b4a45ca3471b1cbb3d4b44500a60ee2b431d598719bd27641f786e98f26fa500"
"captures\runtime\save-gate-20260911T204947.839072Z\Screenshot_Doom_20260911_165007.png","6459634","3cd902324db6b80ec07d218a4692a3b54a5579ba862f8a05590030f59f61ad95"
"captures\runtime\save-gate-20260911T205047.390317Z\Screenshot_Doom_20260911_165105.png","6459634","3cd902324db6b80ec07d218a4692a3b54a5579ba862f8a05590030f59f61ad95"
"captures\runtime\save-gate-20260911T205113.665369Z\Screenshot_Doom_20260911_165154.png","6459675","210b105454f596b5ccd1c964aeea696df41426dd6960bb3cda24dfeedef81ea5"
"captures\runtime\save-gate-20260911T205344.925681Z\Screenshot_Doom_20260911_165402.png","6459634","3cd902324db6b80ec07d218a4692a3b54a5579ba862f8a05590030f59f61ad95"
"captures\runtime\save-gate-20260911T213515.654428Z\Screenshot_Doom_20260911_173556.png","6463939","ff41eff5cb5df58c7fc78e1ec602074210d83b1d9b8fefa489de3b0e8595a8d5"
"captures\runtime\save-gate-20260911T213931.494325Z\Screenshot_Doom_20260911_173949.png","6463902","3a432efec5e35fc35f00cd8ec390c2a10fc838c055cd5be9ad5387b9fd21d595"
"captures\runtime\three-weapons-boot-20260911T143843.157841Z\Screenshot_Doom_20260911_103859.png","756901","84c577169e1e790f391c8743e231b9c77512b2bc110b0109f5dfeee5a34d1c37"
"captures\runtime\three-weapons-boot-correct-20260911T143915.528810Z\Screenshot_Doom_20260911_103921.png","756968","6411564aa1bc427011c797802398a9bcb45b08f99fe7eddc56f0081130c9d0c0"
"captures\runtime\validation-breakthrough-browning-20260911T213435.854756Z\Screenshot_Doom_20260911_173448.png","1102369","70900c999c4bc463301571f13b4f3cdc10c94c8411dc25a79741bfd751c824ab"
"captures\runtime\validation-breakthrough-fal-20260911T213412.586250Z\Screenshot_Doom_20260911_173425.png","1089053","f4f75abfab59eb4037eac5b305b00d1013c5c6579daf11971151fd3e8d4ff83b"
"captures\runtime\validation-breakthrough-robust-20260911T213453.339205Z\Screenshot_Doom_20260911_173505.png","1124170","b60ba15704ff9a63f89dc3099cc10eb69cf7d3a547be2d5ff740bdaf2644a13a"
"CHANGELOG.md","587","9239633156214dd6e8b3e0858a1be4e6cdb1415031300b5fa6271b1d142206f3"
"dist\package_manifest.json","33925","93f131998da0cba79b36794785a27fb8883caefa554b686710e3577f4a4e0a05"
"dist\RedFlags2_Source.zip","13184555","569d165f02e2d4b8b759c8fbc26bb183bdba8425bd3a52ca1eb69ec6ce836b2d"
"dist\RedFlags2.ipk3","3986483","cfe4e7eff271ff067a44c5a1cd6a2a64f5131321f8f5c9b928c5709e87033cfb"
"dist\RedFlags2.pk3","24307656","cd9aaabab687569745535fc2783f72767051b9ee90b34a35f9b707a3291300d8"
"docs\ACCEPTANCE_GATES.md","4145","9cb184fb200116863a7865e7443f370857e1a961b9028bfffe5a306706cadb98"
"docs\AI_WORKFLOW.md","2287","cd8b46f5365e22c28e97cae62dc475f5f10f5620498bbd053fb446f02abe3d8c"
"docs\ART_BIBLE.md","3397","a29351ee41f2aaeba78a513fa0d03ad44a95cbe2efe3134f75007aa675d561a2"
"docs\AUDIO_BIBLE.md","2221","0a77d374ccb72861e4e9745ee530e0b1538e3840111c26b554ee7b8ddad8868f"
"docs\GAMEPLAY_BIBLE.md","4359","b124fdd7297d9e6671a5d6a0494c0240db8a878e722e1f62b75a079107f09011"
"docs\LEGAL_ASSET_POLICY.md","1694","76d53727954d8d988f4ce4d462cd8c61759a21522c6d4b942b62698d151bdb14"
"docs\MAP01_BIBLE.md","4232","2d87f9186c5e79404fe35e3aa188f467d28398034dbe6dac3112c2ea193d6f29"
"docs\QA_MATRIX.md","2585","0ad6718330649206d96e7f8d051ebe1d97533319d7b82fec82ad80d931824971"
"docs\TECHNICAL_ARCHITECTURE.md","2928","8f91b6aedc59d2946a48b20b632f0d81938135fd44cc4f135b74298133079244"
"docs\UZDOOM_5_NOTES.md","2295","82d092c14d0f163bea9c23c32acb1383cc9ac4ccfd02ec9b7dc48e219ae1ff80"
"docs\VIDEO_RECORDING.md","4654","abf4fbab96e3bd84a2880c39db675605f65b77a5f4e3973bacc3366b597bfea3"
"docs\VISION.md","2139","5394792d1505994925cc2e2ffeff887f1c9e72a7d08857926637a76c14f7afe9"
"docs\WEAPON_PIVOT_CONTRACTS.md","7540","3355b3a603d547fa4b687d2510421264352d5c47a6c02e77eb46586876763005"
"docs\WINDOWS_WORKFLOW.md","3363","dc2263c8dfe344607964ed056800a0d413fe90b84b07d00dc5093c8b4762d052"
"FOUNDATION_MANIFEST.json","29571","ddd8e96988fff01f5a4ec68794b3bd6daa8a4843b6252f3ee1c1b5529aa55067"
"LICENSE.md","858","20e253dc6871ce115375116a3d05c024ea7cdab49124499799dc515cb01e3f79"
"project.toml","611","e0179d412079b45072830a2d8208091efa58be420d644bd4da5c9864f7f8f97c"
"PROMPT_MAITRE_FINITION.md","25939","d935817cdca7ad0bb300966ef23b429b489be2480c8026bde1974ea904ce75e3"
"prompts\CODEX_TAKEOVER.md","866","1415d4aaeb0416411f2faf534548ef91f7cb0edcc17ee506e87e35f171f28ac6"
"prompts\FABLE_ART_PIPELINE.md","1065","b60a9b5af3ea546347fa395a276474a693b1377522c636a56a85026e7fc121c3"
"prompts\FABLE_AUDIO.md","621","1f3dd5fbed5797567bd0f9dd9aaa53399aea6de8cad358f6da71829c23305a87"
"prompts\FABLE_FAL_SPRITES.md","735","75522440342a4f6f8f3a4198fc44d53adfc6856ddd6f911e7fc2f7f27b69838d"
"prompts\FABLE_MONSTER_PENITENT.md","615","e4dfb718c0ecef27ac023ce8bc1ff21ec433ab393f3994dd8ac595973ccadbd4"
"prompts\MAP01_POLISH.md","535","4c252f8025eb171b66e3ddabc0fc7102bc4ea5f19f400cf3a25f314c9bf1a503"
"props_contact.png","493139","42aac8565bc504c2701812ac2ed5794d0e19b64b957118f419faa846eb4032d6"
"QUALITY_REPORT.txt","1322","f97e5b850e5dc72bc9ae40db90cd305079353ecbddf8889c62755a593d05692f"
"README.md","6173","f14dae3c5736a62ee7f00e71ab88ff6a206ccece228cad4f1c3dff622735544c"
"RedFlags2_ArtSlice_0.1.0.pk3","3975655","6eabde1035d598f09f34db89a21813d8eecb8cd0e3334aa343f0460a234cb1d8"
"reports\breakthrough_2026-09-11.md","1542","bbd46595811595f8c09b5a6b2ae92585c8e26ea575f3fbda2845dfe88bcd8274"
"reports\closing_pass_2026-09-11.md","990","241b35425d95a0bee1a04fd26c72307e2b8dce1984b1e42a903e2085fba01059"
"reports\current_gap_analysis.md","7395","cfdb64a94f77e1a626eb2620d1dd0a64bc90d3062fe78f1f313ad438853c0171"
"reports\final_art_production_2026-09-11.md","6464","b1e10204d49a2933ec3dbfe8f6e560115545830283acfc117667e1b749548e40"
"reports\initial_audit.md","12041","7cbfdde0bbd8246759afceccfd20fc6eb97b3d46e8058bf29db0c11a566741b1"
"reports\MAP01_GOLD_REPORT.md","5599","5c696c24d3c897d1a244ccdefd1a2d478e46a39add3075071b3080ee1cddfa62"
"reports\mosin_reference_audit_2026-09-10.md","3236","8c63aca8b8c08a0e7cd806c7746e244e8eafa23aa122c272acfa181cfb038885"
"reports\runtime\admission-review-20260910T141115.811245Z\command.txt","523","914870386da451e407d7f88821262378a3c0e16645c12e1de2f55da5a0a2f546"
"reports\runtime\admission-review-20260910T141115.811245Z\result.json","1770","5a3cfb11af60c7de8bc4ef8cd64dcdbcc931abf1c81bf15a37f8b5ba3eee17d5"
"reports\runtime\admission-review-20260910T141115.811245Z\uzdoom.ini","19845","3607f85848bdb67e31c53e889a86c466fc312f3cc43484580d5aa7b9894a6b20"
"reports\runtime\backend-test.ini","19796","ec86945cae30978b96d6bc830b6d5b22da5c8b7e564236b15606422666ab0fcf"
"reports\runtime\before-resume-20260910T141406.614927Z\command.txt","537","dbd508e52ef1495815e9204dbf1fd35be559e8e34ef5af0720f4d82c95cc4045"
"reports\runtime\before-resume-20260910T141406.614927Z\result.json","4637","41dd7078ab197b3b5d6db0dcab7636a1ea38449942541ef23f1750217c87431e"
"reports\runtime\before-resume-20260910T141406.614927Z\uzdoom.ini","434","9d615905839b1dc3134b18a5b7e31728ce3182926acc99f95cc4f317f449c07d"
"reports\runtime\browning_art_final-20260911T151743.408542Z\command.txt","447","d5c9b648af1846e45a0e857e99b890f9dc9341093c493fa8d60e0091a9a94e3f"
"reports\runtime\browning_art_final-20260911T151743.408542Z\result.json","1783","56023286a772b4ea34eced66ab5d90e13389ba4ad87c9fc772e8d2ae0787d7e3"
"reports\runtime\browning_art_final-20260911T151743.408542Z\uzdoom.ini","19875","77388d496c850afccabaa939ac1f8ef0b3bc1c4ad801f8cab222ba9e3079b2ec"
"reports\runtime\browning_final-20260911T150739.209100Z\command.txt","443","524e415dfd0930c7e4df28c2102aaafeca4e7dbc3a0e46856961247ec9fe7a74"
"reports\runtime\browning_final-20260911T150739.209100Z\result.json","1812","cf6a61fbba863ffe3bb62d7e44b23ed278dddbf13108936398ac46b7d0b65132"
"reports\runtime\browning_final-20260911T150739.209100Z\uzdoom.ini","19871","fc077935ce33f5fea62e6328c7768a1aaa6a433396219303b3c0f2157668b530"
"reports\runtime\browning_final2-20260911T150819.114868Z\command.txt","444","d9c70bffbf0ff30f447cf7ae1b5fbd2b350dc17ef9ddc46ab44af8b0d80e04bc"
"reports\runtime\browning_final2-20260911T150819.114868Z\result.json","1777","4b1aac44da121f4ee25d28f07bed599c82c8f142bede4b2f8e1b4c75f145cf61"
"reports\runtime\browning_final2-20260911T150819.114868Z\uzdoom.ini","19872","22ea0cef93a37ad824b212854fb3667c4c95ddb8a5366e744d58be6d7d6ac824"
"reports\runtime\browning_hud_final-20260911T152510.377216Z\command.txt","448","175d6540698faa84d876dee4a1e4adb76853839d8dd40b2121f3ef13e562e704"
"reports\runtime\browning_hud_final-20260911T152510.377216Z\result.json","1784","4594d842096b6bd0b42b68fbdbea68b3af909278e31d5634ce0a4fee6e02f403"
"reports\runtime\browning_hud_final-20260911T152510.377216Z\uzdoom.ini","19875","a36b7d2512ae9565227cd4bb46d0c2c0e56743eb9693d85960e736498e45ac98"
"reports\runtime\closing-opengl-20260911T204914.577411Z\command.txt","457","5e05fb66eb5fa451705ab37147b5412efe1bd23c2324e3ab3707f3edc5837730"
"reports\runtime\closing-opengl-20260911T204914.577411Z\result.json","1766","cec9c7bfa7480fcaf418b76daafc60fdc85c336fec2818f69a96d23affd94ff9"
"reports\runtime\closing-opengl-20260911T204914.577411Z\uzdoom.ini","19872","2bc61e25e996e6acd24d8d11c779f63a98a93712248d7202949614e81ff268ff"
"reports\runtime\closing-retest-20260911T204818.219893Z\command.txt","457","f0ffb538f8b62a1783e3d201bce7e1706aa486491f73a802350836f8f2ad7597"
"reports\runtime\closing-retest-20260911T204818.219893Z\result.json","1567","112cae7610b6e4bb6ce2e921252b30a010db584f96f94f23e3c36dd96c16591c"
"reports\runtime\closing-retest-20260911T204818.219893Z\uzdoom.ini","513","d3601e58315a0abf62f1ead799ff5395d3eca797f77ce7f3a18b9ccf5607ece0"
"reports\runtime\closing-robust-20260911T205305.149693Z\command.txt","488","78dede51588a5f0d565e425f2c228de449dab2977fcf27c134b1877a4bbbcec7"
"reports\runtime\closing-robust-20260911T205305.149693Z\result.json","1780","6129bb921a40d17e4e3ee17154ad6ca43723e759645a7147927af62e7f413474"
"reports\runtime\closing-robust-20260911T205305.149693Z\uzdoom.ini","19872","211c570b84dadc2a1344de39f19b0dfbf50699a47e92d0d5e0a39333db18a314"
"reports\runtime\engine-gate-20260909T144248Z\command.txt","387","d3b35536a2688d01fcf0c4265cda9f9e0e01b476e5768852733701fe79e0e862"
"reports\runtime\engine-gate-20260909T144248Z\result.json","78","cc06e2bf21eb12b1c73907427137a353aafedc0ee3fd102ab4d4882be9b491ba"
"reports\runtime\engine-gate-20260909T144708Z\command.txt","372","f967982427eec5669b49bf13c9bef6d0943ca184acfed149139c23b056a936dd"
"reports\runtime\engine-gate-20260909T144708Z\result.json","78","546c57c0d31890b03bb4f30e11e24e28e6896ad606995734d1fb8c4aa75e2b03"
"reports\runtime\engine-gate-20260909T144801Z\command.txt","372","c3e4ab2deb92c4f4d30525ba31bf430b34fbcf06d64508110ba6d3b25485e6cc"
"reports\runtime\engine-gate-20260909T144801Z\result.json","78","5bf85ff218536176ceddccce4f084b55fb188e1d950e776068940d778c544cc6"
"reports\runtime\engine-gate-20260909T145048Z\command.txt","372","dfdd93c5b116cdb4e7f06616e1b5ff6ee943a0b8d9f9e637bf4a9443898a7794"
"reports\runtime\engine-gate-20260909T145048Z\result.json","78","8be105f191719d199ea3d81745c6b3acbdd838a1af6df870de3dcd713860e294"
"reports\runtime\engine-gate-20260909T183728.823191Z\command.txt","397","5db49f2b64862061d856bd1ee269087e1aaf54fea1fb86d3811b46ac13e0fd14"
"reports\runtime\engine-gate-20260909T183728.823191Z\result.json","1403","45f8458fdcdbf0eba99e9f60bc4cd99e44d9b611e61bdc4a4e6d791f2d14c32b"
"reports\runtime\engine-gate-20260909T183728.823191Z\uzdoom.ini","241","5ff25184da434fbe57acbed7bc720a1ad60e0ff3e308320dd27bab4afc83b4f9"
"reports\runtime\engine-gate-20260909T211959.295344Z\command.txt","397","d39da833190db1e40c20879f02190792f90aaa75b745833844af9907cc7f83d2"
"reports\runtime\engine-gate-20260909T211959.295344Z\result.json","1403","6b93f8181e2641c4d2f2a2407833bd9865858d14725f3af56c47517e50bbc276"
"reports\runtime\engine-gate-20260909T211959.295344Z\uzdoom.ini","241","4513e6c84c23de7d81100ffe666b52add2c694cd65e1c211003cf9de4bb52069"
"reports\runtime\engine-gate-20260909T212221.752497Z\command.txt","397","58942f299cdf25e29ed90311cc1132d6253e02150b50ff4c8d5e1c3a0d6aee08"
"reports\runtime\engine-gate-20260909T212221.752497Z\result.json","34054","1b54597813409923c42b48a665c2b16610595d58141083a02a586843210de013"
"reports\runtime\engine-gate-20260909T212221.752497Z\uzdoom.ini","286","6744544501b9874df247aef856e8e6e29078c537456ca167dbabacd1d1ce3366"
"reports\runtime\engine-gate-20260909T212420.244143Z\command.txt","397","18495463dcdc123d94e257bb73efac0a2106c4d70a658d5b4ca504499e2c6abb"
"reports\runtime\engine-gate-20260909T212420.244143Z\result.json","1500","b172d1493f48e14bb7bdf7c20800b10ba45740f049154a789ced72cf082a2121"
"reports\runtime\engine-gate-20260909T212420.244143Z\uzdoom.ini","312","511d53ef72cd9516b867b6943eefdb4148994a429f88c7b6c75e606c023759d9"
"reports\runtime\engine-gate-20260909T213102.603536Z\command.txt","412","32577367893b63c143577757609d640160192b9f2a26af3530dfe999435677da"
"reports\runtime\engine-gate-20260909T213102.603536Z\result.json","1430","28c47d69a71cdf2b8511777706c8180277e2059f02c46595765b46a6efbb64d7"
"reports\runtime\engine-gate-20260909T213102.603536Z\uzdoom.ini","19836","4c68fc275c354392fbee0814b0d965075f1ce9be6f611908e23cdf4a6834f920"
"reports\runtime\engine-gate-20260910T135001.089326Z\command.txt","412","c16ebd649c1e4e490f5b1a2efceb1c58ce23b5b9e9cfc270b15bbd5c335276ca"
"reports\runtime\engine-gate-20260910T135001.089326Z\result.json","1431","257fe19a0baabfe762b0f0ebb2f672a9688997cfb81488e89a4f7fc28cc10579"
"reports\runtime\engine-gate-20260910T135001.089326Z\uzdoom.ini","19836","78b397cfdc9417a60bd22be12fc1c984681de0bc3771be768d6b8b7ddbfe2b4d"
"reports\runtime\engine-gate-20260910T135232.450867Z\command.txt","412","6cda2fa2008d337f3640dcacd25208f9fe62e38b14774f6c2cc657a2b0488599"
"reports\runtime\engine-gate-20260910T135232.450867Z\result.json","1428","372af7a2b91fcc6ac5198cf7bfdaaddc5dca4ba8386e5efca877f42bb97c194f"
"reports\runtime\engine-gate-20260910T135232.450867Z\uzdoom.ini","19836","a5ec1fca2360bb7580b5090dd2357a5d1012a152bcc4d9b1ff9f2c62ebfe1c29"
"reports\runtime\engine-gate-20260910T135754.147700Z\command.txt","542","4a872b16a920a3444b7d5caee00ca8c35f33e3292543afb80772a62f1f30e95c"
"reports\runtime\engine-gate-20260910T135754.147700Z\result.json","4525","8ab7a44faaab5d969970e3b0ac3c19bc4c45d6686b96cdf7f96f09dab08e037a"
"reports\runtime\engine-gate-20260910T135754.147700Z\uzdoom.ini","432","3e020aedf8d14113723dcaa10381f98210bda9dc6f625ef2fcdb3a1cb5c3e92f"
"reports\runtime\engine-gate-20260910T140122.096939Z\command.txt","542","e6772042249eb5bf6ac06c64fdcf61a722403e29424a550e649c94cd9468ac22"
"reports\runtime\engine-gate-20260910T140122.096939Z\result.json","1681","221f4c15af5a64d989db2eed685b7def76986e3b666dc26513f442b8981766a3"
"reports\runtime\engine-gate-20260910T140122.096939Z\uzdoom.ini","19840","46011ed48acff306a96b756c97881f8c7260013d612b21decbce35aa67879886"
"reports\runtime\engine-gate-20260910T140410.265702Z\command.txt","516","0f55d825dd50317d705fd144214488760fca3ba0d568d7183c26e09f84181378"
"reports\runtime\engine-gate-20260910T140410.265702Z\result.json","1680","64b2bddd8460e028d3ba5ba81c97846784a8d009031671113eb4c8dcb2829ada"
"reports\runtime\engine-gate-20260910T140410.265702Z\uzdoom.ini","19840","16a8a07bbe1f95b3e5a3e22824a47a00dd960256cf720ffdc64af5a309bf49ba"
"reports\runtime\engine-gate-20260910T140513.177095Z\command.txt","516","c34f1536f080aac17ee5154027ab3d1ea26b8ca35877ba70089b5ab49b62d744"
"reports\runtime\engine-gate-20260910T140513.177095Z\result.json","1680","9eb47d21fe855290d573a64f3e65c7efe9558b1db42011440c8ebe4a941eebb3"
"reports\runtime\engine-gate-20260910T140513.177095Z\uzdoom.ini","19840","bdb8bff61dba7de96a6d6ba6ddac933879781e0df760ea1652f98802849bfa4c"
"reports\runtime\engine-gate-20260911T150919.518051Z\command.txt","442","0ef50f901a521d48138e3906a46e62dd3a5ec898c41d36499ad1b3dad85e4287"
"reports\runtime\engine-gate-20260911T150919.518051Z\result.json","1772","9316a42a3373bde3d72203d4dcc7b35a9d68bb13780c91384ecbdea0ca75de16"
"reports\runtime\engine-gate-20260911T150919.518051Z\uzdoom.ini","19868","3d8703139c489fc1066b60a8d1a546cb999db32a37f1505996f9306f6e03809c"
"reports\runtime\engine-gate-20260911T151719.508204Z\command.txt","479","34d452d2a0b4390cc8278ea2723fcbac21329436a28521f83558f72b2e4aed45"
"reports\runtime\engine-gate-20260911T151719.508204Z\result.json","1761","efec0a861fbe37d804a3b6ae27712cc77d743bcb39f5a7a4073946b8b4778b97"
"reports\runtime\engine-gate-20260911T151719.508204Z\uzdoom.ini","19869","b1158c927def151c1c69fed96fbc09e61cd062d844e0824d6ca1fe5b1356e2cb"
"reports\runtime\engine-gate-20260911T151843.386512Z\command.txt","441","6b520cec75b534f042c7a130b466fcd5b90dbfe988da9d45a57dd0a5ec209e2e"
"reports\runtime\engine-gate-20260911T151843.386512Z\result.json","1770","f9271f05a78b1283569d95f87e209bdb9e8bca7b93613832eb54298a99c203aa"
"reports\runtime\engine-gate-20260911T151843.386512Z\uzdoom.ini","19868","775c2b62c0540a1afa08a088d555d0c8f0d943e5e5e757166974060ecc5bb0cc"
"reports\runtime\engine-gate-20260911T162013.392938Z\command.txt","442","cd14186b62241160cec4807b19b984612a3e1319736e5c5d6731ba22cf396e59"
"reports\runtime\engine-gate-20260911T162013.392938Z\result.json","2002","9b0ae6837a4beec0bc8ed2df7e386bce937b855f3b36f57a4f4ea7e1a3d5b915"
"reports\runtime\engine-gate-20260911T162013.392938Z\uzdoom.ini","509","108d0991be66d5304fd06ef9a4c1fee7a8ff1617c29ac56771a24314176e2366"
"reports\runtime\engine-gate-20260911T162057.605503Z\command.txt","442","54df47de3916758fc4ab186a58e1447167be5ef7210b86dea83199e2cf7f98f5"
"reports\runtime\engine-gate-20260911T162057.605503Z\result.json","1772","b4fed406d77a613f0d824aa607458b4f241bcd3fb370942c9ccb882056027884"
"reports\runtime\engine-gate-20260911T162057.605503Z\uzdoom.ini","19868","9504a280deaf8de8b4b5e8117c8745b24391f9a54b92b41964f6f0012f658270"
"reports\runtime\engine-gate-20260911T162236.628093Z\command.txt","441","be0ee08f07b591209a730c842f48b01b20673e30c4f49c762389a68e1a74ea64"
"reports\runtime\engine-gate-20260911T162236.628093Z\result.json","1770","242b03d0de6d7d9aaef970ceec16ae4cccd5eafbfcb846fa026f79f5db179d13"
"reports\runtime\engine-gate-20260911T162236.628093Z\uzdoom.ini","19868","e0a250f4b31e60fa05c8c0025e60fff64fe9961db7794646267716bd9c65f92a"
"reports\runtime\engine-gate-20260911T162249.919310Z\command.txt","442","9fa6710bd611e908e9488c582ec9a9a4e000d3fc06a60c121e75efb456e820a5"
"reports\runtime\engine-gate-20260911T162249.919310Z\result.json","1577","1930e57125525492974015094e81cb38d923e08387a12093e270cd802649de61"
"reports\runtime\engine-gate-20260911T162249.919310Z\uzdoom.ini","509","f6ae6432c47a50621c80cc9d6c0b63e36d18e4fbf1f6e23145cbc3cceee24076"
"reports\runtime\engine-gate-20260911T162308.708481Z\command.txt","460","a7f7927b94d0a42eab7b7cd4d582c0a4784e74c39a29292d810e4b4bccf0c3e6"
"reports\runtime\engine-gate-20260911T162308.708481Z\result.json","1773","998d82f3dd3992848bc12f29a4fe78e8acd427444f16ba1f80c6b1fb61d0acfc"
"reports\runtime\engine-gate-20260911T162308.708481Z\uzdoom.ini","19869","f9baa24702a84210e0f6645c66e169eb7c94f26b2b4a37796880e043115460e1"
"reports\runtime\engine-gate-20260911T162321.299427Z\command.txt","442","3af3006664cb9f7088cb0ba360299e0795bbfcc6f1a81b79ac47337acfe67206"
"reports\runtime\engine-gate-20260911T162321.299427Z\result.json","1772","a7a88851f3787d971139a6490661c3e82ff57d51e1c87e2e2ad3f06ac2624fac"
"reports\runtime\engine-gate-20260911T162321.299427Z\uzdoom.ini","19868","5b515419c16f5eef8c1ac6abfa767ff6a8392c6bedf26eccdd03a4d67ae1a419"
"reports\runtime\engine-gate-20260911T162427.281462Z\command.txt","441","ba8a5ab713083635377b250c4ba028748fee60bc03970621d8b7f3a64ea3023a"
"reports\runtime\engine-gate-20260911T162427.281462Z\result.json","1770","e08a3c9faefda471ef8c686621dc59576a32fe5f74a6f513ee6ab81da951dfc5"
"reports\runtime\engine-gate-20260911T162427.281462Z\uzdoom.ini","19868","9873d9d7ee771bf505262052a9f2c3b9fe28499070054fefa36e80f7b0ad92ea"
"reports\runtime\engine-gate-20260911T201303.652441Z\command.txt","440","ad73d90f2b6e9235bccfd3e46888b1e080067bb2df394c8def16afac9d8f60fc"
"reports\runtime\engine-gate-20260911T201303.652441Z\result.json","1884","21abcdbc710b55faee214e9a729bcc921e747118710af8a5810501c81ec77638"
"reports\runtime\engine-gate-20260911T201303.652441Z\uzdoom.ini","509","35ba95b6c2269065294803b5732741c70e2fd6451e2e4d88d9be5fa266402ef0"
"reports\runtime\engine-gate-20260911T201352.672835Z\command.txt","440","86b76f09608f1999ae18f95a679f91a28dfc22bacac1122bc12381bc227a4866"
"reports\runtime\engine-gate-20260911T201352.672835Z\uzdoom.ini","509","f20b58589363955779640b73f6d2cf1a3a4f05b57dd80137b60a5b75c74eba71"
"reports\runtime\engine-gate-20260911T201431.915846Z\command.txt","440","8f011bc0b33b11fbd83be87cb5919cddac0859e3a41f0a16810fbf2c67a9cfb9"
"reports\runtime\engine-gate-20260911T201431.915846Z\uzdoom.ini","509","a1d1c5fb36a4e8bcd0cdc75b0dcb852664c2aa665892a180d3d493d59c4ddd44"
"reports\runtime\engine-gate-20260911T201510.791575Z\command.txt","440","aad96b1dcd421062f6370dce41c153f9ef7736ea735fd60361321df39ad98ef8"
"reports\runtime\engine-gate-20260911T201510.791575Z\result.json","1602","f2689b191b41bf1017fad14ecdc5430607f0b5321a657aff2f613311f26bbe29"
"reports\runtime\engine-gate-20260911T201510.791575Z\uzdoom.ini","509","99f35ab6d658c036e7898909b5d57749f103f1bc9e0412ae7c2c57656899d76c"
"reports\runtime\engine-gate-20260911T204717.040342Z\command.txt","454","f22c6d1a1bb0243ff9078e1aa2a00f789c0ffbb98fb51a42006bc2f23b15432b"
"reports\runtime\engine-gate-20260911T204717.040342Z\result.json","1573","c852188552e97ae6e88ae5150ba0fd67a2bb4177d55fea8168c12ccbe96dbb07"
"reports\runtime\engine-gate-20260911T204717.040342Z\uzdoom.ini","510","404c95c5eb2e7955d7f4d47908eead3f8ca1a4be332cdd2c375b3d272cef51c2"
"reports\runtime\fal_final-20260911T150739.223659Z\command.txt","433","7610af5d3ea618349ba483f128494c0f18284f8446ce8e5c263defe45480d5ce"
"reports\runtime\fal_final-20260911T150739.223659Z\result.json","1826","7e667ff8eabbe5df0313f77afb2eeee3dc44fdebf916da96bd27df6b218186bc"
"reports\runtime\fal_final-20260911T150739.223659Z\uzdoom.ini","19866","ab207691399fb4cf9593cd243ff958279c17c3b0621cf038a7e5f4b84a462265"
"reports\runtime\fal_final2-20260911T150836.901070Z\command.txt","434","be3b70844baf7fb9115264b9f4bd4eed14158fa89ac2f4dcee5c103fd8edf406"
"reports\runtime\fal_final2-20260911T150836.901070Z\result.json","1756","0a20f9a262c0d9d4a20cfacee202038e418c1eff8c3d5a037b555cc3ff6e0831"
"reports\runtime\fal_final2-20260911T150836.901070Z\uzdoom.ini","19867","dfd3e453d8b6f77f3557c4e5298338811c3d9b36304730651fd2133335703cd3"
"reports\runtime\fal_physical_final-20260911T162250.540133Z\command.txt","442","5e839235b82a794f9b9135a8e46d39e598afe418cd2ccb455387c2bc52eb42b5"
"reports\runtime\fal_physical_final-20260911T162250.540133Z\result.json","1773","6e542c1f40f9edd0d11a796b8b81ade07666ed15a6b63f3b631a8a384e0f2cc8"
"reports\runtime\fal_physical_final-20260911T162250.540133Z\uzdoom.ini","19875","edb0b110d4d22023395c645f7825e48d2935a1094b9d841c20de3889bdc6c18c"
"reports\runtime\final-admission-1280x720-hud100-combat-20260910T141459.328421Z\command.txt","543","bde32aee9e9019ae1f6e1cf680e9da0ee4ba4c3ccfae647e24a496163e6ff8f9"
"reports\runtime\final-admission-1280x720-hud100-combat-20260910T141459.328421Z\result.json","1812","191f929589313106fc73a38894e2ab6f47181ce4abe6c11abe1d0332c676e923"
"reports\runtime\final-admission-1280x720-hud100-combat-20260910T141459.328421Z\uzdoom.ini","19867","31ea0311ed0eabdde5b5f812554edff1df331424fc323611cd6e9c0367ca525d"
"reports\runtime\final-admission-1280x720-hud100-neutral-20260910T141450.966632Z\command.txt","545","addbf1833ae8f92dfc9d84913124dbe6f0f33728fbbd307f829a282eae5c5167"
"reports\runtime\final-admission-1280x720-hud100-neutral-20260910T141450.966632Z\result.json","1815","83b1cab7fb5c87c5ea43cbbaee29d227899fcc4ce2c76e1bc4d6b229a9aa9742"
"reports\runtime\final-admission-1280x720-hud100-neutral-20260910T141450.966632Z\uzdoom.ini","19868","8ee6d137e40888e8c0d02caa4d847fd057cec2b893918b94bf356c70f53c5500"
"reports\runtime\final-admission-1280x720-hud125-combat-20260910T141515.975394Z\command.txt","544","49968b4168d822bf74bd2ee66db869105deb51b66c2de786868b9780ed505899"
"reports\runtime\final-admission-1280x720-hud125-combat-20260910T141515.975394Z\result.json","1813","d5ed2700dd2dc61ee0722b66abaedb5bc35d651633dbe3352d2fa5b0818ceaa9"
"reports\runtime\final-admission-1280x720-hud125-combat-20260910T141515.975394Z\uzdoom.ini","19867","7a07aea1641991401017884c97caae9cb8176fce7d02a0e43144368cfd9f9174"
"reports\runtime\final-admission-1280x720-hud125-neutral-20260910T141507.648957Z\command.txt","546","9f9665f0dada475b1374cfc8f697f4fb1b9f8f2d89188babb8fa5af1962ed646"
"reports\runtime\final-admission-1280x720-hud125-neutral-20260910T141507.648957Z\result.json","1816","32a6a1ee19defb7ebf132d57fcba87c82ce590ce502e594939673c9b60156d48"
"reports\runtime\final-admission-1280x720-hud125-neutral-20260910T141507.648957Z\uzdoom.ini","19868","a2ab87e28cd67a8b47eb6b5f0ddceff988c8a518d17480d0cff8f90722e48a10"
"reports\runtime\final-admission-1280x800-hud100-combat-20260910T141532.633685Z\command.txt","543","7dbdfc156f4d8101cf8aab503c5f702c672bfb538d1f9dac95d7497705891d23"
"reports\runtime\final-admission-1280x800-hud100-combat-20260910T141532.633685Z\result.json","1811","dbcfd2ed53ca7d81ed145ebaccc189469a96077d46aba98e7ddc1f70dfb73344"
"reports\runtime\final-admission-1280x800-hud100-combat-20260910T141532.633685Z\uzdoom.ini","19867","a463472eeead184736f1dc326ddb164e83db44c195c9c4f7b84c00d667f41e99"
"reports\runtime\final-admission-1280x800-hud100-neutral-20260910T141524.298947Z\command.txt","545","3ef5413f79ad8e8316194df10746556dd3495d5eaa50d8576cb633a3ce733717"
"reports\runtime\final-admission-1280x800-hud100-neutral-20260910T141524.298947Z\result.json","1815","763b13f55bc59df371fe08b4196f84eea8d37fe97dd17aa5e188f777d15714aa"
"reports\runtime\final-admission-1280x800-hud100-neutral-20260910T141524.298947Z\uzdoom.ini","19868","4ee3662c759a7a99cadd0f5f731285b8da77bea3965a17a9e6f7813ee09d1421"
"reports\runtime\final-admission-1280x800-hud125-combat-20260910T141549.328770Z\command.txt","544","95cbed75e7e39fc4c450b7caae5115e93a05b79c97751c3e8a50adb9f33dc8ef"
"reports\runtime\final-admission-1280x800-hud125-combat-20260910T141549.328770Z\result.json","1813","b8cd6103712b7a4ab5a4e005dc73d67d0094349708a4deeebda2b4880e08e796"
"reports\runtime\final-admission-1280x800-hud125-combat-20260910T141549.328770Z\uzdoom.ini","19867","895d3ccd48b2a57ade1b68073a35c151653bb5f281fd21029e5a2867fc200f77"
"reports\runtime\final-admission-1280x800-hud125-neutral-20260910T141540.996486Z\command.txt","546","81a4611f3771ea1c88f0d82e265bdc2d33ad85942251245a9da4afe8b6d202e4"
"reports\runtime\final-admission-1280x800-hud125-neutral-20260910T141540.996486Z\result.json","1816","b220d6748c10c92ed989a9f30ff0c417765f1d7f08b54c714abbbae6344d2ac8"
"reports\runtime\final-admission-1280x800-hud125-neutral-20260910T141540.996486Z\uzdoom.ini","19868","8b003c94c4d19d957fb87df21a84f4e6fbfb490cb67ea29d5091e50e8600e045"
"reports\runtime\final-admission-matrix-20260910T141557.686459Z.json","954","d5fa4f63e8671cd9dafacf3da50fb513712d250fbdcaf4be7168989763831471"
"reports\runtime\gold-first-pass-20260910T211434.448803Z\command.txt","440","e8376cfaaa8b5062ea74a6fac7393c1f1b0f8210d8faf05fb7bf1aa79a1d3c73"
"reports\runtime\gold-first-pass-20260910T211434.448803Z\result.json","1766","71f288adf4dfbc4c89af7991584e98c0dd7e265fd84dc7cf05d0f9af57a696ea"
"reports\runtime\gold-first-pass-20260910T211434.448803Z\uzdoom.ini","19872","51f8d30775c714f6cecde3870ab5d21230270ecd5c96212a82aca142ca8aec37"
"reports\runtime\gold-map-smoke-20260910T211405.119914Z\command.txt","457","e5e66c571875b62af9f90dab9d1617b04429c75a63545b285489e4b970f9b9f3"
"reports\runtime\gold-map-smoke-20260910T211405.119914Z\result.json","1768","363becee2c853554e987a9bbcf9c447ac3ca66bf48eece98e0f230281a569279"
"reports\runtime\gold-map-smoke-20260910T211405.119914Z\uzdoom.ini","19872","64f25f13532370dca6d8bedb13d427c3261b6f9d4183474d6755e6e5ea34a3a5"
"reports\runtime\gold-material-smoke-20260910T211936.175892Z\command.txt","443","cd281286b347dbb148368a424bede3d4377a336d2e1fef6ee6412a5828866fdd"
"reports\runtime\gold-material-smoke-20260910T211936.175892Z\result.json","1775","0f3e2b0ddee0731bb4d637c0bb711de64717f100934c13666ecbc30c9c8be4b5"
"reports\runtime\gold-material-smoke-20260910T211936.175892Z\uzdoom.ini","19876","ae81232be6cba361d287cfa57d7b2026f443298e878e65d7dcfd6cebe28a1d9a"
"reports\runtime\gold-route-doors-20260910T212206.598713Z\command.txt","441","7f27f1fcd0ca690514996eb5d5902ced384c5b33de9cfef2f695bdebf064829b"
"reports\runtime\gold-route-doors-20260910T212206.598713Z\result.json","1770","fd845cf456f7f4de839dd109916e1a3bf34fb45d8004f76b0aa1127432a42b2d"
"reports\runtime\gold-route-doors-20260910T212206.598713Z\uzdoom.ini","19873","f90ed9ce3e2023461a96e8e1bba6b3721d64ab391e831cb94bd7c86a996e2f03"
"reports\runtime\gold-route-final-20260910T211801.427598Z\command.txt","459","eeaeab2060cffe721daae5ae0a2f60b646d3557c1ffd3916452c588a071a280b"
"reports\runtime\gold-route-final-20260910T211801.427598Z\result.json","1771","48fca96c43beb5184975a2468c24ae38fb2507028f5f285eb69e80cc36e1f1ed"
"reports\runtime\gold-route-final-20260910T211801.427598Z\uzdoom.ini","19874","c6dbdff134fddbdb05d2504f08dec0627fb7789363d998114ab4ecccbc2e816d"
"reports\runtime\material-review-20260910T141309.602222Z\command.txt","521","a780fa036af38da480431a5ceff39aa0e416649214a68c23d47d06a1685f70ad"
"reports\runtime\material-review-20260910T141309.602222Z\result.json","1767","e61a2bd003e3dab9db5cf7ebfb343d5f828c26429551c94bcc1cff3335cc7695"
"reports\runtime\material-review-20260910T141309.602222Z\uzdoom.ini","19844","c38588959edffe0683d3a0ecccc46363bf2c1856f852af9197a919f28379aa9c"
"reports\runtime\migration-newroot-20260910T175640.854962Z\command.txt","460","650a9e1e0c3fd04057083cd8efe6732adc968060b4d4ce595dfeada67da3b9d3"
"reports\runtime\migration-newroot-20260910T175640.854962Z\result.json","1773","8556eded3b29b6a54320fdb31819bf55b03aeab501c260f7f685e7b6a4ab5c52"
"reports\runtime\migration-newroot-20260910T175640.854962Z\uzdoom.ini","19875","24dd04d10e3ee9e433926e246bf8b448d60d90e5956921d459cba12868d2c18b"
"reports\runtime\migration\boot-output.txt","5570","b91b58740aecbbdd2f7ed6322a45d2d3a42339c117240aaab5052d19ec45a81c"
"reports\runtime\migration\build-output.txt","7738","81ea0b986512a17979ea7d8af7240c9ddc2bc34ecdbc1704422d75fa618b3c00"
"reports\runtime\migration\ci-final.txt","7738","81ea0b986512a17979ea7d8af7240c9ddc2bc34ecdbc1704422d75fa618b3c00"
"reports\runtime\migration\copy-comparison.json","239","a71d315c590f27e3f47bd8343602ad32b680dbe9bfcc8ddfb94b04afb160fe3b"
"reports\runtime\migration\destination-inventory.json","1401578","eda3c353af25c935ff8353dd8e67aae253ce73ad8feea0539a4683358ded06e8"
"reports\runtime\migration\git-and-important-files.json","2648","fa097e4cd00673dce47194a21865a0fe8e045da826efc6063cd68578925b25a9"
"reports\runtime\migration\inventory.py","1486","929d6c365c39b6671af8390797c05fa41a2f25b8e7e43ba5acc215a674127730"
"reports\runtime\migration\operation-checks.json","265","dd7dc963c594eb9f724fe8fb5e88f9b02e78da1bb949ddc77e606b4bca375f2c"
"reports\runtime\migration\pre-removal-check.json","198","502679fe7e4ad72dd766dafe9759d342c17e58c680333a902b4eae967cf88aa6"
"reports\runtime\migration\result.json","391","ad7172f116677e0c3c57abe21271bd327a010f614707ca48c76efdb78af5c8e5"
"reports\runtime\migration\source-final-inventory.json","1401602","a918ed26b0b35f8bc82f63faa594a9af8f4a32c5aae9a7460b24084d186ff32c"
"reports\runtime\migration\source-inventory.json","1401602","e41e7c4818ff2fa358459b5cf8ee8ecf88e0a65e01e42650eb208d669246a72a"
"reports\runtime\migration\venv-recreation.json","6384","55472906dd539ff239089fc06d49d0a24367b41fb9c60378219592825163f566"
"reports\runtime\physical_fire_final-20260911T162131.049051Z\command.txt","449","2f9dc3dbd3817504cccf80d962c2e51728a4e7b646cacf3c576641c764494429"
"reports\runtime\physical_fire_final-20260911T162131.049051Z\result.json","1787","4b77e5d083e07cb1379ab4d6b252e2c52a7f592ee7f199a2b4b6a8c8b63310c0"
"reports\runtime\physical_fire_final-20260911T162131.049051Z\uzdoom.ini","19876","cb1bbff22c0cf31cdef14cb0dd5928fce3fb1d0238b339aacb8df987d164c527"
"reports\runtime\probe-opengl-20260911T204929.415744Z\command.txt","455","2b1ed6c12ccb893657c8400612f215dc769df149cda617a93f5d75548397494d"
"reports\runtime\probe-opengl-20260911T204929.415744Z\result.json","1840","299035628f651e01fdcf468ecf0363a8d733b5ee77b0779442ada75d6883b06c"
"reports\runtime\probe-opengl-20260911T204929.415744Z\uzdoom.ini","511","3acc7ad510bbe68db960ceec25ad5f4e3e1fb19bfb97822e66b127d4316d813e"
"reports\runtime\probe-opengl30-20260911T205002.636279Z\command.txt","457","d5cff1308673095423508dcf3a19b6fbe39bb269d54f900e7eaba9afa11fa1a9"
"reports\runtime\probe-opengl30-20260911T205002.636279Z\uzdoom.ini","513","620aeb4c96aa356810b8cecc09042313dcd67a31777e340629939034d5d2f12f"
"reports\runtime\probe-opengl31-20260911T205025.211478Z\command.txt","457","88d96183245069857555c958c6b69e46a142f248ca870b2a6c3032c9d3d81dc8"
"reports\runtime\probe-opengl31-20260911T205025.211478Z\result.json","1575","1cf2638641b1f02d53640774f84563d8f2f21b4f260e7a2fcebc50961d310d36"
"reports\runtime\probe-opengl31-20260911T205025.211478Z\uzdoom.ini","513","2616e0326e783f0fe3ee34096b74eb0924d6a1ded166b4943a84b589970b96a0"
"reports\runtime\renderer-vulkan.ini","19815","ed0bb8aae0d3af9ddb1f89fbe3ad1dbbc3b7943186c19d539458f107ae9ef165"
"reports\runtime\robust_art_matrix-1280x720-hud100-combat-20260911T150316.258794Z\command.txt","470","42b03c148e4d285a083355a4e46ed19551ec339d738cdc13a3f3830685f764f5"
"reports\runtime\robust_art_matrix-1280x720-hud100-combat-20260911T150316.258794Z\result.json","1865","e7fcbe55299d94af1d9dc7e83d660d940a3ba33bab03d0764ef79e39a5a0ffbf"
"reports\runtime\robust_art_matrix-1280x720-hud100-combat-20260911T150316.258794Z\uzdoom.ini","19897","9529fc8b3f73ea810b206716eb424ee0b0a8742c5379ce0f25c53eb0bdfe20c1"
"reports\runtime\robust_art_matrix-1280x720-hud100-neutral-20260911T150309.713571Z\command.txt","472","3901400e10c533498eb590ca7be4f8c9e636c952b1be8b84e779b06dcc26bc85"
"reports\runtime\robust_art_matrix-1280x720-hud100-neutral-20260911T150309.713571Z\result.json","1831","811456ba0634b8345e7f076a33163cf1f32ce107bcc87fd7a9fc49ad6e49516e"
"reports\runtime\robust_art_matrix-1280x720-hud100-neutral-20260911T150309.713571Z\uzdoom.ini","19898","d4cdfcbb41458fad23ccd1501203de8097a98bf6330b86cbb1569754f81fac09"
"reports\runtime\robust_art_matrix-matrix-20260911T150322.750573Z.json","385","63d83a355db94364c91f12710bf0077c034d177c9c1e89c0ffdf4456cf3a79ce"
"reports\runtime\robust_gold_final-20260911T150722.269667Z\command.txt","447","298f09892bcc64b7e4c5075741a352716a276c95bd2d237971a8a10d91b888ab"
"reports\runtime\robust_gold_final-20260911T150722.269667Z\result.json","1783","8ced44492be37d0e39624169fb0f9e0c657b30c0f6e4a2be7743b96a1a07f6ff"
"reports\runtime\robust_gold_final-20260911T150722.269667Z\uzdoom.ini","19874","5d1583ba00cc6e9bd56644f2e9775b5a06e78e6674366483159878c5c459de59"
"reports\runtime\robust_gold_pass-20260911T145847.642077Z\command.txt","446","9818e5ddda609f7b2505a47cc9b0ac23b2cbf155262a7065fddda17683b43272"
"reports\runtime\robust_gold_pass-20260911T145847.642077Z\result.json","2389","0b95917dbfafaf72d8e2a2f7d35e7764c54d4b5182902f9d0209184fd3ffe5cb"
"reports\runtime\robust_gold_pass-20260911T145847.642077Z\uzdoom.ini","514","edc7f33caf7c95b402855fbf3af9617d35c0d75f6ac6bcae6266c6059692a28d"
"reports\runtime\robust_gold_pass2-20260911T145948.966534Z\command.txt","447","af8bbc9e6e75e318033ed33f774e64c0f3eaf5d000b0fa792571f847349e1f69"
"reports\runtime\robust_gold_pass2-20260911T145948.966534Z\result.json","2157","3f8cc3f67a51358f2ccf34b74be0d30ae68dc9bcb1f0dfa17464bf05e1805af5"
"reports\runtime\robust_gold_pass2-20260911T145948.966534Z\uzdoom.ini","515","e48253051119ffaf053eb55eefd85704559f89317fb91061c5a385dd982f2568"
"reports\runtime\robust_gold_pass3-20260911T150033.821846Z\command.txt","447","3df68c4f0f1132f44249e077b671d08bc1b50dd8cc4154ab68a528bd25a14226"
"reports\runtime\robust_gold_pass3-20260911T150033.821846Z\result.json","1885","47e87eec3a94d20a552ec51b2af03fa3869a9e3b944eb8e3fdd7cfb71a29b21a"
"reports\runtime\robust_gold_pass3-20260911T150033.821846Z\uzdoom.ini","515","42645ead2f8665dc7e93a964572a512f60d5ec17caf80180482c6b3ac6bacc14"
"reports\runtime\robust_gold_pass5-20260911T150114.518060Z\command.txt","447","ccf11f70c883527ef4a96c813f62b859f367545c7f2c6e2f4eda558baaabb1c7"
"reports\runtime\robust_gold_pass5-20260911T150114.518060Z\result.json","1819","2b13acc10f7a7f701d7ea23730de8149302c8e230330eb28d2b0f155a2dd26e6"
"reports\runtime\robust_gold_pass5-20260911T150114.518060Z\uzdoom.ini","19874","5190cb192c8c023c53be3e8a9155e743f3bc4dc84c6f7c6e9e31d935cf88dc96"
"reports\runtime\robust_gold_pass6-20260911T150248.333570Z\command.txt","447","a264416aa18de040beb4f643aba77f408fb5a12c6183f533918a1d22b8ca12ce"
"reports\runtime\robust_gold_pass6-20260911T150248.333570Z\result.json","1819","b664ff952d904fe216d45b5125684697c586f01397973551e7e51f009f6201a4"
"reports\runtime\robust_gold_pass6-20260911T150248.333570Z\uzdoom.ini","19874","f42bde07f3d357b5e4f61e1cab94bcc0adde5b5fda1e6a256ef28790a81b4392"
"reports\runtime\robust_gold_pass7-20260911T150411.600419Z\command.txt","447","6194b2a6ecffdd05891975de9826f27cd68cf877635781904634a1cd0bcfa840"
"reports\runtime\robust_gold_pass7-20260911T150411.600419Z\result.json","1819","a665ea006033ba321085648077234e647e8c79758d58332a0f2688060eec7e4c"
"reports\runtime\robust_gold_pass7-20260911T150411.600419Z\uzdoom.ini","19874","d39cc3826e67d128a089fe295ba450cdadc2394c1d8375972708b2088b6e3f78"
"reports\runtime\robust_gold_pass8-20260911T150502.824125Z\command.txt","447","73e51001680a4bab9871fc30db3068fd95f6fb6dee125ba4b1dbfe7e442d701d"
"reports\runtime\robust_gold_pass8-20260911T150502.824125Z\result.json","1820","d29c3878d933b32c88b8a2e4248739628a2cfc92f85614481cc1a76be15094af"
"reports\runtime\robust_gold_pass8-20260911T150502.824125Z\uzdoom.ini","19874","ba3fdbac3139d5e9d7e5e5d7e31b026364ca3c58d57fe8b6225c5c3970941a64"
"reports\runtime\robust_mechanism_final-20260911T150902.461551Z\command.txt","472","716bfa30e680c870cfb24519b53463a6c3723dfca1e678610d0a8df811f5f4d0"
"reports\runtime\robust_mechanism_final-20260911T150902.461551Z\result.json","1782","74c79fc4fdca9dccda2a20dc96e369c294bddfa7275277a3a776e7bd674e4084"
"reports\runtime\robust_mechanism_final-20260911T150902.461551Z\uzdoom.ini","19879","4f049c674bb66f05de03357f9e22cff86b45ae4664bc3cd0a3b78ee63c13b315"
"reports\runtime\s1-before-16x10-20260910T165251.911743Z\command.txt","517","8c2bf10043966dc8d724fc475bb7a9525c31a18bdc48e6423e75a1697f1d2f08"
"reports\runtime\s1-before-16x10-20260910T165251.911743Z\result.json","1809","840ed38d7faf541cb3563c410b3b78d4dbf7d098c16fefaef35cbd32945a1aab"
"reports\runtime\s1-before-16x10-20260910T165251.911743Z\uzdoom.ini","19843","03d22083ca347f8f01d1619cd719aaf41e03a122d115e3d4001466f3d729f788"
"reports\runtime\s1-before-16x9-20260910T165241.456369Z\command.txt","516","34ddc40eae53ed7ba1681dc14334723bc4cfaa712ed295104e55d260242fe0ad"
"reports\runtime\s1-before-16x9-20260910T165241.456369Z\result.json","1807","bb8e74751d7ef36109eba6f43d41686d5ec9ed6d54350183006a7842500e245d"
"reports\runtime\s1-before-16x9-20260910T165241.456369Z\uzdoom.ini","19842","637ef99b71c6d48dec24d4f61eae7aabd15d0948d58ad97646ff2009941b6f4c"
"reports\runtime\s1-final-1280x720-hud100-combat-20260910T164355.165225Z\command.txt","518","2e5e450423432fd6054e1a79783528479450800f1ffff75b37e6e421fe84ab8e"
"reports\runtime\s1-final-1280x720-hud100-combat-20260910T164355.165225Z\result.json","1823","12ba6d25ec528cceab6beac22e2befae937e11b8871972fabbb8fc0e091be8de"
"reports\runtime\s1-final-1280x720-hud100-combat-20260910T164355.165225Z\uzdoom.ini","19907","8e40e935dc31cc460feee5ea0d8a67a0ebed9dc9caac84562db18cf30e0bfc8e"
"reports\runtime\s1-final-1280x720-hud100-neutral-20260910T164348.144661Z\command.txt","520","0ee149deb3d909621ad60a7cf9e893c5e3191e6e820331283a40f61cee1a1ac2"
"reports\runtime\s1-final-1280x720-hud100-neutral-20260910T164348.144661Z\result.json","1826","eb7a2f5b4d0c532328cddf74489dcb5cdb0d61eb5215b208705afff8c7a4fb21"
"reports\runtime\s1-final-1280x720-hud100-neutral-20260910T164348.144661Z\uzdoom.ini","19908","d1097082d46c9181953332d8cfc08e145ac351ca79b7be5e85c11328a956c339"
"reports\runtime\s1-final-1280x720-hud125-combat-20260910T164412.114393Z\command.txt","519","7d289ca346da7188b7e9d37b7817f6900bed0b27bebe773a1ee998c16f0a798a"
"reports\runtime\s1-final-1280x720-hud125-combat-20260910T164412.114393Z\result.json","1824","fc35735c54d6149430d949e6654953b8f49c6872378f04366ea049b928329217"
"reports\runtime\s1-final-1280x720-hud125-combat-20260910T164412.114393Z\uzdoom.ini","19907","ca0e74757036846d3d738f4d6dfd55a6efdf71238124b0329f9c7c1b91c929e2"
"reports\runtime\s1-final-1280x720-hud125-neutral-20260910T164403.652991Z\command.txt","521","cc39a27d592e149d130a82e9e90017ba4c757f9b73bd1f498d90df15e817f5de"
"reports\runtime\s1-final-1280x720-hud125-neutral-20260910T164403.652991Z\result.json","1827","b1ba83756443945b9b1cfa0cf677dc189ca6aa0d7cc5363cc990cb36eab9fe60"
"reports\runtime\s1-final-1280x720-hud125-neutral-20260910T164403.652991Z\uzdoom.ini","19908","7339a35f5362f953390bc52d6a2edff058fb86f7aa26bb40cce5ae35216ab8ac"
"reports\runtime\s1-final-1280x800-hud100-combat-20260910T164429.070739Z\command.txt","518","960efa9a6d93e06f81bd49493b892bb4495efc4926cf0eec72c1a9fa28816025"
"reports\runtime\s1-final-1280x800-hud100-combat-20260910T164429.070739Z\result.json","1823","812364146060e04ae3ddbb699215bb40fc02f5ab4a2b2f797c3d6ab23e6fc933"
"reports\runtime\s1-final-1280x800-hud100-combat-20260910T164429.070739Z\uzdoom.ini","19907","3e93c1b986078a37052d70b742e1d2e28e3f0b2f2b3da07868eb1fa0a843e9be"
"reports\runtime\s1-final-1280x800-hud100-neutral-20260910T164420.597628Z\command.txt","520","de1ab7a8f47adb2e11ab4c6ede902b30b391628c26191f10323797cab91e3279"
"reports\runtime\s1-final-1280x800-hud100-neutral-20260910T164420.597628Z\result.json","1826","454f80f07d7da8b86f74d07fd7f7a52d211a8b866eeb39b798b5352e10f05771"
"reports\runtime\s1-final-1280x800-hud100-neutral-20260910T164420.597628Z\uzdoom.ini","19908","f19b4e1172c007c90f2f640b890584cc90a41bda28a584ff9acf16939ecd5602"
"reports\runtime\s1-final-1280x800-hud125-combat-20260910T164446.042218Z\command.txt","519","6c2e8ef90006f0745a0b3e94fdafd467ae457d50e011e13c91d2f1679c01c2db"
"reports\runtime\s1-final-1280x800-hud125-combat-20260910T164446.042218Z\result.json","1824","95e781be6e01ab647ab351c27c46b874f76f54a6fe5e184477e5a7761823179e"
"reports\runtime\s1-final-1280x800-hud125-combat-20260910T164446.042218Z\uzdoom.ini","19907","fda6b3b1c794bf73c0c149bff6ca4ac8e98b59324f0087c1db38952cf08b7f41"
"reports\runtime\s1-final-1280x800-hud125-neutral-20260910T164437.536268Z\command.txt","521","4f4da2e4afd7a3c8c2c03a5445439c15893dd455a44873982c99c3037a1f6bf4"
"reports\runtime\s1-final-1280x800-hud125-neutral-20260910T164437.536268Z\result.json","1827","39412a3784cc0fb38471315c472448292d193fea84be35e868950db59b6a7a1e"
"reports\runtime\s1-final-1280x800-hud125-neutral-20260910T164437.536268Z\uzdoom.ini","19908","8988f61d1342e9a699b1b67be72cdf515b188d62092a82c9a486de6fb0d61ec9"
"reports\runtime\s1-final-candidate-20260910T164322.136169Z\command.txt","506","cda7117345e057ad79b159fede572881ae8349b307d733f3fda3052b4baf4482"
"reports\runtime\s1-final-candidate-20260910T164322.136169Z\result.json","1798","ff8b075f48aebc11f5dd85f1583ac231901e022e42504489f27500d324760407"
"reports\runtime\s1-final-candidate-20260910T164322.136169Z\uzdoom.ini","19895","b24818648039c1551394a2536b59634d8f9f7aff03934ea05b44a52600d16882"
"reports\runtime\s1-final-matrix-20260910T164454.519652Z.json","898","d066c26a9a0db84400b908eba578e91cb270ef4c872489a9cf502a40da8a3d59"
"reports\runtime\s1-first-playable-20260910T155304.857172Z\command.txt","504","ab9987f665b40c3bcdd8f7311aac6d90b6471891ec0e0f95e90c07bf587853ad"
"reports\runtime\s1-first-playable-20260910T155304.857172Z\result.json","1795","6ffb863e06b8da5fe11a74694efed6b0cd4a1887ddfb5d689fa301049993ad3f"
"reports\runtime\s1-first-playable-20260910T155304.857172Z\uzdoom.ini","19894","b76dc55f5c08f71cc0260adb1a50ca81037d0c2db5cb96931f11d9ce6b8e6633"
"reports\runtime\s1-impact-near-wall-20260910T162853.288539Z\command.txt","638","e550c2da741fae3f301bd2931ba9abe5019dcc43338e4cf1c822c63b63e4865f"
"reports\runtime\s1-impact-near-wall-20260910T162853.288539Z\result.json","1828","2b6a0d5f6814917cdbcafd4ab0c41de06aac4f808bd9c71e1d1e038d8c3d8953"
"reports\runtime\s1-impact-near-wall-20260910T162853.288539Z\uzdoom.ini","19896","8661e4963d00970003ecc0647486e7f81ecab26b5161439453df02bcf1993f2d"
"reports\runtime\s1-release-1280x720-hud100-combat-20260910T170841.848898Z\command.txt","520","5faa865687819a76c3f7e1cff36dbbe5a92a6bcd1e0acb54676cf303225b8804"
"reports\runtime\s1-release-1280x720-hud100-combat-20260910T170841.848898Z\result.json","1934","5844ad378cfd6d3f121f448d23a1e88f33b881e2870cfd37d3c337e92cce4bbd"
"reports\runtime\s1-release-1280x720-hud100-combat-20260910T170841.848898Z\uzdoom.ini","19909","aceb96750e71bce7593f8cac8cfff8c2e132b950f75a55d317b1f73d396f73c5"
"reports\runtime\s1-release-1280x720-hud100-combat-20260910T171537.405981Z\command.txt","520","0bae2b2319b80064c4ad50689c3f1c0b100f36663de098a6c980b8d8906a4e9d"
"reports\runtime\s1-release-1280x720-hud100-combat-20260910T171537.405981Z\result.json","1827","5cf2b57395480b02868c37d40fa5b00ace880b5137f2562044337f2afe33bc00"
"reports\runtime\s1-release-1280x720-hud100-combat-20260910T171537.405981Z\uzdoom.ini","19911","0a038a2887810abe0be66248b896fa5e4351363ee38215b683cb82c3d7e80a31"
"reports\runtime\s1-release-1280x720-hud100-neutral-20260910T170657.271974Z\command.txt","522","69c52a9289f4e7dc4f1ca54ec12dddbf01eea7e0b9bf31ac7f0fce8219d0f0a0"
"reports\runtime\s1-release-1280x720-hud100-neutral-20260910T170657.271974Z\result.json","1922","d0f0acb8df745186aaca4071fc144cc2dc67e6db4989d6bb4cde387aa07c2dcc"
"reports\runtime\s1-release-1280x720-hud100-neutral-20260910T170657.271974Z\uzdoom.ini","19910","179b902ecc133901cb7bcf5959eb58cee1d9dd8801376073c5c538ca6fc1e171"
"reports\runtime\s1-release-1280x720-hud100-neutral-20260910T170833.180911Z\command.txt","522","a7ee77e3a9943ed736bac21cfadfa83d14c1a408e328e612642ada85b00c855e"
"reports\runtime\s1-release-1280x720-hud100-neutral-20260910T170833.180911Z\result.json","1830","32490e120570427312e92933d5131c7f41911be10eb5ecfc73ebcf4a5612c05d"
"reports\runtime\s1-release-1280x720-hud100-neutral-20260910T170833.180911Z\uzdoom.ini","19910","1ecaf3fc64586e5460b9c8c8f68dbc8aa1e3aba6e43b1aa08db3deb4b6e5cee4"
"reports\runtime\s1-release-1280x720-hud100-neutral-20260910T171529.159782Z\command.txt","522","fa9749df18d4fc0c8a8dc2b6cc392a45e29db328f1d45ca1af7f5f4b10f34144"
"reports\runtime\s1-release-1280x720-hud100-neutral-20260910T171529.159782Z\result.json","1830","800124651889da2bf8c7acc2f63f52a80a08abd77d23c8fe1a67747387c4d9bb"
"reports\runtime\s1-release-1280x720-hud100-neutral-20260910T171529.159782Z\uzdoom.ini","19912","7cd0b90790ef2446c706b5c92fddbdf2c5d15dda603bd67396942dd8098fd0b9"
"reports\runtime\s1-release-1280x720-hud125-combat-20260910T171553.843269Z\command.txt","521","95d256d686c4ae33c0a7254e617cddb7b7ae788d8501469946c5ce5c09a743b7"
"reports\runtime\s1-release-1280x720-hud125-combat-20260910T171553.843269Z\result.json","1828","7f4fdf0ddb8258c77448f3f0bf05b0e84907eaa7cd412deb966953e241bac4f0"
"reports\runtime\s1-release-1280x720-hud125-combat-20260910T171553.843269Z\uzdoom.ini","19911","f170fabcdffa25d304b7de6385e10098c4929b368d37b21b9da7401e4cf94ea3"
"reports\runtime\s1-release-1280x720-hud125-neutral-20260910T171545.603446Z\command.txt","523","72e5a87800abae7d9b47df23b6d9827f16c8fca91da43219414d254f1861684f"
"reports\runtime\s1-release-1280x720-hud125-neutral-20260910T171545.603446Z\result.json","1831","900471a14165a71e67679cebde76e78dcc85bab466b4b892c5afc8f95f0b69ba"
"reports\runtime\s1-release-1280x720-hud125-neutral-20260910T171545.603446Z\uzdoom.ini","19912","5d5cdd0b9e6489b8d6fc85d38e547e5674133345e51faa136c8cb928f94c4bd0"
"reports\runtime\s1-release-1280x800-hud100-combat-20260910T171610.164292Z\command.txt","520","1c4642da615cb4c3d7d8ccc46cf296e45860b2c993b128d3bbbf02db04b5f70c"
"reports\runtime\s1-release-1280x800-hud100-combat-20260910T171610.164292Z\result.json","1827","3fe69f5d38b1f7922261865322a956f551b3928a6bd66de9fa319ba4199a143e"
"reports\runtime\s1-release-1280x800-hud100-combat-20260910T171610.164292Z\uzdoom.ini","19911","0c32d5e006692504cb1190739b77cfaf651899c96d98b96ce53e088cf5d754a5"
"reports\runtime\s1-release-1280x800-hud100-neutral-20260910T171602.025970Z\command.txt","522","1d0f466102fa9939281b615d90dd62093e744ffe82249f06783a696daa7b3d8a"
"reports\runtime\s1-release-1280x800-hud100-neutral-20260910T171602.025970Z\result.json","1830","acd0a386aba823d265720608ccb680a9133572bb03e6696b66fe34a461464757"
"reports\runtime\s1-release-1280x800-hud100-neutral-20260910T171602.025970Z\uzdoom.ini","19912","9d656c267aca425b70b0a9fa9c706ce365381e3222b06ae7f2dc99ec19d76b51"
"reports\runtime\s1-release-1280x800-hud125-combat-20260910T171626.444671Z\command.txt","521","6def8037ab6f8e295751ecc92d4cde442a2ed451d26b68804ede32e6678600c3"
"reports\runtime\s1-release-1280x800-hud125-combat-20260910T171626.444671Z\result.json","1828","e22a89c2824bf2459c992b61951988997a76c30051dca4e1607a2bf6f48f5914"
"reports\runtime\s1-release-1280x800-hud125-combat-20260910T171626.444671Z\uzdoom.ini","19911","45ab00e780735331c5005262096f0445b2554ff8a7e902eece0a1363562c39d7"
"reports\runtime\s1-release-1280x800-hud125-neutral-20260910T171618.305866Z\command.txt","523","f2a1671e017ad43c59298080e6a3fa474e2ca06b7e433e36f194c1ec768914aa"
"reports\runtime\s1-release-1280x800-hud125-neutral-20260910T171618.305866Z\result.json","1831","2975fea0a2443d8b044c6c40d79c008f1c16fb0e8512ea3bd579ed92bbf50c74"
"reports\runtime\s1-release-1280x800-hud125-neutral-20260910T171618.305866Z\uzdoom.ini","19912","5aed3a8a6a599abfead8bbb87cfb83c5d4fc31d93fa489a879367f303a3f5bf3"
"reports\runtime\s1-release-matrix-20260910T170705.760418Z.json","281","9d88f7c4407f1188ae2b7e09386236e6e0299c46d9a82458f63e97b64e452b29"
"reports\runtime\s1-release-matrix-20260910T170850.319429Z.json","371","0ff2c8258fe90c4b052ed2d9a8fc2d918f27315127dcf70f6d3abb30a3477496"
"reports\runtime\s1-release-matrix-20260910T171634.604022Z.json","914","47608d9cd9fa2789b9fa7490eb8c2f4f2840861ff3b9d299fa2263a1f0c7f4bb"
"reports\runtime\s1-scene-integration-20260910T161604.187697Z\command.txt","508","3198109e8b36d28305d14bf9e6794b98f58e1ef68e6c8da69d6be3b0f2746615"
"reports\runtime\s1-scene-integration-20260910T161604.187697Z\result.json","1801","58bacce38fe9f537bc35f02463a4410c1f1822ef62c1ee6b668ff99f6df72256"
"reports\runtime\s1-scene-integration-20260910T161604.187697Z\uzdoom.ini","19897","0c3ccf815aa74fcb7064201b2a89a9f34f6b3d139af2ce5de909e62eda6bc15a"
"reports\runtime\s1-video-real-20260910T162725.693894Z\captured-package.pk3","15888837","ba1676e19fc2aacca73f3d07c05970320ee9bd6c11899a819f628d98122f316b"
"reports\runtime\s1-video-real-20260910T162725.693894Z\command.txt","503","1453670bedf10d32b8eeb43e7e57fba501b9b5ffb68f73115dd49222e5d2249a"
"reports\runtime\s1-video-real-20260910T162725.693894Z\result.json","8638","e7632294b4ff52c0b54d1ac521273cdbfd77ad2c1ce3e6e2a893edac7b19c7fb"
"reports\runtime\s1-video-real-20260910T162725.693894Z\uzdoom.ini","19908","d8184a77a83d4b87c588931fdb1539ad4f000d9234d6851b294f6217092676de"
"reports\runtime\s1-video-real-20260910T162725.693894Z\video-ready.json","2404","cc6430bdcd97ead2fe9bfd143d221b12dfb80ba0811fddc2546b4a8d72d1fe76"
"reports\runtime\s1-video-real-20260910T164628.745446Z\captured-package.pk3","15888929","0103ba9e8b4ba1597c6d2c30e1ac4887ad5ff623cd3888452978616370fa66bb"
"reports\runtime\s1-video-real-20260910T164628.745446Z\command.txt","503","0c7733981540fcb09f5ee795d93b1759c68bc85f02c702b4106675abf19181e1"
"reports\runtime\s1-video-real-20260910T164628.745446Z\result.json","8993","cc728cb705515bffdd5c6b12f8d7d8ce0a11938dc35ee751550e80f89e0c8776"
"reports\runtime\s1-video-real-20260910T164628.745446Z\uzdoom.ini","19892","37176ba8cba032332df2f331b16ef27b5b7148fb53a1910507a9cc660ec96755"
"reports\runtime\s1-video-real-20260910T164628.745446Z\video-ready.json","2801","13ffef99ce0003ea056c497bf8c6014b154df1734a4b0d940ca86073d01ad543"
"reports\runtime\s1-video-real-20260910T164753.284017Z\captured-package.pk3","15888929","0103ba9e8b4ba1597c6d2c30e1ac4887ad5ff623cd3888452978616370fa66bb"
"reports\runtime\s1-video-real-20260910T164753.284017Z\command.txt","503","7f83367d3dd20b9c3e2ab0515d036436dec29b9dd31da8f5663e6f6afab1fd46"
"reports\runtime\s1-video-real-20260910T164753.284017Z\result.json","8995","3d0de1a5ee1860a825d10cc3b8361c5ebea39aaf498ddd14c70a8fc0aafacf4f"
"reports\runtime\s1-video-real-20260910T164753.284017Z\uzdoom.ini","19892","fb06fa2467d13086ef0c49da0043d68c23bf8b6c989ef90ba91ec48eae546904"
"reports\runtime\s1-video-real-20260910T164753.284017Z\video-ready.json","2805","16b2fdfd6c8da1b3bc144752f36c5335c6166712c615432d2eeab2fc033967eb"
"reports\runtime\s1\before-16x10-output.txt","5808","5a3925f45978ee1fa9361cb880600a9c5799b2186a1afca2ed5e34088fa02b21"
"reports\runtime\s1\before-16x9-output.txt","5804","95a5205171ea13244476fd9212d96d60a571cde8681e98073ed7f39a8657d981"
"reports\runtime\s1\before-s1.pk3","8223837","befe9a69b28ac88d86a619bae76d33d20cb145331eebad1f08f6b42acc57433a"
"reports\runtime\s1\ci-current.txt","7738","0f0795d4c81c609ae2233500697784af4b1f131c5f5ba810deb07a5bff617295"
"reports\runtime\s1\ci-final-candidate.txt","7738","4d044f13cead7730ba11472bc8f76d908077555e178241795cc97ca180c89db4"
"reports\runtime\s1\ci-final.txt","7738","c51cf48074e6c1675e1d49df80fccdf83e27b11287d84024068450c49491a049"
"reports\runtime\s1\enemy-probe\20260910T162516.950268Z\command.txt","842","66fb6eaa32d423f82a7e8b4b0ba041e91a3df1fd7a065b670d7f467a1471cfc7"
"reports\runtime\s1\enemy-probe\20260910T162516.950268Z\enemy-probe.pk3","3234","937bc0156f942e28871fd27638abaa130cea162d42e34dc4779d03e63ac5752b"
"reports\runtime\s1\enemy-probe\20260910T162516.950268Z\RedFlags2.pk3","13004037","cd573fabc974a3c3a26d09a7c48c5f1845112e74abd852e9572d06a91240ce18"
"reports\runtime\s1\enemy-probe\20260910T162516.950268Z\result.json","1157","d79b59626d992a04eb3f7a20ac25b9c0d8042793025782b95a4d0ab1162f5620"
"reports\runtime\s1\enemy-probe\20260910T162516.950268Z\sequence.cfg","154","685c904c2c92255ae03f4b77330d782cabda9989a386430f1a9f0467fb718fad"
"reports\runtime\s1\enemy-probe\20260910T162516.950268Z\uzdoom.ini","374","5e09f265b506624eb1fda4384cd7e2758cbf5e9ac43c3546379228ca1f641574"
"reports\runtime\s1\enemy-probe\20260910T162620.067136Z\captures\Screenshot_Doom_20260910_122628.png","2101846","106f552d8e96081c2a387ab14ceb14533ddee2707e9ce5d7eacf7871b4fa7580"
"reports\runtime\s1\enemy-probe\20260910T162620.067136Z\command.txt","842","907b4001707e25b9bbc8c132340cabc214fa91983c0337c1b22ea03fd47bc0d8"
"reports\runtime\s1\enemy-probe\20260910T162620.067136Z\enemy-probe.pk3","3252","75b75e78d659a4e783c8caac1cf0b26fdd485c8e369a637c86eab3d99445f9ae"
"reports\runtime\s1\enemy-probe\20260910T162620.067136Z\RedFlags2.pk3","13004037","cd573fabc974a3c3a26d09a7c48c5f1845112e74abd852e9572d06a91240ce18"
"reports\runtime\s1\enemy-probe\20260910T162620.067136Z\result.json","1405","16f2b5d5dd806c231b8d8f4edf312b1250e8811d0d999acdf9f0c15f0c2ff371"
"reports\runtime\s1\enemy-probe\20260910T162620.067136Z\sequence.cfg","154","685c904c2c92255ae03f4b77330d782cabda9989a386430f1a9f0467fb718fad"
"reports\runtime\s1\enemy-probe\20260910T162620.067136Z\uzdoom.ini","19900","887a56283ec71a582f12c286e5d8916bc92578b60209bcbe6a61703548936178"
"reports\runtime\s1\enemy-probe\20260910T162656.418728Z\captures\Screenshot_Doom_20260910_122704.png","2130923","65dce1af54176af9360bbc2968854fdbda6bdd814d456e818d614c7b90d68893"
"reports\runtime\s1\enemy-probe\20260910T162656.418728Z\command.txt","842","63a3e3a8df7bc2f98ab3e4ce4f840f4b855b5bf081e133b6ef2518f3fa310ab1"
"reports\runtime\s1\enemy-probe\20260910T162656.418728Z\enemy-probe.pk3","3254","705ad8c269cbfa76a8469f72f6867550181e4447d62947bf19f6572e9965e1b9"
"reports\runtime\s1\enemy-probe\20260910T162656.418728Z\RedFlags2.pk3","13004037","cd573fabc974a3c3a26d09a7c48c5f1845112e74abd852e9572d06a91240ce18"
"reports\runtime\s1\enemy-probe\20260910T162656.418728Z\result.json","1296","1862ebab71d8b5097a5a86ec0d33441936aa251947f3952e524e73533819f54f"
"reports\runtime\s1\enemy-probe\20260910T162656.418728Z\sequence.cfg","154","685c904c2c92255ae03f4b77330d782cabda9989a386430f1a9f0467fb718fad"
"reports\runtime\s1\enemy-probe\20260910T162656.418728Z\uzdoom.ini","19900","2d1e73399f05aa692ec805065f9b5fba3113a51e8e3a41fea0a13bcb1d333d28"
"reports\runtime\s1\enemy-probe\enemy-probe.pk3","3254","705ad8c269cbfa76a8469f72f6867550181e4447d62947bf19f6572e9965e1b9"
"reports\runtime\s1\enemy-probe\probe.zs","7993","b8e00880dbb7daaa68e94014422360e660d867e11b18a82f60ec57be36bd9f49"
"reports\runtime\s1\enemy-probe\run_probe.py","6681","6597ebe3c32e2508a5596fad0a0179772950f1372e977b9f1f438fa32e262d30"
"reports\runtime\s1\fal-impact-under-test.pk3","13019477","f42d41dc752aa5855997bdbc9808e4449e3a4a1200e6c679e3fb4d2792a974d8"
"reports\runtime\s1\fal-under-test.pk3","13000670","cbf41c899ba165e287fb195dea7ebef3d122fca502c35e04e62bec55adbc027b"
"reports\runtime\s1\final-evidence.json","8721","04d6622613d066b9a08a75336404de4bd8c1447c22c6ff8e8b6f3ab47fff37f8"
"reports\runtime\s1\git_range.json","1495","00b64eb06241a0dc7b8515aa5238454266cb596beff0e20b7649547978a1ab43"
"reports\runtime\s1\impact-view.cfg","24","3c7cc47979e8cc33de452fea92e715509b91f65a99f0a1bf2c76c4d89bed19de"
"reports\runtime\s1\input-smoke-01\actions.json","1211","e25bd5d8a2c89c6cb2d4b7e0ad8dfda5f06353e965e33a3cc6942ac0fa6f8ee0"
"reports\runtime\s1\input-smoke-01\command.txt","577","2fe8465e51b3996c02455a81911e14c1023003ba9b9649dd4ec32ade7d4d0c4e"
"reports\runtime\s1\input-smoke-01\inputs.cfg","338","4f597705d9f4e0215ca1adf401848daa4e07d0931f7be83bc3b27b92320621c9"
"reports\runtime\s1\input-smoke-01\result.json","2056","ba00d9e91b72aa978bd6be469c248ab78e2233de12e87b788076599dfc3d66c5"
"reports\runtime\s1\input-smoke-01\under-test.pk3","15888846","c9f87e0974867f9efefbd846cc1b2580b3b544488c080a81b85cf9d9d3b33491"
"reports\runtime\s1\input-smoke-01\uzdoom.ini","19946","3fb1e0a0640003d6f89bad63b1efa77062165a2e95ba47ae1c7c9e359969478d"
"reports\runtime\s1\input-smoke-02\command.txt","577","0d0bcd43f500a3446545e461a20b20c10c29c51d3278739966b4798f569e0827"
"reports\runtime\s1\input-smoke-02\inputs.cfg","338","4f597705d9f4e0215ca1adf401848daa4e07d0931f7be83bc3b27b92320621c9"
"reports\runtime\s1\input-smoke-02\under-test.pk3","15888855","a3b7338a269069fc48b4f9012b80e15650725357c5afc819977ce7b0799128a4"
"reports\runtime\s1\input-smoke-02\uzdoom.ini","498","d402121ecfe147fd705967f7fe58c1f3229998984b232fd9d5cdf0af57e529fb"
"reports\runtime\s1\input-smoke-03\actions.json","1359","3fb8f8e746f96211fc657c8e7f39f2dfbd329c8ac9a611bee4abff85bd1611a6"
"reports\runtime\s1\input-smoke-03\command.txt","577","41e00b75254990d9a217d933e72ead94e0592fe6c868f17ca1358de0a081a54f"
"reports\runtime\s1\input-smoke-03\inputs.cfg","338","4f597705d9f4e0215ca1adf401848daa4e07d0931f7be83bc3b27b92320621c9"
"reports\runtime\s1\input-smoke-03\result.json","2055","ae08aa28738933af4d59bac5ec7532985ab18d6849d9025fa183244ffd31a3ec"
"reports\runtime\s1\input-smoke-03\under-test.pk3","15888854","1522665b63986edfefb9b4297715cbfcbf6d4c6747b13a708b32b4168a4e8d5a"
"reports\runtime\s1\input-smoke-03\uzdoom.ini","19945","79cd1cb4aeda7ef64aa405a0ea410edee44d027e5face85c1d33a72342f5245e"
"reports\runtime\s1\matrix-final-output.txt","47974","a10fcccd2ae5bd1526bfb5ba80dd7852d01306b7cbe58606b5fd5648b429efe4"
"reports\runtime\s1\reference-audio-final\actions.json","26302","a4a5afab29feaf618067693a26fa719e6687b649fb01e8122988906d8b93f5a2"
"reports\runtime\s1\reference-audio-final\command.txt","605","09330ab26ef8d16403bc64bb6eeb7c8c8a227a943e7f28cafaa79784c25a3271"
"reports\runtime\s1\reference-audio-final\inputs.cfg","338","4f597705d9f4e0215ca1adf401848daa4e07d0931f7be83bc3b27b92320621c9"
"reports\runtime\s1\reference-audio-final\offline-video-review.json","10893","e4e0a49fb4d433268fbb623efd144453b5525dbed7dd0c4682da5f86a088ff1a"
"reports\runtime\s1\reference-audio-final\offline-video-review.md","3898","e7f5491939ed433262dd11b55555d99201acd2da61b303852f30882df47002d1"
"reports\runtime\s1\reference-audio-final\result.json","29750","71b05045527641fad9554a1b62429433dc066c56eb157342f7fe71119cb84577"
"reports\runtime\s1\reference-audio-final\review-command.txt","361","dc2ea08f9bc60f5dda9ad217054bb820cbc1dfa94b820305fb2e8c8b4e5d0efe"
"reports\runtime\s1\reference-audio-final\review-export.json","5853","55f13e2c869f5a534370afc0b5ea966268200cdba8ced14ea32ac1b6cac7cc1a"
"reports\runtime\s1\reference-audio-final\review-packet-verification.json","542","a5ab5acf56b3db343e083c48a241946635ea39e545acea1cb66ccddd3ce836e1"
"reports\runtime\s1\reference-audio-final\s1_player_used.py","14349","9f4fff2664087f72c6dfde6548d6c828ccbb665b68e0007b6e155ffc40c5db67"
"reports\runtime\s1\reference-audio-final\save-inspection.json","1363","90d54cbeeb70557a527a9257d004cf7cbe507ed5acb11834d9bd96239dd2ade2"
"reports\runtime\s1\reference-audio-final\under-test.pk3","15888920","fc382efc2e892e7c2be885859c497c0b98db68cd97d6b2aae0fa97e3e74770d1"
"reports\runtime\s1\reference-audio-final\uzdoom.ini","19952","6aa4dc3dfacd3420614659a17893be0914913e287d8a0b30fe14d8a6093c897b"
"reports\runtime\s1\reference-audio-final\video-ready.json","2801","003f05ac6228ec7f254774e69399fba8881cb9fe3fdee47657100e2831d70b98"
"reports\runtime\s1\reference-final\actions.json","20179","d26ecd70b689325c5fd04e1da084234888e6f145f2a5e1f1ffade916d724f599"
"reports\runtime\s1\reference-final\command.txt","581","2b100b4350b7d209201c6b6a819d7b6bdd6f92557bbbee9e0da9179bfc46d6db"
"reports\runtime\s1\reference-final\inputs.cfg","338","4f597705d9f4e0215ca1adf401848daa4e07d0931f7be83bc3b27b92320621c9"
"reports\runtime\s1\reference-final\result.json","23127","fea4ed4c700c7cff7415fd48eab73472cc69c04f892f0ada71cbb356248ae468"
"reports\runtime\s1\reference-final\under-test.pk3","15888877","562e31519073bf084d5ad822298d01dbc83a905b5572b7156bc0a73be32373c2"
"reports\runtime\s1\reference-final\uzdoom.ini","19946","80d7730c90dc74bd3ff2a79935a58f2f762b41cce1ff89e83d8cfa3ee18224f5"
"reports\runtime\s1\reference-final\video-ready.json","2794","abeb6194df17e3328f23d31514032c2bda26c485e08d52b5e61985bb7597b62a"
"reports\runtime\s1\reference-release\actions.json","26292","d9927bc630426972cee82edbbf5fc7bde904dce6c4f0e9177866f3dc4ec63f34"
"reports\runtime\s1\reference-release\command.txt","589","bfd785312ffe3ce55f46f8d19c6f0247fd2cb8e8f27624031d5c16d9da50ee8f"
"reports\runtime\s1\reference-release\inputs.cfg","338","4f597705d9f4e0215ca1adf401848daa4e07d0931f7be83bc3b27b92320621c9"
"reports\runtime\s1\reference-release\offline-video-review.json","10899","46e1c29a5ca15e9f63c66dc9bccbed5e8fd6a9f767dcb9a4cf19f63bf8001f08"
"reports\runtime\s1\reference-release\offline-video-review.md","4364","2dcf3fd7a1e05c0aee70f0548eafd47c314057791f0b805889b66a583ef5b417"
"reports\runtime\s1\reference-release\result.json","29740","df2eb1eb8992bd49b240e413b06b11bebbb051e67fe1d9a2d2048bd733158998"
"reports\runtime\s1\reference-release\review-command.txt","353","4cb0ad940e727fb3d2175b8792229a5c7270fd7fbb12d7b810376dcec7668efd"
"reports\runtime\s1\reference-release\review-export.json","6001","2c6f0a321dec129ca50907765865f9b7bb39927f74a43b76b2d06ed493ab62da"
"reports\runtime\s1\reference-release\review-packet-verification.json","541","5f8fa2d73e1a417901a649d59d5280b4fdf9d986d74d8ba9e583947d5ac33c77"
"reports\runtime\s1\reference-release\s1_player_used.py","14349","9f4fff2664087f72c6dfde6548d6c828ccbb665b68e0007b6e155ffc40c5db67"
"reports\runtime\s1\reference-release\save-inspection.json","1363","bbc1b93e3234000242946ce6ffbd1839d37a30bd8054c93599430d1b00c85901"
"reports\runtime\s1\reference-release\under-test.pk3","15888907","77640879b539a8b510d37210029d08b2c86384f9cae62882d9e69ce9449c536b"
"reports\runtime\s1\reference-release\uzdoom.ini","19948","8799a1866d84ec3da59d8c4cd73bdeb63fb8e8ed524f650464198b5a7fbdabdc"
"reports\runtime\s1\reference-release\video-ready.json","2797","944dae6e71e2cdf1ce8e6304631a0cda9001458cedeb65b7ef31a21596ac90cd"
"reports\runtime\s1\save-final-output.txt","7904","17d3fc65a532c8f72d19acbaad5db2d9c3938d3e6ce81a8d48b995f343ce638c"
"reports\runtime\s1\source_archive_audit.json","299","d52f66460ed3af2a0a91ee692183c3ec7c3c13e4893be4ca765f5e745db06bd7"
"reports\runtime\s1\unit-final.txt","5060","4781b64f2efe7a33bdba1cb8b8165895394537736476e25708d44ec3e103e35c"
"reports\runtime\s1\video-actual-shots-20260910T165152Z\actions.json","2790","276b0aa7867c92fad3a0f664a6d70b7d38a54c02c4402d92ee97e350211d7712"
"reports\runtime\s1\video-actual-shots-20260910T165152Z\command.txt","661","f692cabb33f2c8e76dd1a8e533c84d9d45e55071bbd4473e284c428d064d4904"
"reports\runtime\s1\video-actual-shots-20260910T165152Z\inputs.cfg","338","4f597705d9f4e0215ca1adf401848daa4e07d0931f7be83bc3b27b92320621c9"
"reports\runtime\s1\video-actual-shots-20260910T165152Z\result.json","3661","428a5373739c285bf37e9b86de5746a9c7637aeb96c6f8772c3b7dbd9c181bb6"
"reports\runtime\s1\video-actual-shots-20260910T165152Z\shot-audio-analysis.json","9681","eb825c335df07e42b4ead1e5b032f92d1e14f319d6d8c81601d2b32af8fba42b"
"reports\runtime\s1\video-actual-shots-20260910T165152Z\source-audio-matches.json","3053","dbb59b051fdfd69e6530483d94b36859d2fd121fd8a173026e6e834561dcb986"
"reports\runtime\s1\video-actual-shots-20260910T165152Z\under-test.pk3","15888929","0103ba9e8b4ba1597c6d2c30e1ac4887ad5ff623cd3888452978616370fa66bb"
"reports\runtime\s1\video-actual-shots-20260910T165152Z\uzdoom.ini","19966","fe4186c4b5466874ff685cf8788f7d73f8d177e04d9b3379940efcf8fccea166"
"reports\runtime\s1\video-actual-shots-20260910T165152Z\video-ready.json","2810","30bf9ceaceb8c7e7d4f3d070a696014f4a1e02021a15af287552a878b0c85be6"
"reports\runtime\s1\video-actual-shots-20260910T170124Z\actions.json","2790","f3045a6b52759731d2da24cacc3baedd40137d1edfb4bb353bff7816b51ebbe1"
"reports\runtime\s1\video-actual-shots-20260910T170124Z\command.txt","661","01a079ee6b1f5319daf57b984852b54d22fb837f5fa14a07b1ae19b353abde13"
"reports\runtime\s1\video-actual-shots-20260910T170124Z\inputs.cfg","338","4f597705d9f4e0215ca1adf401848daa4e07d0931f7be83bc3b27b92320621c9"
"reports\runtime\s1\video-actual-shots-20260910T170124Z\result.json","3661","ab78d4634267c0ef67139fde0dda6c3515ed6006a69903c9c42b81e6a6d65310"
"reports\runtime\s1\video-actual-shots-20260910T170124Z\shot-audio-analysis.json","10536","5518fde7642c1f711bb9111a9fda464d3f66bdad3758cf29bad857286028dbbe"
"reports\runtime\s1\video-actual-shots-20260910T170124Z\shot-audio-analysis.md","3000","e001140f917935aa0bcf0b4e5af5be24cdea16f3b265715e905760f32a6e01a3"
"reports\runtime\s1\video-actual-shots-20260910T170124Z\source-audio-matches.json","773","3221961cf107a706f8b369ddadc0f7acc737607ecc17e858978c89136cced3e8"
"reports\runtime\s1\video-actual-shots-20260910T170124Z\under-test.pk3","15888920","fc382efc2e892e7c2be885859c497c0b98db68cd97d6b2aae0fa97e3e74770d1"
"reports\runtime\s1\video-actual-shots-20260910T170124Z\uzdoom.ini","19966","b45e25a28a79e92ceab73029590d1a741076478b1adb846697693530bc8ef95b"
"reports\runtime\s1\video-actual-shots-20260910T170124Z\video-ready.json","2809","78fb86873be27122c1b175d63d377fd34b7184ed6b2614d998d10507a452ecc5"
"reports\runtime\s1\walkthrough-01\actions.json","2400","af90675be98e9c3bd203731ae9339d296a479e378b139a330587db8309718cf2"
"reports\runtime\s1\walkthrough-01\command.txt","577","865021ad115e5f84426b2ed75e89c7bc3d49e63318c8e6905ea517c3a1af2659"
"reports\runtime\s1\walkthrough-01\inputs.cfg","338","4f597705d9f4e0215ca1adf401848daa4e07d0931f7be83bc3b27b92320621c9"
"reports\runtime\s1\walkthrough-01\result.json","3232","5f2a06942de1eeecfbc2272aeb0e9bfaabd0f088415d8b309515401eca8fa709"
"reports\runtime\s1\walkthrough-01\under-test.pk3","15888854","222e78ea7d8bd75c633ed7ebbda01625b73512bd58325da33ace620fc89d6af1"
"reports\runtime\s1\walkthrough-01\uzdoom.ini","19945","bc8779ff9644cbec67a19c7da6824b72c2bd753b5fbc34735b136fae859544f9"
"reports\runtime\s1\walkthrough-02\actions.json","7569","07b56c06346359765ff65a5ded75ed4ae75452665b583805a524f4c409bb898d"
"reports\runtime\s1\walkthrough-02\command.txt","577","167dc4eded45940ec1486d4caab07225f2d5d6f5e1c5d9eae864b56999e97238"
"reports\runtime\s1\walkthrough-02\inputs.cfg","338","4f597705d9f4e0215ca1adf401848daa4e07d0931f7be83bc3b27b92320621c9"
"reports\runtime\s1\walkthrough-02\result.json","9139","d029e761a4b9a8e7c87c04c59b5a94252dce85c2e6a67552cfc48608940f08b7"
"reports\runtime\s1\walkthrough-02\under-test.pk3","15888854","222e78ea7d8bd75c633ed7ebbda01625b73512bd58325da33ace620fc89d6af1"
"reports\runtime\s1\walkthrough-02\uzdoom.ini","19945","4911ad1031ce601b494727a4e917fa164f9e79d35941af83d108245a676b9a0d"
"reports\runtime\s1\walkthrough-03\actions.json","17012","cd94c5c98b756a0f405a8c8028ab59336999c23d6469722c2aacf98882f1ae17"
"reports\runtime\s1\walkthrough-03\command.txt","577","dcf64a5dbd086e03c9da8c2e0ba34651cbcc971e392d76232e39c079c86d4784"
"reports\runtime\s1\walkthrough-03\inputs.cfg","338","4f597705d9f4e0215ca1adf401848daa4e07d0931f7be83bc3b27b92320621c9"
"reports\runtime\s1\walkthrough-03\result.json","19600","67353972efaef08a503d440928e181fc732ac15d238e964563cc3c915b36c90f"
"reports\runtime\s1\walkthrough-03\under-test.pk3","15888854","222e78ea7d8bd75c633ed7ebbda01625b73512bd58325da33ace620fc89d6af1"
"reports\runtime\s1\walkthrough-03\uzdoom.ini","19945","6b7002f25cf7d53dd290aba1ffc9fc1f1c508c38cb6c2a0e022f9a7734e42213"
"reports\runtime\s1\walkthrough-03\video-diagnosis.md","3150","aa16844fcd5cd5e995e3bf20cf94339ff411b4096a7c6e36ed6b80de72bf6dcd"
"reports\runtime\s1\walkthrough-03\video-ready.json","2391","681c140706fec13a800a83f571e92b4fc2a47634d8854fbc41b2e6731c06ad39"
"reports\runtime\save-gate-20260910T140722.971555Z\command.txt","649","b5e5ddc56ecf0a0352dfe8533b6d873ac90192dac6a5f8a80ef86d46a0c146d5"
"reports\runtime\save-gate-20260910T140722.971555Z\result.json","1168","73c4e21ca7194a5576097eb778179dec1030f106de5ca2c5dd94b038a59d2e7f"
"reports\runtime\save-gate-20260910T140722.971555Z\save-sequence.cfg","160","00e3fa587851dfddc74dee21ef54165cd3d54f0c5863b8fd674adcca9050d2b0"
"reports\runtime\save-gate-20260910T140722.971555Z\uzdoom.ini","19839","6c0bd3881c635282d3943684364d612dc647fe9b1bc733da6a0d5e40ba492345"
"reports\runtime\save-gate-20260910T141712.703859Z\command.txt","649","921d069d86b619654dbcf77b2974c1c67267ac0dbf923fa893c9b898f6ce6be2"
"reports\runtime\save-gate-20260910T141712.703859Z\result.json","1168","efc93edd90c88223c85672e5f4e336c7b3f7a0a6b0d9c5f71c67182dd3cae87b"
"reports\runtime\save-gate-20260910T141712.703859Z\save-sequence.cfg","160","00e3fa587851dfddc74dee21ef54165cd3d54f0c5863b8fd674adcca9050d2b0"
"reports\runtime\save-gate-20260910T141712.703859Z\uzdoom.ini","19839","8aa09050de0332e9a451bc3097bbb4cbc5d3ad7cac3ae9a8d2dc4e7db1005d9a"
"reports\runtime\save-gate-20260910T155740.291935Z\command.txt","649","284ed5f867fa9161f2a5f0784fab87e18f10c24c53b8c9563bf3207760ee9f18"
"reports\runtime\save-gate-20260910T155740.291935Z\result.json","1102","35ffa528d5ab785ac61e05f1e06aaada9843ead1caef6bf4f4b80f0eb7af4ece"
"reports\runtime\save-gate-20260910T155740.291935Z\save-sequence.cfg","178","c33341cfb61ffdea98accf2a107231905ec2e3b88057bb9b17ede848c0222af5"
"reports\runtime\save-gate-20260910T155740.291935Z\uzdoom.ini","381","6ae3aac5ebea9b7603141619652d1f6fd01b52473de4185eaa1f44fc722783e4"
"reports\runtime\save-gate-20260910T155836.313578Z\command.txt","649","bd5c9d765cd1420302e06234cf50c72e456844943ae95b0bd09ec84853810762"
"reports\runtime\save-gate-20260910T155836.313578Z\save-sequence.cfg","178","c33341cfb61ffdea98accf2a107231905ec2e3b88057bb9b17ede848c0222af5"
"reports\runtime\save-gate-20260910T155836.313578Z\uzdoom.ini","381","95457e67c74d40ac8ee992c3eace2e0cf42d57dcbccc5559d0b5241dac80a896"
"reports\runtime\save-gate-20260910T160033.932674Z\command.txt","649","1e002ba14ab60adba32753a744a91ee75764b2c94b3751e2a97bf8ed6ffa99d0"
"reports\runtime\save-gate-20260910T160033.932674Z\result.json","1240","b99d93e5efb136d9e4f6c0f4fc6c2ef0678f021253935ee9a82c27fe0a797aca"
"reports\runtime\save-gate-20260910T160033.932674Z\save-sequence.cfg","182","8d7a675ab015e18b9119e721d808d4a056d254ae142abe114d5c3fb58ef74109"
"reports\runtime\save-gate-20260910T160033.932674Z\uzdoom.ini","381","9becb36a250f9034b742097b805c23fe0dd8320565cd8fccc9ca1126cd08e905"
"reports\runtime\save-gate-20260910T160147.711439Z\command.txt","668","82ce33dee5a930c86e15f80fb80c40d4b2097747040f5d4c51409d912f543bec"
"reports\runtime\save-gate-20260910T160147.711439Z\result.json","1168","7fc2df5b625667047d3c248e7d4e628920f477b2b8ee1e6feb9bf0fcee3c6925"
"reports\runtime\save-gate-20260910T160147.711439Z\save-sequence.cfg","182","8d7a675ab015e18b9119e721d808d4a056d254ae142abe114d5c3fb58ef74109"
"reports\runtime\save-gate-20260910T160147.711439Z\uzdoom.ini","19887","4e6ec32bc65b8fb5a0a130bdf958f772333879bb5c1f30ada9a8c8fe185ccad4"
"reports\runtime\save-gate-20260910T160252.119244Z\command.txt","668","1140342eac886e633545d615ce680f03f59aa6ec1aecf39fe082da936cd0d938"
"reports\runtime\save-gate-20260910T160252.119244Z\result.json","1168","0c5676548fa53e467654bb73a4dc53c72a38fa754ce654853109902ae070949a"
"reports\runtime\save-gate-20260910T160252.119244Z\save-sequence.cfg","182","8d7a675ab015e18b9119e721d808d4a056d254ae142abe114d5c3fb58ef74109"
"reports\runtime\save-gate-20260910T160252.119244Z\uzdoom.ini","19887","f3f277a0b4ceb6f72c8ccc6c33c9155e1bcd10a0bd404feb9bb7c50c9bdd80a9"
"reports\runtime\save-gate-20260910T160459.583700Z\command.txt","668","3323f196593d0a9b859efa7402e078cb83ca5f371e8d913ed43289c2a9c17ad2"
"reports\runtime\save-gate-20260910T160459.583700Z\result.json","1166","c05b0a3759b02adeb5124e0d85ac2c4590d0cf74926ea3adcd4b4d0f81beae98"
"reports\runtime\save-gate-20260910T160459.583700Z\save-sequence.cfg","1210","00d287607c75e1dcb6a4e12ac5cbae2c56b4cb43fd09c25817fe362b141bcf8b"
"reports\runtime\save-gate-20260910T160459.583700Z\uzdoom.ini","19887","d33e8e92e93bd4f03b272a5b16b4d46efb7ce5aa396887137683682166679912"
"reports\runtime\save-gate-20260910T160707.174875Z\command.txt","668","bee635a8c7012f802b2b8a5557e02b860f629bfb7ee16a587937ef7d72901dfe"
"reports\runtime\save-gate-20260910T160707.174875Z\result.json","1513","3b3ec311d98b6d44b5abb23bb0d740c6a3284e2356e6cda53eee7d02bf9ef56d"
"reports\runtime\save-gate-20260910T160707.174875Z\save-sequence.cfg","1241","379675cbf17db76e032215c51bcb08ebe7b40ce853419eb5fc933ab54d3ec829"
"reports\runtime\save-gate-20260910T160707.174875Z\uzdoom.ini","19887","c964e5bbd05394e442dfc3594c05e8c5c0efe4c6c8850e542e7b9259c462b92a"
"reports\runtime\save-gate-20260910T160820.645843Z\command.txt","668","b0cd17cb586b77092cf627ae3e4a94a9de51c19f6641b253ce7a455a8525e12f"
"reports\runtime\save-gate-20260910T160820.645843Z\result.json","1386","63ca1110d8e8e9061049683d4aaa3ca27b4e5a97d22da9c6479dbf623b6c4394"
"reports\runtime\save-gate-20260910T160820.645843Z\save-sequence.cfg","1241","379675cbf17db76e032215c51bcb08ebe7b40ce853419eb5fc933ab54d3ec829"
"reports\runtime\save-gate-20260910T160820.645843Z\uzdoom.ini","19887","10db045f32cadcfb5225c601b44035d91aa7e5923c50531774403933dc9f269a"
"reports\runtime\save-gate-20260910T160942.280459Z\command.txt","668","84dd7d6d0cd8733d3653221e693e4cc1fe52af661b4b5c508956b20a00a2889f"
"reports\runtime\save-gate-20260910T160942.280459Z\result.json","1386","0a7b01c61a742e8f4dfdeabee36a172165364b60a2218bbd6cb7e6a88ce83b3a"
"reports\runtime\save-gate-20260910T160942.280459Z\save-sequence.cfg","1241","379675cbf17db76e032215c51bcb08ebe7b40ce853419eb5fc933ab54d3ec829"
"reports\runtime\save-gate-20260910T160942.280459Z\uzdoom.ini","19887","39615a6674f9fe69663570e323d9070572447a8b7ac9cff70434d8de2c362e76"
"reports\runtime\save-gate-20260910T164459.663287Z\command.txt","649","468e7c2f22289f94f7f4771ffcbb0b34bf5618bf44f9009b23e651c4347f1d53"
"reports\runtime\save-gate-20260910T164459.663287Z\result.json","1386","c175ab90771f45d1cec40538a704f4597b2cff5491252bd1ed5d18ba754e7098"
"reports\runtime\save-gate-20260910T164459.663287Z\save-sequence.cfg","1241","379675cbf17db76e032215c51bcb08ebe7b40ce853419eb5fc933ab54d3ec829"
"reports\runtime\save-gate-20260910T164459.663287Z\uzdoom.ini","19887","59977ce3497b42a165d94950221a6d7818e2ce6aa48616082d6a1180fa33c167"
"reports\runtime\save-gate-20260910T170941.027728Z\command.txt","649","611da2798bdc9951b2e6b43342d5d658b06e589900cda6e2040856c797955a61"
"reports\runtime\save-gate-20260910T170941.027728Z\result.json","1386","32df75f5eace6eece8f9331edba98a2c9361dd5ae1a9bc18c7e68c36447a6b8e"
"reports\runtime\save-gate-20260910T170941.027728Z\save-sequence.cfg","1241","379675cbf17db76e032215c51bcb08ebe7b40ce853419eb5fc933ab54d3ec829"
"reports\runtime\save-gate-20260910T170941.027728Z\uzdoom.ini","19887","a53b31e8c0a485a5158855976ac8ac1f1b202c24f8fdb69e5f1ea8743a4a4f85"
"reports\runtime\save-gate-20260911T204947.839072Z\command.txt","544","a637789cb56303d4db1e03518d36f50a9aaefa39a0f10c230020ef80aabe0fe5"
"reports\runtime\save-gate-20260911T204947.839072Z\save-sequence.cfg","160","00e3fa587851dfddc74dee21ef54165cd3d54f0c5863b8fd674adcca9050d2b0"
"reports\runtime\save-gate-20260911T204947.839072Z\uzdoom.ini","19866","4c75b4bcfa4bcdb3ad8ce15c4aadb830e100b08eb841a9c7a50d8607259483c1"
"reports\runtime\save-gate-20260911T205047.390317Z\command.txt","544","a83797d6fe2e979858854b4d539ced2e0911a98c249b6f391c44ff461bf2ae81"
"reports\runtime\save-gate-20260911T205047.390317Z\result.json","1167","3aebc945ba22fea64eb43da893621bef4bfddee8f70351b4f447f0ec80d2caa1"
"reports\runtime\save-gate-20260911T205047.390317Z\save-sequence.cfg","160","00e3fa587851dfddc74dee21ef54165cd3d54f0c5863b8fd674adcca9050d2b0"
"reports\runtime\save-gate-20260911T205047.390317Z\uzdoom.ini","19866","7709491f46b88b2367b29fa329863992f1ea42328477bd725ee1b653591bf3da"
"reports\runtime\save-gate-20260911T205113.665369Z\command.txt","544","35be5b0ec5e5f32a32e3415f861425c9b8c3ee291c51541f08a916705de6e5d9"
"reports\runtime\save-gate-20260911T205113.665369Z\result.json","1420","fb14703a8e2407e65b9058c9b64ea6e3c5e7eb89890d03488a5d9b0a1315d525"
"reports\runtime\save-gate-20260911T205113.665369Z\save-sequence.cfg","1241","379675cbf17db76e032215c51bcb08ebe7b40ce853419eb5fc933ab54d3ec829"
"reports\runtime\save-gate-20260911T205113.665369Z\uzdoom.ini","19866","1fbef2ced3eab913087b0dc8a2f7fba5f58ad88e992eecd442c0aa4efcb9c246"
"reports\runtime\save-gate-20260911T205323.966021Z\command.txt","544","329544571d8d2a973c3bf83713a39a2096ca8fe7c1a80d8b24f11158131519fc"
"reports\runtime\save-gate-20260911T205323.966021Z\result.json","1420","ab3df6e82b61acea36a9a1d11811ef94595f0c1f9d1efbb7db0ea1cc3283ff1c"
"reports\runtime\save-gate-20260911T205323.966021Z\save-sequence.cfg","1241","379675cbf17db76e032215c51bcb08ebe7b40ce853419eb5fc933ab54d3ec829"
"reports\runtime\save-gate-20260911T205323.966021Z\uzdoom.ini","360","9e0772185b3c2a654c71070ef1652456a964c830736e9aac03cefff1e75bbabb"
"reports\runtime\save-gate-20260911T205344.925681Z\command.txt","544","767dca5860a63c275b68b7537b69058990062f91699309d41e6e5ee90ec0e929"
"reports\runtime\save-gate-20260911T205344.925681Z\result.json","1168","dac5deb08dead7214d88e9744ecd1990ed4b2e4ef1e053dc46f51901df850bac"
"reports\runtime\save-gate-20260911T205344.925681Z\save-sequence.cfg","160","00e3fa587851dfddc74dee21ef54165cd3d54f0c5863b8fd674adcca9050d2b0"
"reports\runtime\save-gate-20260911T205344.925681Z\uzdoom.ini","19866","11487ea94e8a5480ca308960e0b491d640823231023dc15f0837d339a6e99516"
"reports\runtime\save-gate-20260911T213515.654428Z\command.txt","544","72df3eee7bd18846300b01ebd0169fb6c14fcfdf967fb73849dd8d46072cbeb0"
"reports\runtime\save-gate-20260911T213515.654428Z\result.json","1420","12ecad444da1ddb1f29e36486316f9a11f5c57b5fd16b80925f3b459f5bd9c71"
"reports\runtime\save-gate-20260911T213515.654428Z\save-sequence.cfg","1241","379675cbf17db76e032215c51bcb08ebe7b40ce853419eb5fc933ab54d3ec829"
"reports\runtime\save-gate-20260911T213515.654428Z\uzdoom.ini","19866","d4b8232ddb157089c974a2467b7e98e2c6b0412d7d02d793cb51b0088100e09f"
"reports\runtime\save-gate-20260911T213931.494325Z\command.txt","544","d36788f014a00aa99c8afc450b3d106a6cbedaa44d1df858c54a9f844f53ed2a"
"reports\runtime\save-gate-20260911T213931.494325Z\result.json","1168","00de64ffe2bf7b87cdd391255dd2add4d58270b29efeba751e80033460299e9f"
"reports\runtime\save-gate-20260911T213931.494325Z\save-sequence.cfg","160","00e3fa587851dfddc74dee21ef54165cd3d54f0c5863b8fd674adcca9050d2b0"
"reports\runtime\save-gate-20260911T213931.494325Z\uzdoom.ini","19866","25dc6b5b4d5faca15e46ffc6e364a512da82035386c626cc80664dfe99c12ff4"
"reports\runtime\session-2026-09-10\ci-final.txt","7718","ba8154c49d32a9383b4aaa61616021aa835dd68e0b5a0844ebbbe5e150c043be"
"reports\runtime\session-2026-09-10\completion.json","2614","b8eae26360247b57e22ea3f0abaaa00d78fda5727bbbf27c52293857e699576d"
"reports\runtime\session-2026-09-10\files-changed.txt","3754","a129f301609451ed6938078411ee0ee24e2b0626294a58c3373339f2890f93bc"
"reports\runtime\three-weapons-boot-20260911T143843.157841Z\command.txt","443","161f8d05b7d347e5e9425d041a4b8f76d82af81fb8c668049074d8f132c95ca2"
"reports\runtime\three-weapons-boot-20260911T143843.157841Z\result.json","1812","9fc88ffdf6223d9174caefcd7a8c9fda6ea66fd866d895459ac455f5e7c620cc"
"reports\runtime\three-weapons-boot-20260911T143843.157841Z\uzdoom.ini","19875","91104a38e639179e1cb1bd29764f0523f1a44f6e7f368c69ee48f1e7f2876764"
"reports\runtime\three-weapons-boot-correct-20260911T143915.528810Z\command.txt","456","578c0f67e29de9cc0350a4bc824211f0020769aea3327f72bd3bc905975c87f3"
"reports\runtime\three-weapons-boot-correct-20260911T143915.528810Z\result.json","1799","e9c0e1bbe68093b9f423873157d8b3284861011b944b27fbdb4a1ef07fd4ec51"
"reports\runtime\three-weapons-boot-correct-20260911T143915.528810Z\uzdoom.ini","19883","df6a45959202f7150ba88840134a4f007a17f4912f776c8c85aaa27d4fc1d2d5"
"reports\runtime\validation-breakthrough-browning-20260911T213435.854756Z\command.txt","461","123149db06a359a2b94c2088c50454b20851edbad437702f30b56b552a84a2e4"
"reports\runtime\validation-breakthrough-browning-20260911T213435.854756Z\result.json","1812","d7f44e91a08843a633cf5ae397502f511ced82aee39138efff8d824d35cd203c"
"reports\runtime\validation-breakthrough-browning-20260911T213435.854756Z\uzdoom.ini","19889","55693c33128fcafb5ea5f8e173146b431bb58b76ce1863e030cd12b1191bbb36"
"reports\runtime\validation-breakthrough-fal-20260911T213412.586250Z\command.txt","451","f26668235ddc589a9e84ef41d8e0a5b1f807fed7bf02dafc58cd7d96c626e115"
"reports\runtime\validation-breakthrough-fal-20260911T213412.586250Z\result.json","1792","0e60cb268cda8f9b3446444979b4cd24d3fbef1d09b84796d7990cf2d2d775db"
"reports\runtime\validation-breakthrough-fal-20260911T213412.586250Z\uzdoom.ini","19884","c79c66bd25272674c1a25c75e266bf34215bd5359751475ac3f1f84371289b19"
"reports\runtime\validation-breakthrough-robust-20260911T213453.339205Z\command.txt","460","4e33d3d54f367d754cfa8345a18b22903f17c44342c1f384c8a4b543c4ed9082"
"reports\runtime\validation-breakthrough-robust-20260911T213453.339205Z\result.json","1809","d51bba1c78661d0edf0a22b9cbcbd055338fb2e170b1085073d4299c860a23a5"
"reports\runtime\validation-breakthrough-robust-20260911T213453.339205Z\uzdoom.ini","19887","f98cc472c095e04483bc9ebdfa93bc3082fae84a234dacf414edf370dbeff396"
"reports\s1_production.md","5183","01c08c231820d7db3c97a8613e3338dae5e235619116dd9b6f17cd6c57bc313e"
"reports\session_2026-09-10.md","18492","003fc8001f779c9c0a52d91ddc59f5bccc25c0df93cdf4043a1768b8bd1b3a5b"
"reports\windows_project_migration.md","5690","7981eb14f2aad08183d518c389d99c9e02fb7520ea6eac88c9f5530a021437f8"
"requirements-dev.txt","17","d3d476ce521df01ece4f8dc646430089b03786f763e80c103d6436296033b475"
"RF2_DOSSIER_MAITRE.md","92403","9af95675b40af5bd8bec68b489777d482c6fe29cb94d8d8943039ebcc1b3a108"
"RF2_FINITION_VIKTOR_2026-09-11.zip","531617","9f7b4ec0d6eef56621fac77d2b2c44de78d8e59e6d873370c175b5a55783671e"
"RF2_FINITION_VIKTOR_2026-09-11\RF2_FINITION_VIKTOR\LIRE_D_ABORD.md","1572","4efd918d3c31cdfad49f07c65d97e58437799909c1e8c164497738357bdd4015"
"RF2_FINITION_VIKTOR_2026-09-11\RF2_FINITION_VIKTOR\PROMPT_MAITRE_FINITION.md","25939","d935817cdca7ad0bb300966ef23b429b489be2480c8026bde1974ea904ce75e3"
"RF2_FINITION_VIKTOR_2026-09-11\RF2_FINITION_VIKTOR\references\VIKTOR_IDENTITY_REFERENCE.jpg","519517","90f51881bf8ffe93136e429561bbfde0c119b7a2ddfc4054ca838ec0a98807c3"
"RF2_FINITION_VIKTOR_2026-09-11\RF2_FINITION_VIKTOR\SHA256SUMS.txt","281","bb8562e5bc5dae126c7cf682b7845a73c2927bee806c31ba92262fb04160a102"
"RF2_MAP01_GOLD_3WEAPONS_SUPERB_ENEMIES_PACK_2026-09-11.zip","26276","d9425347336c9ef5fb7efd3a5c0c37c8578f9eab698cf98a5173c9c4902496f9"
"RF2_MAP01_GOLD_3WEAPONS_SUPERB_ENEMIES_PACK_2026-09-11\RF2_MAP01_GOLD_3WEAPONS_SUPERB_ENEMIES_PACK_2026-09-11\00_READ_ME_FIRST.md","1699","4aff77b4fe2a9c621987e712a22cf909648d7b4a6b1f24f6eb7676b801580b48"
"RF2_MAP01_GOLD_3WEAPONS_SUPERB_ENEMIES_PACK_2026-09-11\RF2_MAP01_GOLD_3WEAPONS_SUPERB_ENEMIES_PACK_2026-09-11\docs\CURRENT_STATE_INPUT_2026-09-10.md","595","e3b13dc1a9452915dacc607bbe2a614084b7a139fa7fc9d79db5a2bdaa3da6c5"
"RF2_MAP01_GOLD_3WEAPONS_SUPERB_ENEMIES_PACK_2026-09-11\RF2_MAP01_GOLD_3WEAPONS_SUPERB_ENEMIES_PACK_2026-09-11\docs\ENEMY_GOLD_STANDARD.md","1928","b1308e3149fa24bdadb96d758138cbc779892fecff0ee84a6ca9038e3825bb88"
"RF2_MAP01_GOLD_3WEAPONS_SUPERB_ENEMIES_PACK_2026-09-11\RF2_MAP01_GOLD_3WEAPONS_SUPERB_ENEMIES_PACK_2026-09-11\docs\MAP01_GOLD_3WEAPONS_LOCK.md","1699","1a51382626968b59d43b244c1ef98c45e4305623bfc04a3aeef41722b574df76"
"RF2_MAP01_GOLD_3WEAPONS_SUPERB_ENEMIES_PACK_2026-09-11\RF2_MAP01_GOLD_3WEAPONS_SUPERB_ENEMIES_PACK_2026-09-11\docs\NO_PLACEHOLDERS_AND_ART_RULES.md","831","276d7e0c5dd6e7fc512741e71e9af1697627e2fd7a836fee0fa4548b3adc391d"
"RF2_MAP01_GOLD_3WEAPONS_SUPERB_ENEMIES_PACK_2026-09-11\RF2_MAP01_GOLD_3WEAPONS_SUPERB_ENEMIES_PACK_2026-09-11\docs\PRODUCTION_ORDER_AND_ACCEPTANCE.md","1721","ae0cc4620e36d5298fc525062a85af9d402dd1f96c19a5428215af906d2a73c5"
"RF2_MAP01_GOLD_3WEAPONS_SUPERB_ENEMIES_PACK_2026-09-11\RF2_MAP01_GOLD_3WEAPONS_SUPERB_ENEMIES_PACK_2026-09-11\docs\WEAPON_GOLD_STANDARD.md","2151","8bb54f63f96e62d8984ee3168724e2c608350fb402e315cf600b4f5253789aad"
"RF2_MAP01_GOLD_3WEAPONS_SUPERB_ENEMIES_PACK_2026-09-11\RF2_MAP01_GOLD_3WEAPONS_SUPERB_ENEMIES_PACK_2026-09-11\manifests\map01_gold_3weapons_contract.json","408","f4c59e29268e4caadd1e241af582ab423d7102cb19277a6866f2589f95831743"
"RF2_MAP01_GOLD_3WEAPONS_SUPERB_ENEMIES_PACK_2026-09-11\RF2_MAP01_GOLD_3WEAPONS_SUPERB_ENEMIES_PACK_2026-09-11\notes\WHY_THIS_PACK_EXISTS.md","282","7a86a7c0398599183031f81c7f3d4d7f413b05d1ecf0759126ba07de6ce1f17e"
"RF2_MAP01_GOLD_3WEAPONS_SUPERB_ENEMIES_PACK_2026-09-11\RF2_MAP01_GOLD_3WEAPONS_SUPERB_ENEMIES_PACK_2026-09-11\prompts\00_PREVIOUS_MASTER_PROMPT.md","23889","890c14b2720d55e17c04ca9939e73e471d22c76742999735c2b59a0f2b15bbd8"
"RF2_MAP01_GOLD_3WEAPONS_SUPERB_ENEMIES_PACK_2026-09-11\RF2_MAP01_GOLD_3WEAPONS_SUPERB_ENEMIES_PACK_2026-09-11\prompts\01_ASTRA_ULTRA_MAP01_GOLD_3WEAPONS.md","7597","d23ed922494842a07c010a4efc61171fd7783ea2dc65a240c42879b5bd71a54b"
"RF2_MAP01_GOLD_3WEAPONS_SUPERB_ENEMIES_PACK_2026-09-11\RF2_MAP01_GOLD_3WEAPONS_SUPERB_ENEMIES_PACK_2026-09-11\prompts\02_FABLE_3WEAPONS_HQ.md","1228","10f71f40b5e9604bbe4e3f43250ea98ff2340aa9956c54b8f3f55af103b0d9ca"
"RF2_MAP01_GOLD_3WEAPONS_SUPERB_ENEMIES_PACK_2026-09-11\RF2_MAP01_GOLD_3WEAPONS_SUPERB_ENEMIES_PACK_2026-09-11\prompts\03_FABLE_ENEMIES_SUPERB.md","1078","9af3d22cbaea3cf724ed2b24de8967de43eee4f318a7d13112dc06069135fadc"
"RF2_MAP01_GOLD_3WEAPONS_SUPERB_ENEMIES_PACK_2026-09-11\RF2_MAP01_GOLD_3WEAPONS_SUPERB_ENEMIES_PACK_2026-09-11\prompts\04_FABLE_ENVIRONMENT_FINAL.md","703","3c754d01c37a8eca472f5d463a8bafd8a707b9662dc3ed26a261178de3ed93b3"
"RF2_MAP01_GOLD_3WEAPONS_SUPERB_ENEMIES_PACK_2026-09-11\RF2_MAP01_GOLD_3WEAPONS_SUPERB_ENEMIES_PACK_2026-09-11\templates\MAP01_GOLD_REPORT_TEMPLATE.md","416","5b8b2754af888c006ad4b791e6c8a646ea5777bfbb284633efc43dd003ad902f"
"RF2_MAP01_GOLD_COMPLETE_PACK_2026-09-10.zip","8509200","b187fb267c6fe42d55b7d2f3a561b15252338c372306d2aeb3fb499c6a6af603"
"RF2_MAP01_GOLD_COMPLETE_PACK_2026-09-10\RF2_MAP01_GOLD_COMPLETE_PACK_2026-09-10\00_READ_ME_FIRST.md","1684","8f1ec779753db4f8b991db7d375d3fb74a0b183cc0b140f6085ab0683060af5a"
"RF2_MAP01_GOLD_COMPLETE_PACK_2026-09-10\RF2_MAP01_GOLD_COMPLETE_PACK_2026-09-10\context\RF2_DOSSIER_MAITRE.md","91826","3a3d360363d38d66afb1e56103f4f46a8041959b0bebd90a05e5f1d0284424b1"
"RF2_MAP01_GOLD_COMPLETE_PACK_2026-09-10\RF2_MAP01_GOLD_COMPLETE_PACK_2026-09-10\context\RF2_SLICE_S1_Production_Pack_1.0.zip","7291454","3015f43d34e3bf963779b5190cc95d8172342c086da4c0373e470e63b3b990ac"
"RF2_MAP01_GOLD_COMPLETE_PACK_2026-09-10\RF2_MAP01_GOLD_COMPLETE_PACK_2026-09-10\context\RF2_Weapon_Pivot_Windows_Pack_2026-09-10.zip","1143794","a5a4ada2c9697c45e84895a71e2cb2e7aa3d5a793c3d0417e8f3f4f17f059da5"
"RF2_MAP01_GOLD_COMPLETE_PACK_2026-09-10\RF2_MAP01_GOLD_COMPLETE_PACK_2026-09-10\docs\AUDIO_GOLD_STANDARD.md","1445","dff3678adacefe6c96bf52dc1ba25ff50c3bfacdac4f627e0011580087c630fd"
"RF2_MAP01_GOLD_COMPLETE_PACK_2026-09-10\RF2_MAP01_GOLD_COMPLETE_PACK_2026-09-10\docs\ENEMY_GOLD_STANDARD.md","3021","301c727046c84dd382e01a940623ab37d065a26c13c5ae3d3d9abb34cb3a701b"
"RF2_MAP01_GOLD_COMPLETE_PACK_2026-09-10\RF2_MAP01_GOLD_COMPLETE_PACK_2026-09-10\docs\ENVIRONMENT_GOLD_STANDARD.md","2435","923465de68653d996d4adaaad3f0ce835915ac8f50a821d85064319dcd7197a4"
"RF2_MAP01_GOLD_COMPLETE_PACK_2026-09-10\RF2_MAP01_GOLD_COMPLETE_PACK_2026-09-10\docs\FAL_GOLD_STANDARD.md","3222","4db387c8f695d316a9a22dbe1c789c2a2ce93ead4c4da6470ee66da0194b6497"
"RF2_MAP01_GOLD_COMPLETE_PACK_2026-09-10\RF2_MAP01_GOLD_COMPLETE_PACK_2026-09-10\docs\MAP01_GOLD_DESIGN.md","7328","10fe79d169b2fcb598aff59adb8e8eb8fed7d2d60f6620cd54653bb55f89e424"
"RF2_MAP01_GOLD_COMPLETE_PACK_2026-09-10\RF2_MAP01_GOLD_COMPLETE_PACK_2026-09-10\docs\PRODUCTION_SEQUENCE.md","1393","376520716c43ad9800773b6b2cac51e7c6abfc10f927ffc10e4c1d043028b27f"
"RF2_MAP01_GOLD_COMPLETE_PACK_2026-09-10\RF2_MAP01_GOLD_COMPLETE_PACK_2026-09-10\docs\QA_AND_ACCEPTANCE.md","2856","90016a1aac30b08c7b490cce4d93075dc42b2120b1ce82b39e62f7829f0b5cfd"
"RF2_MAP01_GOLD_COMPLETE_PACK_2026-09-10\RF2_MAP01_GOLD_COMPLETE_PACK_2026-09-10\manifests\ART_ACCEPTANCE_CHECKLIST.csv","1333","30c186187c1f7b1c4214b93285bc6c961976ebf0cbce56f9cbe4839289bdee56"
"RF2_MAP01_GOLD_COMPLETE_PACK_2026-09-10\RF2_MAP01_GOLD_COMPLETE_PACK_2026-09-10\manifests\MAP01_GOLD_CONTRACT.json","1722","5de0baae97c96a262f308dbd626e3622843dce9fdc5a79827d6e9ec3499594b8"
"RF2_MAP01_GOLD_COMPLETE_PACK_2026-09-10\RF2_MAP01_GOLD_COMPLETE_PACK_2026-09-10\manifests\SHA256SUMS.txt","2504","9c8081765359ed6aa8ef562f5e7257252cc0f3db2bee14fdca3f1d3e360f1694"
"RF2_MAP01_GOLD_COMPLETE_PACK_2026-09-10\RF2_MAP01_GOLD_COMPLETE_PACK_2026-09-10\prompts\ASTRA_ULTRA_MAP01_GOLD.md","8601","636d33058980843cf4517334ed9d97bbdfdefebb822d0782dd1ed431bb92e8bb"
"RF2_MAP01_GOLD_COMPLETE_PACK_2026-09-10\RF2_MAP01_GOLD_COMPLETE_PACK_2026-09-10\prompts\CODEX_MAP01_IMPLEMENTATION.md","940","90517700ed67c9d86fc958816d75a82e4f569f927786b557db3879bcc0ae080b"
"RF2_MAP01_GOLD_COMPLETE_PACK_2026-09-10\RF2_MAP01_GOLD_COMPLETE_PACK_2026-09-10\prompts\FABLE_ENEMY_GOLD.md","973","85a5d774a5d8faa97bff87ee0f6b602f51d3362178b132af656bc42265bd4f09"
"RF2_MAP01_GOLD_COMPLETE_PACK_2026-09-10\RF2_MAP01_GOLD_COMPLETE_PACK_2026-09-10\prompts\FABLE_ENVIRONMENT_GOLD.md","796","4c18b1ed5e16020ca1b101719403bf7a58f33c97e46db8b5e21215b08283ffb6"
"RF2_MAP01_GOLD_COMPLETE_PACK_2026-09-10\RF2_MAP01_GOLD_COMPLETE_PACK_2026-09-10\prompts\FABLE_FAL_GOLD.md","1200","20e718c7825812d79c20b8c1c7700766a44720112ed512e89f945cd4c46ab82b"
"RF2_MAP01_GOLD_COMPLETE_PACK_2026-09-10\RF2_MAP01_GOLD_COMPLETE_PACK_2026-09-10\qa\OWNER_REVIEW_CARD.md","880","1c6f63d0266e165886e21cf8290e4aef92c763256b65923c34fd9c6dbaf896f1"
"RF2_MAP01_GOLD_COMPLETE_PACK_2026-09-10\RF2_MAP01_GOLD_COMPLETE_PACK_2026-09-10\templates\MAP01_GOLD_REPORT_TEMPLATE.md","896","979ba63c9fdbb202783d3514ff3d8254bd0d67820c0946c2def798d0d0fb44a7"
"RF2_MAP01_GOLD_COMPLETE_PACK_2026-09-10\RF2_MAP01_GOLD_COMPLETE_PACK_2026-09-10\tools\map01_gold_contract_gate.py","3324","07c1373db3e74e51b916223a20fea06ea80409fdffe1d2194233bb0fdbe20b8a"
"RF2_MAP01_GOLD_COMPLETE_PACK_2026-09-10\RF2_MAP01_GOLD_COMPLETE_PACK_2026-09-10\tools\new_art_review_copy.ps1","429","e8defb84ba7ec8730d07dfa71e111b13e68e3aa335450387a26d8be6e6d8d772"
"RF2_MAP01_GOLD_COMPLETE_PACK_2026-09-10\RF2_MAP01_GOLD_COMPLETE_PACK_2026-09-10\tools\run_map01_gold_gates.ps1","1819","dbc1c59957aad526e9933f480c2bb4705dac3ab182b287b624d0fdb35554684a"
"RF2_SLICE_S1_Production_Pack_1.0.zip","7291454","3015f43d34e3bf963779b5190cc95d8172342c086da4c0373e470e63b3b990ac"
"RF2_SLICE_S1_Production_Pack_1.0\RF2_SLICE_S1\assets\audio\SNDINFO","1595","c44214e9dd8e9fb29e2b24d153abbb755204489ba47d89324db350e1301a66ec"
"RF2_SLICE_S1_Production_Pack_1.0\RF2_SLICE_S1\assets\audio\sounds\rf2s1\brancardier\brace.wav","96044","b27ea61f3d528038626a31cd9a57e909ae7bbacd3d3c6fa0024a6e365a96aee6"
"RF2_SLICE_S1_Production_Pack_1.0\RF2_SLICE_S1\assets\audio\sounds\rf2s1\brancardier\frame_hit.wav","86444","158561c96f62b57f2359de9eb8d7261d82870f3773a314fda4dcf095294538c4"
"RF2_SLICE_S1_Production_Pack_1.0\RF2_SLICE_S1\assets\audio\sounds\rf2s1\brancardier\wheel.wav","91244","b11924dd0be2e3e173d63d1382af0edc74294976543a410161e051a9fc40f56d"
"RF2_SLICE_S1_Production_Pack_1.0\RF2_SLICE_S1\assets\audio\sounds\rf2s1\fal\action.wav","62444","5913e8df5b591fee630101a3d32e3d92c5e3951414aeb90a8d15e58fc03123ae"
"RF2_SLICE_S1_Production_Pack_1.0\RF2_SLICE_S1\assets\audio\sounds\rf2s1\fal\cloth.wav","28844","21259239b672279aa565fd6ba4c15ffa00eadc21dcf92a6fc350336d43a2b0ff"
"RF2_SLICE_S1_Production_Pack_1.0\RF2_SLICE_S1\assets\audio\sounds\rf2s1\fal\dry.wav","62444","b05ef2ce3e45885f06bf8f348520b3e7a7c2eae829ad891f1c601437f8e8bd7a"
"RF2_SLICE_S1_Production_Pack_1.0\RF2_SLICE_S1\assets\audio\sounds\rf2s1\fal\latch.wav","62444","52b3533a229159c12828686715273f5eb97cf63c37cd6dbff5c4a91d74713921"
"RF2_SLICE_S1_Production_Pack_1.0\RF2_SLICE_S1\assets\audio\sounds\rf2s1\fal\mag_in.wav","62444","c9ee64f295ca777e9a064a8a8a69eb3f81d09222f858b66023ee27323f9f4938"
"RF2_SLICE_S1_Production_Pack_1.0\RF2_SLICE_S1\assets\audio\sounds\rf2s1\fal\mag_out.wav","62444","da789fbebf363c2712e3c8e85e15d0b9b72961aa8aa3341ce543c5d03af42d1c"
"RF2_SLICE_S1_Production_Pack_1.0\RF2_SLICE_S1\assets\audio\sounds\rf2s1\fal\raise.wav","62444","285c27b081f4ec68e6764fcaf263b2bf2caae07e68e403a04e685f4395d121ab"
"RF2_SLICE_S1_Production_Pack_1.0\RF2_SLICE_S1\assets\audio\sounds\rf2s1\fal\seat.wav","62444","7522a409db9e2b2414b74bac88faf82a8c7594c47e5cf44100fa23ec04197080"
"RF2_SLICE_S1_Production_Pack_1.0\RF2_SLICE_S1\assets\audio\sounds\rf2s1\fal\shell_01.wav","62444","b770eda6963d00d50b6947283b46e619d506767216f6a4c132342d7b9ed36580"
"RF2_SLICE_S1_Production_Pack_1.0\RF2_SLICE_S1\assets\audio\sounds\rf2s1\fal\shell_02.wav","62444","d99517af0212b56cba4fb8e1541919f66131dfed9ea524f0be8beea6eeb8aca2"
"RF2_SLICE_S1_Production_Pack_1.0\RF2_SLICE_S1\assets\audio\sounds\rf2s1\fal\shot_01.wav","91244","6b67ba60878f0213ea7922d5eb408743dc31d854f733915898c734787f3d7f10"
"RF2_SLICE_S1_Production_Pack_1.0\RF2_SLICE_S1\assets\audio\sounds\rf2s1\fal\shot_02.wav","91244","5c9a3bf5936c7c8176c7253d83bdf1668516a0268ddbd4012151084ce939e478"
"RF2_SLICE_S1_Production_Pack_1.0\RF2_SLICE_S1\assets\audio\sounds\rf2s1\fal\shot_03.wav","91244","1ebe007943b1840a0afec68c4ae60406a0e8c0d963ed389968b372e066c6d61f"
"RF2_SLICE_S1_Production_Pack_1.0\RF2_SLICE_S1\assets\audio\sounds\rf2s1\impact\flesh_01.wav","62444","9bc4b5d2ead83d2958d73a3477ed9e6494a209143dd194d85db60e7204d3d5d0"
"RF2_SLICE_S1_Production_Pack_1.0\RF2_SLICE_S1\assets\audio\sounds\rf2s1\impact\flesh_02.wav","62444","ca729e2898ec584edcff9d717428fc5de2d2fe7d559bde62745aa2c2d5a4b295"
"RF2_SLICE_S1_Production_Pack_1.0\RF2_SLICE_S1\assets\audio\sounds\rf2s1\impact\metal_01.wav","62444","edf7b4d0d3fb14763b1fb295ee2da46aaf2a00484baa5df91b258f3d2f7b2255"
"RF2_SLICE_S1_Production_Pack_1.0\RF2_SLICE_S1\assets\audio\sounds\rf2s1\impact\metal_02.wav","62444","a8776ac32a9a82aa6a7a30dab3c87b452f7599b9014c3e838d9ae51d41877f00"
"RF2_SLICE_S1_Production_Pack_1.0\RF2_SLICE_S1\assets\audio\sounds\rf2s1\impact\plaster_01.wav","62444","d9f5751139a1ddf242cff23dbf485e27fd55a0bba0f7e5d1c2951b15b9072933"
"RF2_SLICE_S1_Production_Pack_1.0\RF2_SLICE_S1\assets\audio\sounds\rf2s1\impact\plaster_02.wav","62444","4cc82d72198f982f79027f44b73557fee85a98c081427285f2d5c451d43b0b7b"
"RF2_SLICE_S1_Production_Pack_1.0\RF2_SLICE_S1\assets\audio\sounds\rf2s1\impact\wood_01.wav","62444","d54ec09af14d940291ecf733555cac0d28436abab3bfc2940f0adeeeb37aff48"
"RF2_SLICE_S1_Production_Pack_1.0\RF2_SLICE_S1\assets\audio\sounds\rf2s1\impact\wood_02.wav","62444","9f71a4cdf5c16e27064af4d52af1a7185f27881d5f6ba6b5dcc70c7b5f4de440"
"RF2_SLICE_S1_Production_Pack_1.0\RF2_SLICE_S1\assets\audio\sounds\rf2s1\orderly\step_01.wav","33644","f55b96b5a0e618184e109a91548a6b5c5ac7f927c1b0067b76c4f6749c9a0a92"
"RF2_SLICE_S1_Production_Pack_1.0\RF2_SLICE_S1\assets\audio\sounds\rf2s1\orderly\step_02.wav","33644","7a95bf6150d851aebbe784c11108a270a1b3ab329e72050a804bacc20b33703f"
"RF2_SLICE_S1_Production_Pack_1.0\RF2_SLICE_S1\assets\audio\sounds\rf2s1\world\door.wav","72044","2270f7f803d90f81070662525bdeac52a2dd0be3ab2b676a0ee9c5203411a48d"
"RF2_SLICE_S1_Production_Pack_1.0\RF2_SLICE_S1\assets\audio\sounds\rf2s1\world\hum_loop.wav","768044","9e43c130375db8a21596af802945ce96e921849cf3d3e8e6c980ae698d6baef0"
"RF2_SLICE_S1_Production_Pack_1.0\RF2_SLICE_S1\assets\audio\sounds\rf2s1\world\switch.wav","28844","acf320abb24e5a830d15343a4a0b007d7d561d504f1ea810be64ad674750f8bd"
"RF2_SLICE_S1_Production_Pack_1.0\RF2_SLICE_S1\assets\props\atlas.png","2132198","1a8bd444166d728986d07117ca41c397fe74b7400b5df97d4f37db9cb182ca90"
"RF2_SLICE_S1_Production_Pack_1.0\RF2_SLICE_S1\assets\props\bench.obj","341697","25c1a476db30228cffb6ccb1db0a937ff5ae40eeb52fb2b780bf8b6d90ba15a5"
"RF2_SLICE_S1_Production_Pack_1.0\RF2_SLICE_S1\assets\props\cabinet.obj","579773","f61b43822f6d08115be2330863ad9c1ae05295747bc527992379199dc559b8f2"
"RF2_SLICE_S1_Production_Pack_1.0\RF2_SLICE_S1\assets\props\chair.obj","274321","b850846687f1b71d0a99c7df2944f5ca45fb3db7843567faf958805069e16698"
"RF2_SLICE_S1_Production_Pack_1.0\RF2_SLICE_S1\assets\props\desk.obj","1037960","370113cc700d70409e68d468286c99b3e94245008613edd9e28f8496cb63c113"
"RF2_SLICE_S1_Production_Pack_1.0\RF2_SLICE_S1\assets\props\radiator.obj","884384","6e4b38ac06a8ac645a811390253b17eb70973ba46730d861bd0818b6f0c1234f"
"RF2_SLICE_S1_Production_Pack_1.0\RF2_SLICE_S1\assets\props\trolley.obj","564042","cf8c1ee25fff87dded0ab6f233abf32dc9d367356a25502971f6c7c7fbafd0f9"
"RF2_SLICE_S1_Production_Pack_1.0\RF2_SLICE_S1\data\asset_contracts.json","2042","d054736f8dc0d55e36522dfd42e86bd971f41bdf8ddb379fa61e8717a30ecb21"
"RF2_SLICE_S1_Production_Pack_1.0\RF2_SLICE_S1\data\audio_manifest.json","12417","699053a38f35e8ed61098361d9941f7b96af7f42a826835be86abbd0a35b6b44"
"RF2_SLICE_S1_Production_Pack_1.0\RF2_SLICE_S1\data\encounters.json","2579","9d64700d3ef1dfae0f7756c9fc02e71d3fd02f70f4f71123fcaa4877a27dfdca"
"RF2_SLICE_S1_Production_Pack_1.0\RF2_SLICE_S1\data\evidence_matrix.json","1579","86615cbe2bb3ae3fd8638d0d6f3e67b147f37513956f08858d9d70e33d2a278f"
"RF2_SLICE_S1_Production_Pack_1.0\RF2_SLICE_S1\data\evidence_submission.example.json","240","b0eeda22c0f5d3da540e3d60cb16e63524b86172ae1f78c60b64090bfcaa7569"
"RF2_SLICE_S1_Production_Pack_1.0\RF2_SLICE_S1\data\fal_reference_vectors.json","12111","71fe719a7ace6a23ccd2b63acbd44cbfc92fe639f841a143abf45d21baaab6f1"
"RF2_SLICE_S1_Production_Pack_1.0\RF2_SLICE_S1\data\fal_timeline.json","9549","ef5cf12f7d0f5554a4e472afb3072d39452f14fec775c47453d1f63d43075c6d"
"RF2_SLICE_S1_Production_Pack_1.0\RF2_SLICE_S1\data\layout_anchors.json","2852","954c7473b1249e3607c21f9944cecaf133db1ad5c7e96cafad18027e597a3c40"
"RF2_SLICE_S1_Production_Pack_1.0\RF2_SLICE_S1\data\props_manifest.json","4211","82245352a01c352770e9231de66b3ba497491550dc47b43b66bdf5d26edde8af"
"RF2_SLICE_S1_Production_Pack_1.0\RF2_SLICE_S1\data\slice_contract.json","951","2a7877981a04ae8f2852019bc5c03e24391cfeb2eec57b473c238f9ca5f21c07"
"RF2_SLICE_S1_Production_Pack_1.0\RF2_SLICE_S1\data\sources.json","1407","96529b84cd000599a964beb35623accb9b4942297cfe3f76494e5497e6a034b7"
"RF2_SLICE_S1_Production_Pack_1.0\RF2_SLICE_S1\dist\RF2_S1_AUDIO_CANDIDATE.pk3","1472241","5cc8a7313c76d9993c3a8e14d630997bf8803e036d40a1d5d5fb9abc27cbff91"
"RF2_SLICE_S1_Production_Pack_1.0\RF2_SLICE_S1\docs\ETAT_ET_PROVENANCE.md","1807","b725e1928f6c04dd22e4eeb4a022752fdd42f8b158dba8bb99c77a5dd7f80b00"
"RF2_SLICE_S1_Production_Pack_1.0\RF2_SLICE_S1\docs\INTEGRATION.md","5268","8864bb24ec99f2d95e1db26a204827ae52a0215c3f2e58410868ceb5091d6881"
"RF2_SLICE_S1_Production_Pack_1.0\RF2_SLICE_S1\docs\RECETTE.md","3096","a7ab503648865664a4e7ff7936a2c43bd906a9b57436acae5892385ff2907467"
"RF2_SLICE_S1_Production_Pack_1.0\RF2_SLICE_S1\docs\S1_CIBLE.md","3374","9f91ff95f0cc313d678b452ed1baaf1ff5149287a4d72d72756c0689e4489ee3"
"RF2_SLICE_S1_Production_Pack_1.0\RF2_SLICE_S1\LIRE_D_ABORD.md","3548","faaf06f0d1ce7142ffed51a3f73d6b6230e7e65587a9af4fc1da2678114aa457"
"RF2_SLICE_S1_Production_Pack_1.0\RF2_SLICE_S1\prompts\00_EXECUTION_LEAD.md","10979","328e57276beb4a68b8a557e76532e52d5f32fd6a42215e1bc656406611150c27"
"RF2_SLICE_S1_Production_Pack_1.0\RF2_SLICE_S1\prompts\01_FABLE_FAL.md","2735","4e5bdfdb84952891e242b4e13eb34778f1129a43b7cfd3f54b30cad3bb3476f2"
"RF2_SLICE_S1_Production_Pack_1.0\RF2_SLICE_S1\prompts\02_FABLE_SCENE_ET_ENNEMIS.md","2198","9194666b8f80d194de19ddff602a860a974f5099cac4f7354aeaeb51759d98ea"
"RF2_SLICE_S1_Production_Pack_1.0\RF2_SLICE_S1\prompts\03_RECETTE_OWNER.md","802","6b4622b60d619ef8feed03421b2eff0ec23e1f21e11a98945e532113ecf92f13"
"RF2_SLICE_S1_Production_Pack_1.0\RF2_SLICE_S1\qa\prop_previews\bench_rear.png","107564","7c38799c77943b7ed8fadc8e8c405c3adfcc1c3fc52727949086613a32a54dcb"
"RF2_SLICE_S1_Production_Pack_1.0\RF2_SLICE_S1\qa\prop_previews\bench.png","118096","231b194a48c4849d5be43a04d3b69b25e9c5417661e83692cbed1b3d931016b1"
"RF2_SLICE_S1_Production_Pack_1.0\RF2_SLICE_S1\qa\prop_previews\cabinet_rear.png","94132","7b4c915fa35157ea2eff7b6c7d61512dd02802c942e1f3e3024336adc6a384bd"
"RF2_SLICE_S1_Production_Pack_1.0\RF2_SLICE_S1\qa\prop_previews\cabinet.png","114749","5c910455e616c746f27624881495ae81c8087d64c9b6727366e593a3b2080ba6"
"RF2_SLICE_S1_Production_Pack_1.0\RF2_SLICE_S1\qa\prop_previews\chair_rear.png","88528","9438afe533749add706b888b6acb6b5d3e443bff6d946f36a2acd01d086c1094"
"RF2_SLICE_S1_Production_Pack_1.0\RF2_SLICE_S1\qa\prop_previews\chair.png","81614","594ea4462230da3b9bd6083dd6078ce139e5c7a41712acba0ea7c07e91862ff3"
"RF2_SLICE_S1_Production_Pack_1.0\RF2_SLICE_S1\qa\prop_previews\desk_rear.png","150197","9a50245245815ffdb5614e44499d15ef363fe0343dc5dbdac4f8e950c2df65e6"
"RF2_SLICE_S1_Production_Pack_1.0\RF2_SLICE_S1\qa\prop_previews\desk.png","171081","cdfa3ac05d4b84472fe07884636c46e640bfc1b9f43628e14d33b574386e747c"
"RF2_SLICE_S1_Production_Pack_1.0\RF2_SLICE_S1\qa\prop_previews\radiator_rear.png","119993","ff8bc0a0288c5636921b0972c3b2888e1c237b37a25f6daf829b3e62413de5c7"
"RF2_SLICE_S1_Production_Pack_1.0\RF2_SLICE_S1\qa\prop_previews\radiator.png","142069","96fa84bc2c966f218be08b059c76dc3019bd8ba32b2719141504f40dd06ca244"
"RF2_SLICE_S1_Production_Pack_1.0\RF2_SLICE_S1\qa\prop_previews\trolley_rear.png","110488","16d8b6b0e7a5db522bb404a825dbd86cd7b70338fb13001d80d5acb157f0fc29"
"RF2_SLICE_S1_Production_Pack_1.0\RF2_SLICE_S1\qa\prop_previews\trolley.png","124256","216165d4658b068e8ec50f929318d34b8fde56a25029f61b8b31d8d3057db5f7"
"RF2_SLICE_S1_Production_Pack_1.0\RF2_SLICE_S1\qa\props_contact.png","493139","42aac8565bc504c2701812ac2ed5794d0e19b64b957118f419faa846eb4032d6"
"RF2_SLICE_S1_Production_Pack_1.0\RF2_SLICE_S1\qa\reproducibility.json","317","c7bc40fe23ed5ea68a2007b3d80b415d19c68412498dc26b5f0284919d432848"
"RF2_SLICE_S1_Production_Pack_1.0\RF2_SLICE_S1\qa\validation.json","3934","05cc7b91272539201255367c62f81b16376f683c3c53ca71010030dd192c88f2"
"RF2_SLICE_S1_Production_Pack_1.0\RF2_SLICE_S1\README_ASSET_STATUS.txt","825","dd9ef45d20c5470bc42e73f76ecd79b15ba5407ff46553cec50592aae3530171"
"RF2_SLICE_S1_Production_Pack_1.0\RF2_SLICE_S1\reference_logic\__init__.py","76","12465fbfb3ea1f199ef2a9d3e80ec623d1beb8945ed221a99570fcb39f6a5e39"
"RF2_SLICE_S1_Production_Pack_1.0\RF2_SLICE_S1\reference_logic\encounters.py","2779","2e790a84a7d32527592df386c658f533e5aa6dcd340fbd679fdd57b28aca208a"
"RF2_SLICE_S1_Production_Pack_1.0\RF2_SLICE_S1\reference_logic\fal_reload.py","5411","c1f74a33344923955c07659530814e66d57eb64ecec961420844dcc1e82399ab"
"RF2_SLICE_S1_Production_Pack_1.0\RF2_SLICE_S1\requirements-regeneration.txt","207","cb4ef9a7636311cc45acbfe0caa0f24b6cc6f0e42fe96d326c70a092f942fd54"
"RF2_SLICE_S1_Production_Pack_1.0\RF2_SLICE_S1\SHA256SUMS.txt","9198","3d96a8871ddc935d15d88058c25e7f0821f7b0f7014fcddbbbfd283c3dea45d5"
"RF2_SLICE_S1_Production_Pack_1.0\RF2_SLICE_S1\sources\LIRE.txt","180","07b8652881739bb5c7d5b9d5210e7243093795523edac20b464982bce3d88e02"
"RF2_SLICE_S1_Production_Pack_1.0\RF2_SLICE_S1\tests\test_encounters.py","1639","2e799c4b05daf3af119a9e2ba9b7844da4347da4f83a08194aba62fe7e3630cb"
"RF2_SLICE_S1_Production_Pack_1.0\RF2_SLICE_S1\tests\test_evidence.py","813","ba51e8b2ed6a4e307f199009634ea891be229335b6f782504e000ced3953b2ba"
"RF2_SLICE_S1_Production_Pack_1.0\RF2_SLICE_S1\tests\test_reload.py","5570","b65ad21391f7dd781068865189272213ac8ca146f0e388c3f1f0416b51b8efb1"
"RF2_SLICE_S1_Production_Pack_1.0\RF2_SLICE_S1\tools\__init__.py","42","9ff4d2af41ca08f705d1b2e97ba70ed55f2aa737d56e10cddc66e2dbf7c58172"
"RF2_SLICE_S1_Production_Pack_1.0\RF2_SLICE_S1\tools\build_audio_addon.py","1300","bc63a77fbc7a7c4f552670ab2be8de381b989aa94fce7ae7bd39c3c73d1643fb"
"RF2_SLICE_S1_Production_Pack_1.0\RF2_SLICE_S1\tools\check_evidence.py","3545","fd95a12b94d0fc6d43b2117ee7bb3d8b163e5d07baacab4b71bb93349786c413"
"RF2_SLICE_S1_Production_Pack_1.0\RF2_SLICE_S1\tools\check_pack.py","7308","7e81fe323f6cc49f2dd109aaf5be9bb66c0ed291ebcdad9dbb760e8d4522841a"
"RF2_SLICE_S1_Production_Pack_1.0\RF2_SLICE_S1\tools\generate_audio.py","8144","31253ba690c7cc1789f52979a604e7a42ed813b051fa0aa0317c07357d26d7d8"
"RF2_SLICE_S1_Production_Pack_1.0\RF2_SLICE_S1\tools\generate_props.py","16995","a8d31d99f67406324ca21b367480b227b6dcbc88f0decd5239a2b8e58259ad52"
"RF2_SLICE_S1_Production_Pack_1.0\RF2_SLICE_S1\tools\run.ps1","1558","0a92b695cd821d7df848dbda1c28edb690ba2c8b03a45c29e0ea027995710d7a"
"RF2_SLICE_S1_Production_Pack_1.0\RF2_SLICE_S1\VERIFIER.cmd","254","eb074a95edb35bcedaf8f05d8e62a3253fb3daf4377e58782ff910e33d5d5563"
"RF2_Weapon_Pivot_Windows_Pack_2026-09-10.zip","1143794","a5a4ada2c9697c45e84895a71e2cb2e7aa3d5a793c3d0417e8f3f4f17f059da5"
"RF2_Weapon_Pivot_Windows_Pack_2026-09-10\RF2_Archive_Pack_Weapons_Windows_2026-09-10\docs\reference_dossier\RF2_DOSSIER_MAITRE.md","91826","3a3d360363d38d66afb1e56103f4f46a8041959b0bebd90a05e5f1d0284424b1"
"RF2_Weapon_Pivot_Windows_Pack_2026-09-10\RF2_Archive_Pack_Weapons_Windows_2026-09-10\docs\RF2_MOSIN_REFERENCE_AUDIT.md","775","15e5e672d946a8a263a2a114987e0436b00efa391fe66b5415bac73c1312f580"
"RF2_Weapon_Pivot_Windows_Pack_2026-09-10\RF2_Archive_Pack_Weapons_Windows_2026-09-10\docs\RF2_VISUAL_MODEL_STANDARD.md","2274","e5b7c48ed926d5c91eac7260081ecf1ebe751326d38faa2dc34d167da5d18ae7"
"RF2_Weapon_Pivot_Windows_Pack_2026-09-10\RF2_Archive_Pack_Weapons_Windows_2026-09-10\docs\RF2_WEAPONLINEUP_LOCK_2026-09-10.md","1811","4aa91f7109944be1c41c688621e6bcec6a8dcb3154f44d60e29f102dd7e3e851"
"RF2_Weapon_Pivot_Windows_Pack_2026-09-10\RF2_Archive_Pack_Weapons_Windows_2026-09-10\docs\RF2_WINDOWS_DEVELOPMENT_DIRECTIVE.md","878","69c4d4a9be62b7e7659cf088d5019d8062e0ac43539b7bb6d3210e9ecb3df8b8"
"RF2_Weapon_Pivot_Windows_Pack_2026-09-10\RF2_Archive_Pack_Weapons_Windows_2026-09-10\manifests\arsenal_lock.json","478","4c88183a2385f74d0b3a1c520e18364d425e93df7376f12afd32a55d84065244"
"RF2_Weapon_Pivot_Windows_Pack_2026-09-10\RF2_Archive_Pack_Weapons_Windows_2026-09-10\manifests\SHA256SUMS.txt","1775","3af80c72c1aed9b8208ad84681cdeae81f696af6cc99800dbbf3142492582ce6"
"RF2_Weapon_Pivot_Windows_Pack_2026-09-10\RF2_Archive_Pack_Weapons_Windows_2026-09-10\prompts\CODEX_WEAPON_PIVOT_WINDOWS.md","1737","ff61cc5dc3282f80fa778f892762dcb6c2be506ccf642941cd86aca4eb105841"
"RF2_Weapon_Pivot_Windows_Pack_2026-09-10\RF2_Archive_Pack_Weapons_Windows_2026-09-10\prompts\FABLE_MODEL_PASS_MOSIN_STANDARD.md","1128","d85f464d8d5147490b62efb2b78215d87cfe8c778bd4599de613d8372e4a7c7d"
"RF2_Weapon_Pivot_Windows_Pack_2026-09-10\RF2_Archive_Pack_Weapons_Windows_2026-09-10\README_FIRST.txt","1341","cb7314af14b75128aec7c1576c7753ba9ed9ab51e7aeeefa71326203dd92981b"
"RF2_Weapon_Pivot_Windows_Pack_2026-09-10\RF2_Archive_Pack_Weapons_Windows_2026-09-10\references\Mosin-Nagant.zip","69973","147ffb60ac8c56eb097b297bbd65c968baf28c92da123133fb791c2bc1aa0b6c"
"RF2_Weapon_Pivot_Windows_Pack_2026-09-10\RF2_Archive_Pack_Weapons_Windows_2026-09-10\tasks\001_REPLACE_SHOTGUN_WITH_MANUFRANCE_ROBUST.md","500","4343605233a75bf0877edcd7c5159e44cee45f48eca8ca6eb11f13ca1a6f3c48"
"RF2_Weapon_Pivot_Windows_Pack_2026-09-10\RF2_Archive_Pack_Weapons_Windows_2026-09-10\tasks\002_REPLACE_TASER_WITH_MOSIN_NAGANT.md","468","f92d335f41982dc916e2976a6222774591b018456fa3be618200605c0330a232"
"RF2_Weapon_Pivot_Windows_Pack_2026-09-10\RF2_Archive_Pack_Weapons_Windows_2026-09-10\tasks\003_WINDOWS_NATIVE_PIPELINE.md","320","323352f1540e0659208de4a9b2a08ef739a43f2c264b7b682b36272ec6e58710"
"RF2_Weapon_Pivot_Windows_Pack_2026-09-10\RF2_Archive_Pack_Weapons_Windows_2026-09-10\tasks\004_FIRST_PERSON_HANDS_PERFECTION.md","406","e3a008ebfaed2dc1491a50cb3db5d954f9fd52df0a5540b1e80b75b26fcc55d5"
"RF2_Weapon_Pivot_Windows_Pack_2026-09-10\RF2_Archive_Pack_Weapons_Windows_2026-09-10\tasks\005_MODEL_QUALITY_GATES.md","279","b6a9d290c07d4d6636b6ae120ed438b4a9300b32c4dd0c1b3a9788b74039beb2"
"run_windows.ps1","312","22a95de7f20980562c6e49e385b37f341f3f2ca101c3afcbe359c605cfd55067"
"src\actors\rf\ammo.zs","1162","0857b23cbbc66098eb4cbf3b192a052d666aea29f9e338cb60493522f7c55420"
"src\actors\rf\fal_probe.zs","11465","9a43ea2eabef21dff9eb3e6a3edb3baf84600a2d4469048da8234465310e20a7"
"src\actors\rf\items.zs","678","8729dd024141a8d4f68e6a7085519d219bb7b3e3e517bd2450aea65a44981d46"
"src\actors\rf\monsters.zs","3490","7934706227533e521f888b3ea21a3c8d5a4147393efd38efcf8a892ac0ead79c"
"src\actors\rf\player.zs","1021","5e2a2b15461a22ed28334fbdef6ed75c0fb3f8e005620fc7e992b4046bbe8bba"
"src\actors\rf\robust_mechanism.zs","1951","b3b49d0e97a97b28bb72e6ed8e5b2b9c24f47820ea8632b37f2f9a299c05092b"
"src\actors\rf\runtime.zs","4073","574b2a01fa16aef49b88b999889b0efe41b7b3677241f2f0a8c009e301ad30b1"
"src\actors\rf\s1_enemies.zs","7267","23f62d5dcfbfee41606abe27585790784384af70b69f16a2519401d1eef2c5bc"
"src\actors\rf\s1_props.zs","1386","3352e20ae245b5e61a5a1c9afc194ff27f03e6ef8c0a67855f734fe7b43f758a"
"src\actors\rf\s1_world.zs","8081","14bf2ab90c327ba8ceeb1f20ecf427a7c48aed13868bd1bd8df3c5a72396541a"
"src\actors\rf\weapon_mechanism_probe.zs","5288","f024e2888787716ced9dc4cd29b492b359d72a5310774a8929fc2f7a02540c81"
"src\actors\rf\weapons.zs","21081","c0fc7799f62d10b5b995c0e582d7eb180ec20a39a2c011e8eb479646cc47975e"
"src\CVARINFO","323","f6ed5caf887f4f04a02b2cacaac49b0e01c7630cb0d00a79c9f43091be7ee8dd"
"src\flats\RFCEIL.png","669","d170032e2ae7c72191bc24595d5edba238e944b3e8fb6b8a05c50494cd8349cf"
"src\flats\RFFLOOR.png","3584","c049bbebb70eae1111d5a12ce4571261ff53a5ff9f468b1b0d0c724918d88faa"
"src\GAMEINFO","134","fd297019fd2d5ea82d3544dc80e9319c3ba59092c3586ce92c0ebe4a109f8a0a"
"src\graphics\BRDR_B.png","75","94a7f4b2cfe00b0de121a040b762f5efc1d304063d17bfa55975c72c8a362d07"
"src\graphics\BRDR_BL.png","75","94a7f4b2cfe00b0de121a040b762f5efc1d304063d17bfa55975c72c8a362d07"
"src\graphics\BRDR_BR.png","75","94a7f4b2cfe00b0de121a040b762f5efc1d304063d17bfa55975c72c8a362d07"
"src\graphics\BRDR_L.png","75","94a7f4b2cfe00b0de121a040b762f5efc1d304063d17bfa55975c72c8a362d07"
"src\graphics\BRDR_R.png","75","94a7f4b2cfe00b0de121a040b762f5efc1d304063d17bfa55975c72c8a362d07"
"src\graphics\BRDR_T.png","75","94a7f4b2cfe00b0de121a040b762f5efc1d304063d17bfa55975c72c8a362d07"
"src\graphics\BRDR_TL.png","75","94a7f4b2cfe00b0de121a040b762f5efc1d304063d17bfa55975c72c8a362d07"
"src\graphics\BRDR_TR.png","75","94a7f4b2cfe00b0de121a040b762f5efc1d304063d17bfa55975c72c8a362d07"
"src\graphics\hud\viktor\VIKTOR_bruised.png","416464","c3cdd99ca25cd596ba72ff15c8eb751e3a3cbf57249a46e79b8fed12d05ac69b"
"src\graphics\hud\viktor\VIKTOR_critical.png","439813","e8e6945e587db5a53227786c450b589c90e6b7699fb76782cc3c4b2e24af7174"
"src\graphics\hud\viktor\VIKTOR_dead.png","433816","aa7ab422a6fa687b0fdd1bb30ecf017b0dca0a1592f20c33c3a606f7c1436d9d"
"src\graphics\hud\viktor\VIKTOR_fatigue.png","409924","97af40e8149961744dfff5a03ba03c20da60e0357d52c36abbc1a04ea56be455"
"src\graphics\hud\viktor\VIKTOR_injured.png","428523","0e80ad7db4ea02342b79efaeb3ba06f26c1bff19b39ddb4b5caece7196f387ab"
"src\graphics\hud\viktor\VIKTOR_intact.png","409712","f1e7ee24d56728b869aa520f1f47750290cfc328d713a795c54e9afa11316585"
"src\graphics\M_DOOM.png","254","c4aac54c96e107856082538a92e471a196ef36670b0b394cf5e91fa4ce5676f6"
"src\graphics\M_EPISOD.png","254","c4aac54c96e107856082538a92e471a196ef36670b0b394cf5e91fa4ce5676f6"
"src\graphics\M_LOADG.png","254","c4aac54c96e107856082538a92e471a196ef36670b0b394cf5e91fa4ce5676f6"
"src\graphics\M_NEWG.png","254","c4aac54c96e107856082538a92e471a196ef36670b0b394cf5e91fa4ce5676f6"
"src\graphics\M_NGAME.png","254","c4aac54c96e107856082538a92e471a196ef36670b0b394cf5e91fa4ce5676f6"
"src\graphics\M_OPTION.png","254","c4aac54c96e107856082538a92e471a196ef36670b0b394cf5e91fa4ce5676f6"
"src\graphics\M_PAUSE.png","254","c4aac54c96e107856082538a92e471a196ef36670b0b394cf5e91fa4ce5676f6"
"src\graphics\M_QUITG.png","254","c4aac54c96e107856082538a92e471a196ef36670b0b394cf5e91fa4ce5676f6"
"src\graphics\M_SAVEG.png","254","c4aac54c96e107856082538a92e471a196ef36670b0b394cf5e91fa4ce5676f6"
"src\graphics\M_SKILL.png","254","c4aac54c96e107856082538a92e471a196ef36670b0b394cf5e91fa4ce5676f6"
"src\graphics\materials\admission_plaster_v01.png","2455681","24b7164f35de82eefcf908c40aabed238e29a2f2ee4a91371887f8405310b85e"
"src\graphics\materials\ceramic_floor_v01.png","2872275","6f45f6548d1effc6b3e57d4e4ceb61166db2ca191ea9cc176e7b12e082db1a63"
"src\graphics\TITLEPIC.png","1276091","e7aba5c5457a3788bec2beef7d0487312da2f343d4119cc30cd3919053fa0916"
"src\graphics\VIKTOR_STATES_SHEET.png","2413307","ee2c13c035cb419a713893185fd25d0e1fbc64f9ae7db6805cf0a4a1c0768dbd"
"src\graphics\weapons\browning_master_v01.png","942146","e1c88395f2dfd4d3aec229451d830b7d9f253db7553f18fd1b05f280729143db"
"src\graphics\weapons\fal_idle_v01.png","1810931","443451ff92f118c2922b0fe6388d6be02f67685146cec00075a50759f89c8fb8"
"src\graphics\weapons\robust_master_v01.png","1980212","138480a8438fb10a44d0e46e21a6e017ae7bef39df6f8228f1179686cfcfeb09"
"src\KEYCONF","104","afacd1cd4b89fbb05fc79ab3de53cdb1e68007685373660b00264edd26a7e5da"
"src\LANGUAGE","2238","1d330dc21f6614df514d364075f0ded959c21d720cc9a787157ede5c7e10792c"
"src\MAPINFO","1318","c8f2312111755c062ffb20697e342041ecdc3e7e7ad737769a4dc63ca2c910f9"
"src\maps\MAP01.wad","69923","b80418db010e6700547340369ef55e4d194bde59052056a032126681150dc8f6"
"src\MENUDEF","667","7e5fdc4e844aa44a1700572f051c03d7293c128cefa29332f376e4f6099636d7"
"src\MODELDEF","3848","1917cd605d6708583c0995d6bd29861ecdd3bd0b6d01f3a61491872f32c5e427"
"src\models\s1_enemies\atlas.png","153133","125c54ee0f85ea655e55b20c48e55c032b7138a2e2d6d1c2c3da1703354ef7c0"
"src\models\s1_props\atlas.png","2132198","1a8bd444166d728986d07117ca41c397fe74b7400b5df97d4f37db9cb182ca90"
"src\models\s1_props\bench.obj","354137","40a5c406a86534e931e6ad340de69e481217a2b9d9a429975376792dca0675be"
"src\models\s1_props\cabinet.obj","593629","d7078a476aae4872b06eece45c6ec465f41b08838553e50407c5ceb3fb99f18b"
"src\models\s1_props\chair.obj","284073","c977512fd2c47a67a270432a4bbe071600fd74c44fc23b38029b55baf5b3888c"
"src\models\s1_props\desk.obj","1063264","29fa399ee59101818e22fd69ce8bb5d8294f556eecd85f790b3614eb8bb2d2bd"
"src\models\s1_props\radiator.obj","910516","e315d59797355f6808b8c6afe285d9cfb7a75fedad5b26b01501c3c4ff450fc5"
"src\models\s1_props\service_ceiling_lamp.obj","426320","e85bb3a35201ea7306085407ea559dd27456e874396f0e8ec8cec812b5e288fd"
"src\models\s1_props\service_door_leaf.obj","800618","6ab90e7fbc49099fc13e8fa3c2c837a1851d67dd5479e0d4ea95405e7fc935d8"
"src\models\s1_props\service_switch_off.obj","228720","854444651abbd11fd723cffd968882b659b70831f7011ff7a4286391858fe12d"
"src\models\s1_props\service_switch_on.obj","229000","8f977117ae9164178b6390c5b39265172a34c8a75f5058c09ff3e69a15c6c536"
"src\models\s1_props\trolley.obj","581546","f65bb0bc9a86b2ea097bc627905d049bda4cabda94866927e775b17151e6151d"
"src\music\RFAMB01.ogg","268411","9d606a441eba5d36e7c75054328a895ba1f0fd6e126478fad70ed6325af2f379"
"src\README_RUNTIME.txt","117","61f79e9eae2779eb85105f73e99e20e8911632239eb9f298a8e19a09774f29ba"
"src\SNDINFO","4002","0044bcfd9bc229575992847d2a21f1c2e8c1a9b105acc78add441013d2e08a99"
"src\sounds\items\pickup.wav","15920","96f70009b368c109d97f91de085b26e781618b9959e1d9531649fe30012a2587"
"src\sounds\items\rage.wav","37088","31eb8cd08f24a7c483809d1d00b47d23abb11dd2c391b0b5021da97a839b2915"
"src\sounds\monsters\clerk_active.wav","48554","d785c2a4eb865e71dd10ee9c69492f1af47543a9925da4f79fe07d572764b86f"
"src\sounds\monsters\clerk_attack.wav","42380","561072baa3475a5d3103ab38cfdb938fe65b3cd69ef671672774bfda0cf3743c"
"src\sounds\monsters\clerk_death.wav","101472","3c27265ea3b684240c3ffaa74a629248977be9b29a580bdfc1dc603aee1a4cbf"
"src\sounds\monsters\clerk_pain.wav","30912","2ffac163c7d918c00745427bd9828418377a4c905a7fab20d7393e62ef5e09aa"
"src\sounds\monsters\clerk_sight.wav","63548","87ffddb2e5902e57816e273da991500c828909b720479274c9ba747deff9683f"
"src\sounds\monsters\invalid_active.wav","48554","6ead825030affc2f90193bbfe06d5ec7a1a35a5e6983eb8a6b1d43fe8f65ea5b"
"src\sounds\monsters\invalid_attack.wav","42380","829c9d36c82d6a0cafe0f39305c60018492f39d565f21c2eb34704d693cae47c"
"src\sounds\monsters\invalid_death.wav","101472","c03fd932c18dce6fa35130e2d856fd9f91e021460af0769ac3d0fe6f650821ff"
"src\sounds\monsters\invalid_pain.wav","30912","de80274430cb7c65d10cab5a52d49017f5855356f47337a32bc2cee91272f444"
"src\sounds\monsters\invalid_sight.wav","63548","b5e891c70a8238fc32f75de2019e2ff8750a42eb87a75012b888f463bbc54ad1"
"src\sounds\monsters\penitent_active.wav","48554","0083e39d5496a5ec818e717db240b6558afdb0b99f533514526e2f6b81e198fb"
"src\sounds\monsters\penitent_attack.wav","42380","bc9bcc733653a5ffe108b9f8e8861a3ba9363e1a5f4b964c38493a62edc999b5"
"src\sounds\monsters\penitent_death.wav","101472","50a92477dd5b6a65b17b79710a4a0854d215e877ec76301c0fed195cda46dc23"
"src\sounds\monsters\penitent_pain.wav","30912","db4f8a332000f169a6bc1b214a60657819e0109ee13633fc38b2427981afbc1f"
"src\sounds\monsters\penitent_sight.wav","63548","c731be3424ffa66c657b3ce6c64613bec6221af0924984616e76e62ec14918b0"
"src\sounds\monsters\porte\death.wav","100844","00e9a2b71af660508f44f575cd15389fa0dadd9ac2531c525df0b017706ebb31"
"src\sounds\monsters\porte\pain.wav","71084","450bb058140415a9d96f81fe8c8b748b10be3f352a4997e89f731d5d641afbc6"
"src\sounds\monsters\porte\presence.wav","69164","0e8b6e7d51a0b00cdeaa9980aba2d8ec372592ecc3d49825420554e53080874d"
"src\sounds\monsters\porte\telegraph.wav","82604","a895d8f57cfd4e5063f10d022942b969b9d22dd9846e0e8144f329e6cf51ebba"
"src\sounds\monsters\porte\throw.wav","55724","57ba4cae2d825fef111f4c70bf14cf782604c1d1bd12621a2815d05f244cd1f2"
"src\sounds\rf2s1\brancardier\brace.wav","96044","b27ea61f3d528038626a31cd9a57e909ae7bbacd3d3c6fa0024a6e365a96aee6"
"src\sounds\rf2s1\brancardier\frame_hit.wav","86444","158561c96f62b57f2359de9eb8d7261d82870f3773a314fda4dcf095294538c4"
"src\sounds\rf2s1\brancardier\wheel.wav","91244","b11924dd0be2e3e173d63d1382af0edc74294976543a410161e051a9fc40f56d"
"src\sounds\rf2s1\fal\action.wav","62444","5913e8df5b591fee630101a3d32e3d92c5e3951414aeb90a8d15e58fc03123ae"
"src\sounds\rf2s1\fal\cloth.wav","28844","21259239b672279aa565fd6ba4c15ffa00eadc21dcf92a6fc350336d43a2b0ff"
"src\sounds\rf2s1\fal\dry.wav","62444","b05ef2ce3e45885f06bf8f348520b3e7a7c2eae829ad891f1c601437f8e8bd7a"
"src\sounds\rf2s1\fal\latch.wav","62444","52b3533a229159c12828686715273f5eb97cf63c37cd6dbff5c4a91d74713921"
"src\sounds\rf2s1\fal\mag_in.wav","62444","c9ee64f295ca777e9a064a8a8a69eb3f81d09222f858b66023ee27323f9f4938"
"src\sounds\rf2s1\fal\mag_out.wav","62444","da789fbebf363c2712e3c8e85e15d0b9b72961aa8aa3341ce543c5d03af42d1c"
"src\sounds\rf2s1\fal\raise.wav","62444","285c27b081f4ec68e6764fcaf263b2bf2caae07e68e403a04e685f4395d121ab"
"src\sounds\rf2s1\fal\seat.wav","62444","7522a409db9e2b2414b74bac88faf82a8c7594c47e5cf44100fa23ec04197080"
"src\sounds\rf2s1\fal\shell_01.wav","62444","b770eda6963d00d50b6947283b46e619d506767216f6a4c132342d7b9ed36580"
"src\sounds\rf2s1\fal\shell_02.wav","62444","d99517af0212b56cba4fb8e1541919f66131dfed9ea524f0be8beea6eeb8aca2"
"src\sounds\rf2s1\fal\shot_01.wav","91244","6b67ba60878f0213ea7922d5eb408743dc31d854f733915898c734787f3d7f10"
"src\sounds\rf2s1\fal\shot_02.wav","91244","5c9a3bf5936c7c8176c7253d83bdf1668516a0268ddbd4012151084ce939e478"
"src\sounds\rf2s1\fal\shot_03.wav","91244","1ebe007943b1840a0afec68c4ae60406a0e8c0d963ed389968b372e066c6d61f"
"src\sounds\rf2s1\impact\flesh_01.wav","62444","9bc4b5d2ead83d2958d73a3477ed9e6494a209143dd194d85db60e7204d3d5d0"
"src\sounds\rf2s1\impact\flesh_02.wav","62444","ca729e2898ec584edcff9d717428fc5de2d2fe7d559bde62745aa2c2d5a4b295"
"src\sounds\rf2s1\impact\metal_01.wav","62444","edf7b4d0d3fb14763b1fb295ee2da46aaf2a00484baa5df91b258f3d2f7b2255"
"src\sounds\rf2s1\impact\metal_02.wav","62444","a8776ac32a9a82aa6a7a30dab3c87b452f7599b9014c3e838d9ae51d41877f00"
"src\sounds\rf2s1\impact\plaster_01.wav","62444","d9f5751139a1ddf242cff23dbf485e27fd55a0bba0f7e5d1c2951b15b9072933"
"src\sounds\rf2s1\impact\plaster_02.wav","62444","4cc82d72198f982f79027f44b73557fee85a98c081427285f2d5c451d43b0b7b"
"src\sounds\rf2s1\impact\wood_01.wav","62444","d54ec09af14d940291ecf733555cac0d28436abab3bfc2940f0adeeeb37aff48"
"src\sounds\rf2s1\impact\wood_02.wav","62444","9f71a4cdf5c16e27064af4d52af1a7185f27881d5f6ba6b5dcc70c7b5f4de440"
"src\sounds\rf2s1\orderly\step_01.wav","33644","f55b96b5a0e618184e109a91548a6b5c5ac7f927c1b0067b76c4f6749c9a0a92"
"src\sounds\rf2s1\orderly\step_02.wav","33644","7a95bf6150d851aebbe784c11108a270a1b3ab329e72050a804bacc20b33703f"
"src\sounds\rf2s1\world\door.wav","72044","2270f7f803d90f81070662525bdeac52a2dd0be3ab2b676a0ee9c5203411a48d"
"src\sounds\rf2s1\world\hum_loop.wav","768044","9e43c130375db8a21596af802945ce96e921849cf3d3e8e6c980ae698d6baef0"
"src\sounds\rf2s1\world\switch.wav","28844","acf320abb24e5a830d15343a4a0b007d7d561d504f1ea810be64ad674750f8bd"
"src\sounds\weapons\fal_fire.wav","27386","b82e61f077959103493fd728a0fc06fad2421c298ae82771ba1fca657b892024"
"src\sounds\weapons\pistol_fire.wav","19448","8d692355734f315035bbfd45caf7ed2e2fece2f5762c34d6ca22385c77de552a"
"src\sounds\weapons\saw_hit.wav","30032","0497e4dbaabfe151ed1a1b9e7cfcb11ee4fc1b0636f30b3501a4934bcf13936f"
"src\sounds\weapons\saw_idle.wav","63548","6d0c47f80fa135a25e7747f39e222fd6af1c16711c5878d07a8c261877139989"
"src\sounds\weapons\saw_loop.wav","63548","96ed1b9cba0b4c6c5971174d178de1fedda63795663c84538b31eb376befa976"
"src\sounds\weapons\saw_start.wav","48554","143a0bed4b672ca1c6a6a432593c8a708cb06992d26740831611d39f8259f4d5"
"src\sounds\weapons\shotgun_fire.wav","49436","fffd6b5c77c46362fb8ece1112eb11dcda59f27a1a7b3bcc7bd90cc766cd0fc3"
"src\sounds\weapons\shotgun_pump.wav","42380","28eb7b5a2ffae4e3d67b886109d172c71d32aa7f85a50aabc5f143b174df5903"
"src\sprites\CHGFA0.png","14086","236da6aecca1b48649db95f7ecda09d70ae54fd050d405e2902a0c3dbff2d011"
"src\sprites\CHGFB0.png","14086","236da6aecca1b48649db95f7ecda09d70ae54fd050d405e2902a0c3dbff2d011"
"src\sprites\CHGGA0.png","32701","bcbdad563ef9054cb835c37fa635c832aaaf060799840d8d324c4f6939a64c1a"
"src\sprites\CHGGB0.png","37683","652e2b5cca72bbfa10386539b670f7b1e534271e7e744b61b76c2341cdca01f4"
"src\sprites\CLRKA0.png","19153","e29eb8911b893be4786a5fef2832fed29e9ab390ce6af70dc7c575e0186a3ca3"
"src\sprites\CLRKB0.png","19038","ccb00594b451fc3e805eae1b1cc544528d17fe8db731b0ea5eddf12cd39d2670"
"src\sprites\CLRKC0.png","18652","77f3de472b8d142acbfdb47b1246821bc6eda8d8f0fe7cff6df750172519b508"
"src\sprites\CLRKD0.png","18787","aeee24df2d8249b8207959b390fe7c0a88bf5d3be4c38d37ec4b04205fa6637b"
"src\sprites\CLRKE0.png","20838","97c8be2c7b8388a3121bde511c6f3e40ec74f68584d109d7483bbd814c3f41ec"
"src\sprites\CLRKF0.png","19969","9c6d2bc71f94e765ec1c1d5183aed102bcc1828b369f7f34e66ceee3d90e6701"
"src\sprites\CLRKG0.png","16955","d2a1b952a85964aaef34e492e1edd6bbd36cd1cda2d3d5d61a814ec1b4caf126"
"src\sprites\CLRKH0.png","16505","65996de0e01463b9d5147bd1ae2d460c1286dc978cd20051cc40d6c9d3a85c68"
"src\sprites\CLRKI0.png","15069","13f4bb7c9ed5ac8a6347d45da05281f77bb8fd88f4be08d1f2f6f62740235e25"
"src\sprites\CLRKJ0.png","12680","03b65eb994d2741763259fec09c97f1a6dee3aeb97b8b3ac6de111a9e892a44e"
"src\sprites\CSAWA0.png","2107","7509a507b5cbe7ab6e294212fbb17c8aa298e291addd09e81ba740e537732806"
"src\sprites\INVDA0.png","21558","08c583601211301e5e44c42ea43c0dc78c0133745af80c1b8eef1fc4d33bba40"
"src\sprites\INVDB0.png","21487","a7c1b2cb54a0061412835313699bacacc26a85129a904230884e67c4bd01c9d4"
"src\sprites\INVDC0.png","21603","e55958a05c9df0e62faae250d34c9b324420a59407947379253e3f2cd1d7d9d6"
"src\sprites\INVDD0.png","21511","d0fec2aaed78a70fd4ae3b969b29de7800b8644077d423990650b3dfc7c01bfa"
"src\sprites\INVDE0.png","21250","f2572c0725385285820bf3b1ac76532ea3774e7b125d179df0fe39312785920f"
"src\sprites\INVDF0.png","22885","3fab42959f640327ed4480a82279282a3c1a35967b9b4fbb03dabf35687f5630"
"src\sprites\INVDG0.png","18761","43791282ae10df140a93dfccf152d55b7f97706fb86bba7a5ef120c07ab880fd"
"src\sprites\INVDH0.png","17211","207767f71ae951e96e3330c6c41997624ba90873ce69eaf314d7435f9477eda7"
"src\sprites\INVDI0.png","14270","ee90586166b743cb61f67377651b7f4effd32f7aed523281ed2639d791639f62"
"src\sprites\INVDJ0.png","11347","5a6549ec877b5934409c9cb88603927581d5b80205f85c4aafd1ec72686b6e20"
"src\sprites\MGUNA0.png","1410","2525022e46af59504fd504ea48631ad408ce9ad41e806582b8ffb435455297ba"
"src\sprites\PENIA0.png","22822","b018329d85a0046dd0bb519a74329573fccd8f5c036be504de82286dbb8f0706"
"src\sprites\PENIB0.png","22881","02c93a9c2a9cc83705f318425099033608710faaf4b7d5dbf93ebf02aaeda089"
"src\sprites\PENIC0.png","22527","9e8058a5e90af6a938589689ebe4329efaf2e7554be7784d0f2177e6d22a4b20"
"src\sprites\PENID0.png","22466","e866ac21c5952f864e7ef06cc100c8c738276aecc3d5a9f4f1959468a1f7cc66"
"src\sprites\PENIE0.png","24460","58c3c667b0aea4a442dbb9925e51d2e7cc236219d6b565eb768730f295280674"
"src\sprites\PENIF0.png","23410","8d7f4ed189c82084037e38ff31d882426915acb80d8429ff077a25a6cce72360"
"src\sprites\PENIG0.png","17093","e137ff91665d2deddb81b2e73f7e27a2c3bd3bab3ef8b3c143daf064539f11f8"
"src\sprites\PENIH0.png","13511","ffbf0f3978400f5333d7722217d755b324b97ad67600c4a0c037edae9da992d1"
"src\sprites\PENII0.png","10393","c73629a470eddcd1919900637229cea491ac2f8122c5ba40cbcd99139b85f7f1"
"src\sprites\PENIJ0.png","6737","f311f90a4943bf600ab03157677d3648103981fd246df5aa510dc5fa01db6c5a"
"src\sprites\PISGA0.png","16410","f497aeb13f49b289beb7b1c2efc07b2f4f9c2dbe04a4167191c9f6a7debb3ffb"
"src\sprites\PISGB0.png","20630","4a2d3cbc19c63b85a4c735e38551cc4ca763f4a15b4abae827142758ce3d7751"
"src\sprites\PISGC0.png","17003","95bd2258db93680f32ae1c9a58e0ab6739b8101592810055c8a4c12d9d69ac1d"
"src\sprites\PISGD0.png","16542","68dbf6334317a5a0393b2de8d278d17c4b2af46e0b8490c8fe3f6fc2a27e5713"
"src\sprites\PISTA0.png","1112","55c2cc4bfc0a3c89591701831ca88b90e4cb4620e691c4346094685f15447a35"
"src\sprites\PRTAA0.png","312","065f883d513eef18df74bc2b94794311230e32558d41666850e52286606cdff5"
"src\sprites\PRTAB0.png","312","065f883d513eef18df74bc2b94794311230e32558d41666850e52286606cdff5"
"src\sprites\PRTAC0.png","312","065f883d513eef18df74bc2b94794311230e32558d41666850e52286606cdff5"
"src\sprites\PRTAD0.png","312","065f883d513eef18df74bc2b94794311230e32558d41666850e52286606cdff5"
"src\sprites\PRTAE0.png","312","065f883d513eef18df74bc2b94794311230e32558d41666850e52286606cdff5"
"src\sprites\PRTAF0.png","312","065f883d513eef18df74bc2b94794311230e32558d41666850e52286606cdff5"
"src\sprites\PRTAG0.png","312","065f883d513eef18df74bc2b94794311230e32558d41666850e52286606cdff5"
"src\sprites\PRTAH0.png","312","065f883d513eef18df74bc2b94794311230e32558d41666850e52286606cdff5"
"src\sprites\PRTAI0.png","312","065f883d513eef18df74bc2b94794311230e32558d41666850e52286606cdff5"
"src\sprites\PRTAJ0.png","312","065f883d513eef18df74bc2b94794311230e32558d41666850e52286606cdff5"
"src\sprites\PRTAK0.png","312","065f883d513eef18df74bc2b94794311230e32558d41666850e52286606cdff5"
"src\sprites\RF9MA0.png","254","c4aac54c96e107856082538a92e471a196ef36670b0b394cf5e91fa4ce5676f6"
"src\sprites\RFMDA0.png","312","065f883d513eef18df74bc2b94794311230e32558d41666850e52286606cdff5"
"src\sprites\RFRAA0.png","334","fc04c3f6815b5746a269d8db725a74b51953d83e0893e45d1f16eca61ace4fa1"
"src\sprites\RFRMA0.png","254","c41e508375dc19e8cdf339537c82846b0e7b0c55a7b56ba028ddd0cd2eadb9f6"
"src\sprites\RFSHA0.png","248","82a111bdff191eaaffe9f3cac26ab23bfcca72b7d01da129694b6dc02f03a9a9"
"src\sprites\SAWGA0.png","32301","b4e9a77bd2a08a56bfe44983c9ba6632f2725665c3fadd113a6d4734a2bb5194"
"src\sprites\SAWGB0.png","33199","954ecc5697b3b7ef0ff074a8de29fd4e65be1fb62bb7dab246c04e59c5be51ea"
"src\sprites\SAWGC0.png","32758","1e004a66575562f756405f2a06af2726e8f9c819a0df0449bb9f05cd4a4e0882"
"src\sprites\SAWGD0.png","32139","644792490ec201d3fb22dd07ca187ae80e62c9feba0f9319858798ecc8ee21a5"
"src\sprites\SHOTA0.png","823","615e7416051c98f19c0aa133450d2f25d03124864835e2438e83e1ab885e6f41"
"src\sprites\SHTGA0.png","26709","e30ee9bb84cc6a4cf8120b4c3cc0d601b6e626f04456d1a8093497ca8ab10e6a"
"src\sprites\SHTGB0.png","31259","d4da360bfd1c716cd2c513b791ae4bad631e1064030f50cfd698427de3c1d666"
"src\sprites\SHTGC0.png","27152","b8569a7345531f84ef0cde9bcc4a5d4cc94632a6f2647025f4b166ca04b2c509"
"src\sprites\SHTGD0.png","26817","ac4f8599d1cadb052b797d9ef5be46e38015625f5edb38eeaa67d583ca1bbcf1"
"src\sprites\SHTGE0.png","26395","f7a714a469d5d22cea9c21ee93372b19aeeef5f686e6440614977511c585ba6c"
"src\sprites\SHTGF0.png","26106","ccfa75018725ef5194361d907002b5b627f921b8dd039ddb07dc24bb4c44943c"
"src\sprites\SHTGG0.png","25769","819a84e8ddd61c0d219ac8b29b009bd6eb59025a02e75b0930086f48f01af1c9"
"src\sprites\SHTGH0.png","26289","b01ed529365f403e67e50065e18bd69e7377ed92b2b98f60a384246d7559a057"
"src\sprites\SHTGI0.png","26629","3e0732450bb60ac640ca58afe5a06654a4e682bd7d7c2c7427275bc8b4c627cf"
"src\TEXTURES.txt","978","44529e17b471b2faf836a10cf897253be5ec1c92d86eec5073266da1887c1959"
"src\textures\RFMETAL.png","21010","01c3ee824b35538b62d672a52ed5469b15c712e8d79c2ad0d94ef95c5c2e58ff"
"src\textures\RFSTONE.png","10925","7d7db1097c508cc9ef45d724c6ef283138562c082be4e4fa80b52084b8351b19"
"src\textures\RFSWIT.png","18362","ed6be621c695dd2bd6ebd85350059551b9a4ec3aad692901340a43d5694f979d"
"src\textures\RFWALL1.png","32208","6895638a068dbdfdfd523d2351c9b418198e226072e05e4a4c533f5b3fb982c2"
"src\textures\RFWALL2.png","22985","4a61459b2aa762187f9843f387fd5c45c239a064e34c16b2e4c0de8c7d3b4db7"
"src\textures\RFWOOD1.png","3884","a9e55e8026909f8f75248dc4a979f966d601c653d4a060d2c3be02c419879020"
"src\ui\rf2_statusbar.zs","5621","a06424783dd5c8fffa72c5eb1d51216184b5157901105cf701d17bc301075be1"
"src\ZSCRIPT","457","5c4d90798d9c9c002470aa49bf0ea68fc893a7928fc566d5924380aa34be298c"
"tasks\000_ENGINE_CERTIFICATION.md","1222","6db939121fb09964270d905b08e214a65b6b39090ac1bf98cf6c72a0ad6ca04a"
"tasks\001_RESUME_NATIVE_EVIDENCE.md","1289","3d7c5990fa9b132ee3d4484021b42757d8cf74c8b71d61129611ca271dcf5430"
"tasks\003_WINDOWS_NATIVE_PIPELINE.md","1035","0bdb7905de9c3ee538a4147ae14db2f51aa63516b81134a9f831cd0da7fec53e"
"tasks\010_FAL_PRODUCTION.md","759","98b24962749aab5133d0ac2468ff3f7dac16b0540242b6f76a44a4b9920e6a17"
"tasks\020_BROWNING_PRODUCTION.md","615","8366d6096b0b9235e883ac2ecf3a41ae174617d383cb71472fa56352c7d2e618"
"tasks\030_SHOTGUN_PRODUCTION.md","1005","b3d98c009cc90a88e32f4a52172f63f0cdd59b741715b45fb1738ab8f29e8253"
"tasks\031_WEAPON_PIVOT_MECHANICS.md","2082","15c7057add7226a4802cd3c24bbf5eee3c10b57a6fd040a180baf78092c53895"
"tasks\040_SKORPION_PRODUCTION.md","626","6b3d8a3b9c25a4cc0767ab8fb09aa31938cab531c81ad13a09885a1a6b9f90b4"
"tasks\100_PENITENT_PRODUCTION.md","673","8f76d8df71fa90eae36100ecf5114c84a3be9f4091e9bb5cdf5ae22346a55057"
"tasks\110_CLERK_PRODUCTION.md","556","bb50aae5fda5661e4b2d5d5b597ea858402d477ffd05e7e05fbc170b1c5649e7"
"tasks\120_INVALID_PRODUCTION.md","516","2c9b17c1b7be00f0b1821e408297a4202fe3dff15baf423aad6581c08b575464"
"tasks\200_MAP01_ART_PASS.md","474","1275a02357f697d04ebced24315e52cb97fa20161de4571cce171e23ef1eb5ab"
"tasks\201_ADMISSION_FRAMING.md","1283","c665fc1ba2dc20653dfaba8574971d6872cc3eca07a40e3e49d5e8dc95921af4"
"tasks\300_AUDIO_PRODUCTION.md","490","8f851efd2209d1885feafb029bf3cc43c951d4e4b88cafa5aaec03d391bc2b9c"
"tasks\310_FUNCTIONAL_HUD.md","1760","7cb5837a0b5bea2c03bee3f18163536c673fc6baad585862689d845db085167f"
"tasks\311_GOLD_FINISH_VIKTOR_PORTE_AUDIO.md","807","743b4febf9c5a8c380f56450c519ce868f0e20f6eeb794de63f51d1fdc22711b"
"tasks\312_GOLD_CLOSING_WEAPON_FRAMES.md","993","ae746fc2708a08b756e5d246dee9e85b0ccca029979363eb843d007966605b39"
"tasks\313_GOLD_BREAKTHROUGH_ENEMY_MATERIALS.md","603","0e8ed175699ba1b133ea5e7679c238045dbc27037b613dc0114565830c65803d"
"tasks\fable\M1_010_BROWNING_HI_POWER.md","5342","95ec732da16b412b0acae85d5e4e628e9aed7b50e79dbf35216c3bc28ace4490"
"tasks\fable\M1_020_FN_FAL_SIGNATURE.md","7430","35073143b28a3d604e1603add0b7c2cc7e8e639fb9bbb207cd99e926bf340035"
"tasks\fable\M1_030_RIOT_SHOTGUN.md","5946","cde841745eae8a55b84c55f8816a030804bb1068d928d7840a8a4219d35b2433"
"tasks\fable\M1_100_ORDERLY_FIRST_COMPLETE_ENEMY.md","6525","0f0df163a642588e5f69dd1ec867532360b020e4c9a053b61d04b6a124cdef98"
"tasks\fable\M1_100_PENITENT_FIRST_COMPLETE_ENEMY.md","5708","8ac89774332adf4f66c05e8b8f53707a99ba39c9537b28159fa7a54d7f665b13"
"tasks\fable\M1_110_CLERK_AND_INVALID_AFTER_PENITENT.md","6040","5660d8738da5c70fc776fec9a22c4d2804de13b993460b24b2b3835ea16473ba"
"tasks\fable\M1_200_INFIRMARY_ROOM_KIT.md","9918","3545f54012adc635a673177fa6c0c0acb6c07849d9846b30337d61cb248c92e2"
"tasks\README.md","2261","d9f6cafe2a15b3853a5f45b35b789ddca615062e0a9623743b1b07159268df92"
"tasks\S1_FAL_RELOAD.md","3391","6093f332780a2c6f1a670887884522b96f18c93c1907320421e5069a3e4974b1"
"tasks\S1_SERVICE_FITTINGS_AND_VIDEO.md","3942","7c8905b18a1fe4bba9f8fa6871b0d48a28f4a2fb84827bfcbc41f7c67fa1083d"
"tools\asset_gate.py","3016","43bcccd1e65624a5accd64045b97b5d88182c0c9e47493573bb0253e1783db65"
"tools\audio_gate.py","1928","3dec0aefd19a57f807f81da5d2c8a605eb4d92ad59a3b1cc4a13e0e543e79e1b"
"tools\build.ps1","406","ac57d85ae728e7133c8ef4031cee9037bae22b454480920b65179a18e814e823"
"tools\build.py","3417","01053520599df8e93b9997379e84a44fadc5bc83d5887aeaf6764c32efbe6c0d"
"tools\capture.ps1","1082","0a1460e4f291a2e57c97e0db02b8bbade40ccd9f61feb7b4a89bdf5d3f101573"
"tools\capture.py","2143","07fc0e2e56fe63e07476273352b6462a381e22fb162f6f722e89f5974089021a"
"tools\ci.py","1478","f5a8ccfb511ccdebd54f222bf254dfc7eaded3dc2c8d6c75abf64fdae4eb7e31"
"tools\clean.py","1219","8326dde3e145e3eb223048ffe4dabf35f7734e3d6276f1ee4263f0f4800043a3"
"tools\common.py","3135","1f56f8bc338f25376f7e23ce413536c5e4b3c5bed7e931079e8525b547288f01"
"tools\engine_gate.py","20879","6bf8e7dc7cad33235126fd184e299a9f8ac4194791d3a46831b9695285cc3d4a"
"tools\fetch_uzdoom.py","4901","86b8ca1fd167b6b7212ddda02f3881374e27cd006df370dc8d5ea09a9c44b399"
"tools\generate_standalone_data.py","2253","293c5e076c06cbb94d0f5a2aabf222d267a65f0a3e98382b135c838e861fde81"
"tools\hygiene_gate.py","3358","59ed180f9dd5f4e71f322e7393f68b418292e6b52ea5b1ada1574499b01eb31f"
"tools\make_audio.py","223","f101fab294d1b0480ebecfd0fbc365c96775e81cb0207ff407e8dfea189238b0"
"tools\make_map.py","21833","f05562fd5259d27e36bc7c4438f20f466a79cf7e5564f66fa8e942d573d8fa67"
"tools\make_placeholders.py","216","28779a28dfe0baaf420cb9aae26ae5da2d56729bc44536f3b3c163e792ae5270"
"tools\map_gate.py","4124","562837006340a53ba52c149fe01acfea7b54d7c2a3b2adc3e7501f77c3d1b833"
"tools\package_foundation.py","5081","a87142178a10c5db81d67cc377b5ecf538c6d031909543287e1e28b2d06752f9"
"tools\package_gate.py","6426","c285de6f739c4cec43995e7749bab8075a564c56746a5432a9e07a81b0f69b18"
"tools\package.ps1","356","dd01dac6943cafda183d31d3c3a1cea52e66d5928264c0c5ab873af12d74cf27"
"tools\record_game_video.py","17631","a7a87302b42b8d8bec0ac1d1acf5d8a75caf1b539865ee2ba2f270b7e024a2ae"
"tools\render_map_preview.py","6777","c83878c44f2eaa7598842a9b3bb22380f6aed09e275721553117b02fea3bb24d"
"tools\run.py","2875","89d06e8393d4750bf6e755e7bd2febaee1a89b48c23607fcb1ab5cdedeb14023"
"tools\runtime_contract_gate.py","4585","66cfc071cb846b271dbcdc82502660728dc7ae7fcd4ffaddda1d7d30eae7ba02"
"tools\save_gate.py","10518","18b27298a30fcd5a346051d164431cf43badd4d217d3850b09d106ee7b0241c6"
"tools\standalone_gate.py","6141","6d0f7fadbb396f3af11567183911a602a573f0745ed1c58b19ad0ada936732c8"
"tools\tests\test_engine_gate.py","3728","b72770b4e02445949cf7442610ae8ee7a16b9b37da376fdf66db4f977b2fd335"
"tools\tests\test_map_details.py","8575","0b2abf5276393c7c8669167b22e69d7e4e55c6145f4f16028a5870f104183f82"
"tools\tests\test_package_foundation.py","4956","9e7faaedf01394a21028dc4fdae9c6ebf64c254effd60b2bd46dfdae1a0ff842"
"tools\tests\test_save_gate.py","3503","755f9a546e1925bfe7d567d84cb85aa519ce0693b2a5fbeab2070df55018d95f"
"tools\tests\test_sound_mappings.py","1746","150ad47ded3fd226ee91c2b0b906ce9c77ca30baa7c47698f374a6000fcae91e"
"tools\validate.ps1","847","68482fec698d61d8bf1933592d7854022cbbc752d440de6ec5acdeaec85dc858"
"tools\weapon_contract_gate.py","2720","06f875cdef7ea31fcd2c0853e3faa1dc583761633ce33e337355177d1546f3df"
"tools\windows_common.ps1","2406","14c77ec4cae198272a611ae794891ab5ffafbe1a7a25aa672164d46cb62fa4fc"
"tools\zscript_gate.py","1194","25c59fec9e2ca526896f73d0ccb8f0edb6449c3380d9a867dc5d96c7f7ce45e5"
"vendor\uzdoom-5.0.1.json","777","68cadd34a962f1d61f667a88c92b76d5722c4e2dce212571e48814dfa808e01b"
"vendor\uzdoom\INSTALLED.json","267","9fa9ab89a3cf773c9347edd8377076e6f6972d24f7f30b553616b6d8be2a3db2"
"vendor\uzdoom\windows-5.0.1\brightmaps.pk3","246507","78426d26182b9d9b57e926e2e2fda7f4bac37c3c2cef99ffc28e61ae0bfa44e6"
"vendor\uzdoom\windows-5.0.1\game_support.pk3","2918042","dbe0ce0ed020ae7defa763e8f9875e40bfca5bf62e8385fca1f5f431f0a53657"
"vendor\uzdoom\windows-5.0.1\game_widescreen_gfx.pk3","5565904","1308b8bdade95b0d09e67f9d39828e88c10273f57f207242a0c84605b246b9c6"
"vendor\uzdoom\windows-5.0.1\licenses.zip","49762","ec8f62b3faf67cf752e9473a1dccfee52c33a7b960d648b6bbdb4674dea6921b"
"vendor\uzdoom\windows-5.0.1\lights.pk3","23637","c23e80d6d4deadbc344ff5a708d8b79673f4bad68d5e06daece3875eb77134c7"
"vendor\uzdoom\windows-5.0.1\uzdoom.pk3","7158423","f1a1d319b7e2c5db49b67fce737c2cc02a252dbbd11b2a4dffdef252968eb82a"
"vendor\uzdoom\Windows-UZDoom-Release-x86_64.zip","29332147","abc39ceea3d266d471e1b5db860c8e29edba4e7ebefc3ba60a9abec13138ef74"
